"Claim No","State","CLASS","Gender","Age","Claim Amount"
"H00001","STATE 14","C6 ","M",97,1134.44
"H00002","STATE 15","C6 ","M",,3761.24
"H00003","STATE 15","C11",,95,7842.31
"H00004","STATE 15","F6 ","F",,2384.67
"H00005","STATE 15","F6 ","M",95,650
"H00006","STATE 15","F6 ","M",,391.12
"H00007","STATE 15","C11","M",94,3775.83
"H00008","STATE 10","C6 ","M",94,415.35
"H00009","STATE 14","C11","M",,2283.56
"H00010","STATE 03","C11","M",93,665.48
"H00011","STATE 02","C6 ","M",93,414
"H00012","STATE 14","F11","M",93,285.94
"H00013","STATE 15","F6 ","M",,3488.99
"H00014","STATE 14","C6 ","M",92,2428
"H00015","STATE 15","C6 ","F",92,2049.26
"H00016","STATE 07","C6 ","F",92,1129.89
"H00017","STATE 02","C11","F",92,654
"H00018","STATE 03","C11","M",92,366.28
"H00019","STATE 14","F6 ","F",92,132.5
"H00020","STATE 15","C11","M",91,3890.07
"H00021","STATE 15","C11","M",91,2927.76
"H00022","STATE 15","C6 ","M",,2345.71
"H00023","STATE 15","C11","M",91,984.89
"H00024","STATE 04","C11","F",91,438.04
"H00025","STATE 04","C6 ","M",91,295.99
"H00026","STATE 15","C6 ","M",91,268.5
"H00027","STATE 02","C11","M",90,11756.34
"H00028","STATE 03","C6 ","F",90,8693.25
"H00029","STATE 15","F6 ","M",90,7261.51
"H00030","STATE 15","C6 ","F",,5663.66
"H00031","STATE 02","C11","M",90,3746.15
"H00032","STATE 01","F6 ","M",90,2607.82
"H00033","STATE 01","C6 ","F",,2402
"H00034","STATE 07","C6 ","F",90,2342.32
"H00035","STATE 17","C6 ","F",90,2104.31
"H00036","STATE 15","C11","M",90,1882.33
"H00037","STATE 15","C6 ","M",90,1418
"H00038","STATE 01","C6 ","M",90,1400
"H00039","STATE 15","C6 ","M",,1103.32
"H00040","STATE 15","C11","M",90,1092.1
"H00041","STATE 15","C1 ","M",90,1038.88
"H00042","STATE 02","C11","M",90,1013.06
"H00043","STATE 01","C11","M",,802.91
"H00044","STATE 04","C11","M",90,656.54
"H00045","STATE 07","C6 ","F",90,296.97
"H00046","STATE 15","C6 ","M",,267.43
"H00047","STATE 15","C1 ","F",90,249.1
"H00048","STATE 15","C1 ","F",90,187.79
"H00049","STATE 17","C6 ","M",89,59113.78
"H00050","STATE 15","C11","F",89,3681.48
"H00051","STATE 14","F1 ",,89,2836.69
"H00052","STATE 15","C6 ","M",89,2495.7
"H00053","STATE 04","C11","F",89,2250
"H00054","STATE 15","C6 ","M",89,1903.21
"H00055","STATE 03","C11","M",89,1678.27
"H00056","STATE 15","C6 ","F",89,1553.42
"H00057","STATE 17","C11","F",89,1157.42
"H00058","STATE 15","C11","M",89,1074.51
"H00059","STATE 15","C6 ","M",89,935.26
"H00060","STATE 17","C11","F",89,915.77
"H00061","STATE 15","C11","F",89,877.24
"H00062","STATE 07","C6 ","M",89,854.67
"H00063","STATE 02","C6 ","M",,785.25
"H00064","STATE 06","C6 ","M",,645.46
"H00065","STATE 15","C6 ","M",89,580.67
"H00066","STATE 03","C11","M",89,487.7
"H00067","STATE 06","C6 ","M",,479.37
"H00068","STATE 04","C11","F",89,328.09
"H00069","STATE 15","C6 ","M",89,275
"H00070","STATE 04","F6 ","M",,264.13
"H00071","STATE 15","C11","M",89,55
"H00072","STATE 03","C11","M",88,14833.3
"H00073","STATE 17","C11","F",88,3909.14
"H00074","STATE 12","C6 ","F",88,3876.6
"H00075","STATE 15","C6 ",,,3845
"H00076","STATE 15","C6 ","M",88,3106.54
"H00077","STATE 04","C11","F",88,3025
"H00078","STATE 15","C6 ","F",88,2750
"H00079","STATE 06","C6 ","F",88,2612.74
"H00080","STATE 02","C11","M",88,2057.77
"H00081","STATE 15","C6 ","M",88,1861.25
"H00082","STATE 15","C11","M",88,1773.92
"H00083","STATE 15","C6 ","M",88,1500
"H00084","STATE 15","F6 ","M",,1259.89
"H00085","STATE 17","C6 ","M",88,1250.85
"H00086","STATE 15","C1 ","F",88,1146.25
"H00087","STATE 12","C6 ","M",88,1030.83
"H00088","STATE 04","C1 ",,88,1008
"H00089","STATE 15","C6 ","M",,900
"H00090","STATE 15","C6 ","F",88,825.2
"H00091","STATE 15","C11","M",88,824.85
"H00092","STATE 03","C11","M",88,672.2
"H00093","STATE 04","C11","M",88,669.5
"H00094","STATE 15","F6 ","F",,664.34
"H00095","STATE 15","C11","M",88,646.08
"H00096","STATE 17","C6 ","M",88,641.15
"H00097","STATE 04","C11","M",88,586.43
"H00098","STATE 15","C11","M",88,581.64
"H00099","STATE 02","C11","M",88,428.97
"H00100","STATE 14","C11","M",88,408.39
"H00101","STATE 02","C6 ","F",87,8594.93
"H00102","STATE 07","C6 ","M",,5664.35
"H00103","STATE 15","C6 ","M",87,4494.59
"H00104","STATE 06","C1 ","M",87,4330.29
"H00105","STATE 17","C11","F",87,4235.53
"H00106","STATE 15","F6 ","M",87,3953.84
"H00107","STATE 03","C11","M",87,3841.66
"H00108","STATE 15","C6 ","M",87,3584.5
"H00109","STATE 02","C11","M",87,3121.37
"H00110","STATE 15","C6 ","M",87,2730.03
"H00111","STATE 04","C6 ","F",87,2700.03
"H00112","STATE 15","C11","M",87,2434.85
"H00113","STATE 15","F6 ","M",,1812.46
"H00114","STATE 15","C11","F",87,1683.52
"H00115","STATE 15","C6 ",,87,1665.51
"H00116","STATE 15","C11","M",87,1414.2
"H00117","STATE 15","C11","M",87,1250.4
"H00118","STATE 15","F6 ","M",,1145.95
"H00119","STATE 10","C11","M",87,1015.02
"H00120","STATE 04","C6 ","M",87,897.81
"H00121","STATE 17","F6 ",,87,865.9
"H00122","STATE 15","C6 ","M",87,800.16
"H00123","STATE 17","C11","M",87,711.34
"H00124","STATE 15","C6 ","F",87,705
"H00125","STATE 03","F1 ","M",87,670.34
"H00126","STATE 15","C11","F",87,580
"H00127","STATE 15","C6 ","F",87,540.07
"H00128","STATE 01","C6 ","M",,532.04
"H00129","STATE 13","C11","F",87,528.32
"H00130","STATE 07","C11","M",87,518.55
"H00131","STATE 03","C11","F",87,470.77
"H00132","STATE 15","C6 ","F",87,245.82
"H00133","STATE 17","C6 ","F",87,239.37
"H00134","STATE 15","C6 ","M",87,206.1
"H00135","STATE 07","C11","M",87,78.34
"H00136","STATE 15","C6 ","M",,30
"H00137","STATE 15","C6 ","F",,6384
"H00138","STATE 04","C6 ","F",86,
"H00139","STATE 15","C6 ","M",,4467.92
"H00140","STATE 13","C1 ",,86,3266.49
"H00141","STATE 04","F6 ","M",86,2798.26
"H00142","STATE 15","F6 ","M",86,2500
"H00143","STATE 15","C6 ","M",86,2474.4
"H00144","STATE 17","C11","F",86,2090.07
"H00145","STATE 15","C6 ","M",86,2031.61
"H00146","STATE 10","C11","F",86,1973.82
"H00147","STATE 15","C6 ","F",,1892.19
"H00148","STATE 15","C6 ","M",86,1887.92
"H00149","STATE 02","C11","M",86,1702.24
"H00150","STATE 10","C6 ","F",,1541.1
"H00151","STATE 15","C6 ","M",,1354.93
"H00152","STATE 02","F6 ","F",86,1302.65
"H00153","STATE 04","F6 ","M",86,1302.13
"H00154","STATE 02","C11","M",86,1263.51
"H00155","STATE 15","C6 ",,86,1092.8
"H00156","STATE 02","F6 ","F",86,1045
"H00157","STATE 02","C11","M",86,1008.53
"H00158","STATE 15","C6 ","M",86,879.3
"H00159","STATE 04","C11","M",86,811.51
"H00160","STATE 15","C6 ","F",86,701.52
"H00161","STATE 02","C11","M",86,625.52
"H00162","STATE 17","C11","M",86,557.18
"H00163","STATE 15","F6 ","M",86,519.75
"H00164","STATE 02","F6 ","F",86,499.59
"H00165","STATE 02","C1 ","M",86,499.28
"H00166","STATE 15","F11",,86,484.03
"H00167","STATE 15","F6 ","F",,435
"H00168","STATE 02","F11","M",86,402.32
"H00169","STATE 17","F6 ","F",86,376
"H00170","STATE 15","C6 ","F",,365.26
"H00171","STATE 15","C6 ","F",86,357
"H00172","STATE 03","C6 ","M",,351.38
"H00173","STATE 14","C6 ",,86,333.37
"H00174","STATE 04","F6 ","M",,329.16
"H00175","STATE 17","C6 ","F",86,322.34
"H00176","STATE 03","C11","F",86,318.07
"H00177","STATE 15","C6 ","F",,239.4
"H00178","STATE 14","C11","M",86,196.1
"H00179","STATE 01","C6 ","M",86,122.41
"H00180","STATE 15","C6 ","F",86,71.19
"H00181","STATE 15","C6 ","F",85,12234.82
"H00182","STATE 17","C11",,85,10829.25
"H00183","STATE 14","C6 ","F",85,10630.81
"H00184","STATE 01","C11","M",,10524.64
"H00185","STATE 15","F6 ","M",85,
"H00186","STATE 15","C11","M",85,7186.92
"H00187","STATE 17","C6 ","M",85,6854.02
"H00188","STATE 15","C11","M",85,
"H00189","STATE 06","C11","F",85,6130.31
"H00190","STATE 12","C6 ","F",85,
"H00191","STATE 02","C6 ","F",85,
"H00192","STATE 15","C6 ","F",85,3783.74
"H00193","STATE 06","C6 ","F",,3735.9
"H00194","STATE 15","F6 ","M",85,3610.27
"H00195","STATE 15","F6 ","M",,3549.95
"H00196","STATE 15","C11",,85,3425.62
"H00197","STATE 02","F6 ","F",,3376.9
"H00198","STATE 12","C6 ","M",85,3206.76
"H00199","STATE 15","C6 ","F",,2788.24
"H00200","STATE 15","C6 ","M",,2764.49
"H00201","STATE 02","C6 ","M",85,2724.04
"H00202","STATE 15","C6 ","M",,2334.58
"H00203","STATE 15","F6 ","M",85,2300
"H00204","STATE 15","C11","F",,2269
"H00205","STATE 04","C6 ","F",85,2249.45
"H00206","STATE 04","C11","M",85,2169.88
"H00207","STATE 02","C11","M",,2015.32
"H00208","STATE 15","C6 ","M",85,1929.81
"H00209","STATE 17","F6 ","F",85,1924.69
"H00210","STATE 15","C6 ","M",85,1638.49
"H00211","STATE 15","C11","M",85,1209.52
"H00212","STATE 02","C11","F",85,1200
"H00213","STATE 14","C11","M",85,1134.63
"H00214","STATE 15","C11","F",85,1061.8
"H00215","STATE 04","C11","M",85,1056.18
"H00216","STATE 04","C6 ","M",85,1006.41
"H00217","STATE 15","F6 ","M",85,989.28
"H00218","STATE 15","F6 ","M",85,970.31
"H00219","STATE 17","C11","F",85,945.8
"H00220","STATE 02","C11","M",85,899.13
"H00221","STATE 04","C11","F",85,892.6
"H00222","STATE 15","C6 ","F",85,865.12
"H00223","STATE 06","C11","M",85,782.2
"H00224","STATE 04","F6 ","M",85,774.68
"H00225","STATE 03","C11","F",85,742.91
"H00226","STATE 06","C1 ","M",85,683.57
"H00227","STATE 04","C1 ","F",85,666.33
"H00228","STATE 02","C6 ","F",,649.74
"H00229","STATE 02","C6 ","M",85,628.19
"H00230","STATE 17","C11","F",85,503.78
"H00231","STATE 02","C6 ","M",85,498.74
"H00232","STATE 04","C11","M",85,444.39
"H00233","STATE 03","C11","F",85,405.39
"H00234","STATE 15","C1 ","F",85,382.33
"H00235","STATE 07","C6 ","M",,304.22
"H00236","STATE 01","F6 ",,,274.8
"H00237","STATE 03","C11","F",85,248.49
"H00238","STATE 15","C6 ","F",85,195.3
"H00239","STATE 02","C6 ","M",,193.23
"H00240","STATE 15","F6 ","F",85,187.72
"H00241","STATE 15","C6 ","F",,179.55
"H00242","STATE 15","C6 ","F",,135.67
"H00243","STATE 02","C6 ","M",,101.16
"H00244","STATE 15","C6 ",,85,86.43
"H00245","STATE 03","C1 ","M",84,14639.15
"H00246","STATE 12","C1 ","F",84,11010.46
"H00247","STATE 07","C1B","M",84,10174.4
"H00248","STATE 06","F6 ","M",84,9475.74
"H00249","STATE 07","C11","F",84,
"H00250","STATE 15","C11","M",84,8124.98
"H00251","STATE 04","C11","F",84,7833.52
"H00252","STATE 06","C11","M",84,7610
"H00253","STATE 17","C11","M",84,7326.67
"H00254","STATE 17","F6 ","M",84,
"H00255","STATE 15","C6 ","M",,
"H00256","STATE 02","C6 ","M",,5301.72
"H00257","STATE 15","C6 ","M",,4831.97
"H00258","STATE 10","C6 ","F",84,4476.68
"H00259","STATE 15","C11","M",84,4076.88
"H00260","STATE 06","C6 ","M",84,3740.21
"H00261","STATE 02","C11","M",84,3596.5
"H00262","STATE 15","C6 ","M",,3043
"H00263","STATE 04","C11","M",84,2606.03
"H00264","STATE 02","C1 ","M",84,2589.5
"H00265","STATE 17","C6 ","F",,2528.13
"H00266","STATE 03","F6 ","M",84,2501.97
"H00267","STATE 15","C11","M",84,2322.72
"H00268","STATE 15","C1 ","M",84,2133.62
"H00269","STATE 04","C11","M",84,1944.45
"H00270","STATE 06","C11","M",,1879.54
"H00271","STATE 12","C1 ","F",84,1522.65
"H00272","STATE 14","C6 ","F",,1491.69
"H00273","STATE 10","C6 ","F",84,1485.52
"H00274","STATE 12","C6 ","F",,1472.05
"H00275","STATE 01","F6 ","M",,1314.4
"H00276","STATE 15","F6 ","F",84,1223.3
"H00277","STATE 15","C6 ","M",,1106.86
"H00278","STATE 04","C11","M",,1032.14
"H00279","STATE 04","C11","F",84,1015.62
"H00280","STATE 15","C11","F",84,953.72
"H00281","STATE 02","C11","F",84,937.96
"H00282","STATE 07","C11","M",84,906.62
"H00283","STATE 17","C6 ","M",84,836.78
"H00284","STATE 02","C6 ","M",84,820.64
"H00285","STATE 01","C6 ","M",84,774.87
"H00286","STATE 10","C6 ","F",84,696.57
"H00287","STATE 10","C6 ","F",,687.56
"H00288","STATE 02","C11","F",84,685.88
"H00289","STATE 15","C6 ","M",84,581.7
"H00290","STATE 15","C6 ","M",84,570.89
"H00291","STATE 15","C1 ","F",84,548.94
"H00292","STATE 04","F6 ","M",,522.75
"H00293","STATE 04","C11","M",84,517.97
"H00294","STATE 03","C11","M",84,504.46
"H00295","STATE 14","C1 ","M",84,491.4
"H00296","STATE 15","C11","M",84,479
"H00297","STATE 15","C6 ","F",84,462.17
"H00298","STATE 01","C6 ","M",84,451.53
"H00299","STATE 07","C1B","M",84,426.19
"H00300","STATE 02","F6 ","M",,403.61
"H00301","STATE 15","C6 ","F",84,398.95
"H00302","STATE 15","C6 ","F",84,393
"H00303","STATE 02","C11","M",84,368.32
"H00304","STATE 02","C6 ","F",84,363.75
"H00305","STATE 15","C6 ","M",,359.44
"H00306","STATE 02","C11","M",84,356.07
"H00307","STATE 12","C6 ","M",,343.25
"H00308","STATE 15","C11","M",84,340.03
"H00309","STATE 15","C11","M",84,339.51
"H00310","STATE 04","C11","M",84,305.69
"H00311","STATE 04","C11","F",84,288.3
"H00312","STATE 14","C6 ","F",,266.8
"H00313","STATE 13","C6 ","M",84,224.6
"H00314","STATE 02","C6 ","F",84,186.97
"H00315","STATE 06","C6 ","M",,143.7
"H00316","STATE 10","F6 ","F",,125
"H00317","STATE 04","C6 ","M",83,12124.64
"H00318","STATE 15","C1 ","M",,11051.5
"H00319","STATE 04","C11","F",83,11043.09
"H00320","STATE 12","C6 ","M",83,8324.07
"H00321","STATE 02","C11","M",83,7885.15
"H00322","STATE 15","F11","F",83,7834.57
"H00323","STATE 17","C11","M",83,7415.03
"H00324","STATE 15","C11","M",83,6180.88
"H00325","STATE 15","C11","F",83,4369.38
"H00326","STATE 15","C1 ","F",83,3992.63
"H00327","STATE 15","C11","F",83,3651.67
"H00328","STATE 15","C6 ","F",83,3634.26
"H00329","STATE 03","C11","F",83,3599.2
"H00330","STATE 15","C6 ","M",83,3505.61
"H00331","STATE 03","C11","M",83,3112.89
"H00332","STATE 15","C6 ","M",83,3092.83
"H00333","STATE 12","C1B","F",83,2683.16
"H00334","STATE 15","C11","F",83,2606
"H00335","STATE 15","C6 ","M",83,2520
"H00336","STATE 02","C11","M",83,2500
"H00337","STATE 15","C6 ",,83,2460.3
"H00338","STATE 04","C11","M",83,2253.16
"H00339","STATE 15","C6 ","F",83,2229.05
"H00340","STATE 15","C11","F",83,2130.6
"H00341","STATE 04","F6 ","M",83,2049
"H00342","STATE 15","C6 ","M",,1994.56
"H00343","STATE 15","C11","M",83,1921.22
"H00344","STATE 15","C6 ","M",83,1701.82
"H00345","STATE 15","C1 ","M",83,1472.87
"H00346","STATE 15","C11","M",83,1468.48
"H00347","STATE 15","C11","M",83,1444.89
"H00348","STATE 07","C6 ","M",83,1392.52
"H00349","STATE 17","C11","F",83,1368.76
"H00350","STATE 17","C6 ","M",,1346.36
"H00351","STATE 17","C11","F",83,1335.27
"H00352","STATE 15","C1 ","F",83,1304.64
"H00353","STATE 04","F11","M",83,1275
"H00354","STATE 17","C11","F",83,1264.87
"H00355","STATE 15","C6 ","F",,1231.08
"H00356","STATE 13","C11","M",83,1073.61
"H00357","STATE 06","C6 ","M",83,1028.87
"H00358","STATE 15","C6 ","F",83,997.05
"H00359","STATE 15","C1 ","M",83,944.7
"H00360","STATE 15","C6 ","F",83,910.68
"H00361","STATE 03","C11","M",83,904.68
"H00362","STATE 15","C6 ","F",,872.18
"H00363","STATE 15","C6 ","M",83,868.69
"H00364","STATE 17","C11","M",83,801.39
"H00365","STATE 15","C11","M",83,772.23
"H00366","STATE 12","C6 ","M",,764.1
"H00367","STATE 15","C6 ","M",83,730.53
"H00368","STATE 15","C11","M",83,714.55
"H00369","STATE 01","F6 ","M",,708.92
"H00370","STATE 04","C11","M",83,701.82
"H00371","STATE 15","C6 ","M",83,688.67
"H00372","STATE 15","C11","M",83,685.59
"H00373","STATE 02","F6 ","M",83,640.86
"H00374","STATE 15","C6 ","M",83,596
"H00375","STATE 15","C6 ","M",83,565.39
"H00376","STATE 15","C11","M",83,557.57
"H00377","STATE 15","C6 ","M",,549.96
"H00378","STATE 06","C6 ","M",83,515
"H00379","STATE 15","C11","M",83,505
"H00380","STATE 04","C11","M",83,495.48
"H00381","STATE 07","C6 ","F",83,461.84
"H00382","STATE 02","C11","M",83,456.56
"H00383","STATE 02","C11","F",83,447.66
"H00384","STATE 04","C11","M",,362.63
"H00385","STATE 15","C1 ","M",83,359.41
"H00386","STATE 15","F6 ","M",83,358.47
"H00387","STATE 14","C6 ",,83,358.46
"H00388","STATE 02","C6 ","F",83,354.29
"H00389","STATE 02","F11","M",83,354.27
"H00390","STATE 15","C6 ",,83,332.84
"H00391","STATE 02","C1 ",,83,331.59
"H00392","STATE 15","C11","M",83,322.41
"H00393","STATE 15","C6 ","M",,264.6
"H00394","STATE 17","C6 ","M",83,262.81
"H00395","STATE 02","C1 ","F",83,250
"H00396","STATE 02","C6 ","F",83,244.11
"H00397","STATE 14","C1 ","F",83,226.41
"H00398","STATE 15","C6 ","F",,119.98
"H00399","STATE 15","C6 ","F",83,53.7
"H00400","STATE 15","C6 ","M",82,9619.48
"H00401","STATE 02","F6 ","F",82,
"H00402","STATE 06","C1 ","F",82,
"H00403","STATE 15","C6 ","F",82,7444.98
"H00404","STATE 06","C6 ","M",82,6621.64
"H00405","STATE 15","C6 ","F",82,6460.23
"H00406","STATE 15","C6 ","M",,
"H00407","STATE 03","C6 ","F",82,5871.55
"H00408","STATE 15","C6 ","M",82,5792.79
"H00409","STATE 04","F1 ","F",82,5748.28
"H00410","STATE 02","C6 ","M",82,
"H00411","STATE 04","C1 ","M",82,5390.83
"H00412","STATE 02","C6 ","F",82,4318.67
"H00413","STATE 15","C1B","M",82,4218.09
"H00414","STATE 15","C1 ","F",,
"H00415","STATE 13","C11","M",82,4043.46
"H00416","STATE 15","C6 ","M",,3367.26
"H00417","STATE 06","C6 ","M",,3234.22
"H00418","STATE 15","C11","M",82,3118.5
"H00419","STATE 12","C6 ","F",82,3023
"H00420","STATE 01","C6 ","M",,2983.48
"H00421","STATE 12","C6 ","F",,2815.14
"H00422","STATE 15","C11","M",82,2495.8
"H00423","STATE 15","C6 ","F",82,2362.89
"H00424","STATE 14","C11","F",82,2288
"H00425","STATE 15","C11","F",82,2007.78
"H00426","STATE 07","C6 ","F",82,1936.69
"H00427","STATE 02","C6 ","M",,1816.41
"H00428","STATE 17","C6 ","F",82,1595.67
"H00429","STATE 02","C11","F",82,1553.53
"H00430","STATE 01","F6 ","M",82,1500
"H00431","STATE 12","C6 ","M",,1463.34
"H00432","STATE 15","C1 ","F",82,1441.76
"H00433","STATE 15","C11","M",82,1388.48
"H00434","STATE 14","C6 ","M",82,1384.13
"H00435","STATE 02","C6 ","F",82,1298.89
"H00436","STATE 02","C11","F",82,1278.84
"H00437","STATE 15","C11","M",82,1176.97
"H00438","STATE 15","C6 ","M",82,1139.6
"H00439","STATE 04","C11","F",82,1113.15
"H00440","STATE 14","F1 ","M",82,1111.55
"H00441","STATE 07","C11","M",82,1061.67
"H00442","STATE 03","C6 ","M",82,1061.34
"H00443","STATE 15","C6 ",,,1039.33
"H00444","STATE 15","C11","M",82,1029
"H00445","STATE 02","C11",,82,1007.6
"H00446","STATE 15","C6 ","M",82,1000
"H00447","STATE 02","C6 ","F",82,958.34
"H00448","STATE 02","C11","M",82,952.05
"H00449","STATE 15","C11","M",82,921.93
"H00450","STATE 04","C11","F",82,870.19
"H00451","STATE 04","C6 ","F",,821.81
"H00452","STATE 15","C6 ","M",82,806.61
"H00453","STATE 17","C6 ","F",82,761.19
"H00454","STATE 15","C6 ","M",,746.89
"H00455","STATE 04","C11","M",82,733.99
"H00456","STATE 15","C11","M",82,724.77
"H00457","STATE 15","C11","F",82,713.42
"H00458","STATE 10","C11","F",82,688.55
"H00459","STATE 15","C6 ","F",,688.3
"H00460","STATE 04","C11","M",82,685.13
"H00461","STATE 02","C6 ","M",82,644.87
"H00462","STATE 03","C6 ","F",82,640.85
"H00463","STATE 02","C6 ","F",82,638.2
"H00464","STATE 15","C6 ","F",82,618.13
"H00465","STATE 17","C11","M",82,595.65
"H00466","STATE 04","F1 ","F",82,512.28
"H00467","STATE 15","C1 ","F",82,507.31
"H00468","STATE 06","C11",,82,502.28
"H00469","STATE 07","C11","F",82,489.86
"H00470","STATE 15","C6 ","F",,489.1
"H00471","STATE 15","C6 ","F",82,485.66
"H00472","STATE 15","F6 ","M",82,443.1
"H00473","STATE 14","F6 ","M",82,420.14
"H00474","STATE 15","C6 ","F",82,411.9
"H00475","STATE 15","C6 ","F",,293.75
"H00476","STATE 17","C6 ","F",,257.41
"H00477","STATE 17","C6 ","F",82,248.86
"H00478","STATE 03","C11","M",82,189.84
"H00479","STATE 02","C6 ","F",,188.61
"H00480","STATE 06","C6 ","M",82,152.41
"H00481","STATE 17","C11","M",82,150.01
"H00482","STATE 02","C11","F",82,117.4
"H00483","STATE 15","C1 ","M",82,68
"H00484","STATE 04","C11","M",82,42.32
"H00485","STATE 02","C1 ","M",81,12714.43
"H00486","STATE 15","C6 ","M",,10116.07
"H00487","STATE 15","F6 ","M",81,9704.25
"H00488","STATE 02","C1B","M",81,8523.02
"H00489","STATE 06","C6 ","M",81,7063.08
"H00490","STATE 17","C1 ","F",81,5881.62
"H00491","STATE 04","C11","F",81,4962.54
"H00492","STATE 11","C6 ","F",81,4635
"H00493","STATE 15","C6 ","M",81,4516.61
"H00494","STATE 17","C11","F",81,4387.11
"H00495","STATE 06","C6 ","F",,
"H00496","STATE 15","C6 ","M",,4098.25
"H00497","STATE 15","C6 ","F",81,3334.19
"H00498","STATE 15","C6 ","M",81,3076.32
"H00499","STATE 15","C6 ","F",81,2866.99
"H00500","STATE 07","C6 ","M",81,2786.21
"H00501","STATE 06","C11","F",81,2679.55
"H00502","STATE 15","C6 ","F",81,2591.51
"H00503","STATE 15","C6 ","M",,2500
"H00504","STATE 15","C6 ","M",,2440.38
"H00505","STATE 15","C11","F",81,2425
"H00506","STATE 15","C11","F",81,2330
"H00507","STATE 15","C6 ","M",81,2266
"H00508","STATE 06","C6 ","F",81,2203.94
"H00509","STATE 15","C6 ","F",81,2186.7
"H00510","STATE 17","C11","F",81,2144.46
"H00511","STATE 15","C11","M",81,1972.9
"H00512","STATE 04","C11","M",81,1949.14
"H00513","STATE 17","C6 ","F",81,1887.98
"H00514","STATE 15","C6 ","M",81,1852.5
"H00515","STATE 15","C6 ","M",81,1834.35
"H00516","STATE 06","C1B","M",81,1765.83
"H00517","STATE 15","C6 ","M",81,1722.82
"H00518","STATE 15","C6 ","M",81,1705
"H00519","STATE 03","C11","M",81,1699.52
"H00520","STATE 15","C6 ","F",81,1595.28
"H00521","STATE 15","C6 ","M",81,1539.07
"H00522","STATE 17","C6 ","M",81,1494.41
"H00523","STATE 10","C1 ","M",,1476.43
"H00524","STATE 02","C6 ","F",,1465.95
"H00525","STATE 15","C6 ",,81,1460.96
"H00526","STATE 15","C6 ","F",,1460.2
"H00527","STATE 15","C11","M",81,1458.13
"H00528","STATE 04","C11","M",81,1371.66
"H00529","STATE 02","C11","M",81,1370.45
"H00530","STATE 04","C11",,81,1349.86
"H00531","STATE 04","C11","M",81,1327.24
"H00532","STATE 15","C6 ","F",81,1256.02
"H00533","STATE 07","C6 ","F",,1253.41
"H00534","STATE 15","C6 ","M",81,1216.32
"H00535","STATE 01","C6 ","M",,1172.96
"H00536","STATE 15","F6 ","M",,1119.52
"H00537","STATE 04","C11","F",81,1115.91
"H00538","STATE 12","C6 ",,81,1077.66
"H00539","STATE 02","C6 ","M",81,1072.24
"H00540","STATE 02","C11","M",81,1064.77
"H00541","STATE 02","C1 ","M",81,1051.47
"H00542","STATE 03","C11","M",,1025.02
"H00543","STATE 02","C6 ","F",81,1018.5
"H00544","STATE 15","C11","M",81,990.07
"H00545","STATE 01","F11","M",,988.75
"H00546","STATE 15","C11","M",81,987.73
"H00547","STATE 10","C6 ","F",81,987
"H00548","STATE 15","C11","F",81,966.85
"H00549","STATE 15","C6 ","F",81,961.55
"H00550","STATE 03","C6 ","M",81,924.61
"H00551","STATE 06","C11","F",81,904.84
"H00552","STATE 15","C6 ","F",,887.04
"H00553","STATE 03","F6 ","M",81,856.26
"H00554","STATE 01","C11","M",81,853.88
"H00555","STATE 15","C6 ","F",,822.2
"H00556","STATE 15","C1 ","M",81,782.44
"H00557","STATE 02","C11","F",81,729.32
"H00558","STATE 15","C6 ","F",,706.22
"H00559","STATE 15","C1 ","F",81,700
"H00560","STATE 04","C11","M",81,699.49
"H00561","STATE 17","F6 ","F",81,677.76
"H00562","STATE 14","C1 ","M",81,646.17
"H00563","STATE 02","C11","M",81,629.84
"H00564","STATE 15","C11","F",81,604.75
"H00565","STATE 02","C11","M",81,601.23
"H00566","STATE 15","C11","F",81,596.32
"H00567","STATE 04","C6 ","F",81,563.78
"H00568","STATE 15","C6 ","F",81,563.58
"H00569","STATE 03","C11","M",81,527.81
"H00570","STATE 02","F6 ","M",81,500.37
"H00571","STATE 15","C1B","M",81,492.56
"H00572","STATE 15","C11","M",,477.96
"H00573","STATE 04","C11","M",,459
"H00574","STATE 14","F6 ","M",81,414.34
"H00575","STATE 03","C11","M",81,408.9
"H00576","STATE 04","C11","F",81,407.66
"H00577","STATE 17","C6 ","M",81,397.99
"H00578","STATE 03","C11","F",81,397.51
"H00579","STATE 15","C11","F",81,380
"H00580","STATE 14","C1 ","M",81,377.36
"H00581","STATE 02","C11","F",81,368.93
"H00582","STATE 15","C6 ",,81,356.25
"H00583","STATE 15","C11",,81,329.98
"H00584","STATE 15","C1 ","M",81,319.67
"H00585","STATE 15","C6 ","F",,317.56
"H00586","STATE 13","C1 ","M",81,309.39
"H00587","STATE 06","C6 ","M",81,297.49
"H00588","STATE 15","C6 ",,81,294.84
"H00589","STATE 17","C6 ","M",,279.1
"H00590","STATE 15","C1B","F",81,244.4
"H00591","STATE 03","C11","F",81,201.81
"H00592","STATE 15","C6 ","F",81,200
"H00593","STATE 04","F6 ","M",,196
"H00594","STATE 17","F6 ","M",81,176.07
"H00595","STATE 10","F6 ","F",,169.5
"H00596","STATE 15","C11","M",81,161.43
"H00597","STATE 17","F6 ","F",81,154.75
"H00598","STATE 11","C11",,81,146.11
"H00599","STATE 15","C6 ","M",81,79.59
"H00600","STATE 15","C6 ","M",,28083.99
"H00601","STATE 15","C6 ","M",,
"H00602","STATE 15","C11","F",80,
"H00603","STATE 03","C6 ",,,9811.3
"H00604","STATE 02","F6 ","F",,8493.76
"H00605","STATE 15","C11","M",80,6132.24
"H00606","STATE 15","C6 ","M",80,5037.9
"H00607","STATE 03","C11","M",80,4885.08
"H00608","STATE 15","C6 ","F",80,3978.09
"H00609","STATE 15","C6 ","F",80,3846.07
"H00610","STATE 17","F6 ","M",80,3809.83
"H00611","STATE 06","C1 ","M",80,0
"H00612","STATE 02","C11","M",80,3222.66
"H00613","STATE 03","C11","F",80,2997.83
"H00614","STATE 14","F6 ","M",80,2750
"H00615","STATE 02","C6 ","M",80,2607.81
"H00616","STATE 13","C11","M",80,2511.41
"H00617","STATE 17","C11","M",80,2254.87
"H00618","STATE 15","C6 ","M",80,2179.51
"H00619","STATE 13","C6 ","F",80,2149.17
"H00620","STATE 15","C6 ","M",80,1975
"H00621","STATE 17","C6 ","F",80,1897.85
"H00622","STATE 02","C6 ","M",80,1857.92
"H00623","STATE 15","C6 ","F",80,1697.72
"H00624","STATE 01","F6 ","M",80,1619.1
"H00625","STATE 02","C11",,80,1513.56
"H00626","STATE 04","C11","F",80,1500.65
"H00627","STATE 07","C6 ","M",,1488.14
"H00628","STATE 15","C11","M",80,1442.94
"H00629","STATE 15","C6 ",,80,1437.68
"H00630","STATE 15","C6 ","M",,1350.04
"H00631","STATE 04","C6 ","F",,1237.06
"H00632","STATE 14","C6 ","M",,1200
"H00633","STATE 15","C6 ","M",,1122.33
"H00634","STATE 02","F6 ","M",80,1113.38
"H00635","STATE 15","C1 ","M",80,1082.25
"H00636","STATE 06","C6 ","F",80,1059.58
"H00637","STATE 17","C11","M",80,1037.14
"H00638","STATE 14","C6 ","F",,1000.03
"H00639","STATE 17","C11","M",80,957.72
"H00640","STATE 12","C11","F",80,954.6
"H00641","STATE 14","F6 ","M",,953.15
"H00642","STATE 12","C6 ","M",80,917.88
"H00643","STATE 02","C6 ","M",80,903.93
"H00644","STATE 02","C11","M",80,870.6
"H00645","STATE 15","C6 ","F",80,860.34
"H00646","STATE 15","C6 ","M",80,849.68
"H00647","STATE 01","C6 ","F",,846.97
"H00648","STATE 02","C6 ","M",80,842.8
"H00649","STATE 02","C6 ","F",80,818.55
"H00650","STATE 10","C11","M",80,787.62
"H00651","STATE 04","C6 ","M",80,783.6
"H00652","STATE 17","F6 ","F",80,766.4
"H00653","STATE 17","C11","F",80,743.42
"H00654","STATE 03","C1 ","M",80,706.58
"H00655","STATE 15","C6 ","F",,703.76
"H00656","STATE 02","C6 ","F",80,677.88
"H00657","STATE 02","C1 ","F",80,673.76
"H00658","STATE 15","C6 ","F",80,663.17
"H00659","STATE 15","C11","M",80,640.4
"H00660","STATE 02","F6 ","M",,633.48
"H00661","STATE 14","F6 ","M",80,619.06
"H00662","STATE 01","F1 ","F",80,605.43
"H00663","STATE 07","C6 ","F",80,600
"H00664","STATE 06","C2 ","M",80,544.9
"H00665","STATE 15","C6 ","F",,497.35
"H00666","STATE 02","C11","F",80,465.45
"H00667","STATE 15","C6 ","M",80,454.65
"H00668","STATE 06","C1B","F",80,419.18
"H00669","STATE 04","C11","F",80,408.73
"H00670","STATE 15","C6 ","F",,399.29
"H00671","STATE 15","C11","M",80,371.6
"H00672","STATE 15","C6 ",,80,370.79
"H00673","STATE 17","C11","F",80,366.19
"H00674","STATE 03","C11","F",80,342.08
"H00675","STATE 03","C11","M",80,312.58
"H00676","STATE 15","C11","M",80,308.7
"H00677","STATE 17","C11","M",80,298.62
"H00678","STATE 02","C11","M",80,220
"H00679","STATE 15","C6 ","M",80,220
"H00680","STATE 12","C6 ","M",80,208.85
"H00681","STATE 02","C6 ","F",,206.05
"H00682","STATE 15","C6 ","M",80,189.06
"H00683","STATE 15","C11","F",80,175
"H00684","STATE 15","C6 ","M",80,160.2
"H00685","STATE 17","C11","F",80,133.75
"H00686","STATE 15","C2 ","M",80,130.94
"H00687","STATE 15","C1 ","F",80,105.5
"H00688","STATE 15","C6 ","M",80,81.24
"H00689","STATE 15","C6 ","F",80,75
"H00690","STATE 02","C6 ","M",80,65.84
"H00691","STATE 15","C6 ","F",,35.45
"H00692","STATE 02","C6 ","M",80,35
"H00693","STATE 12","C1B","F",80,25
"H00694","STATE 15","F11","M",,23015.61
"H00695","STATE 12","C1 ",,79,
"H00696","STATE 12","C6 ","F",79,8323.31
"H00697","STATE 15","C6 ","M",79,7085.35
"H00698","STATE 15","C1 ","F",,
"H00699","STATE 15","C1 ","F",79,6751.49
"H00700","STATE 04","C11","M",79,6419.37
"H00701","STATE 17","C6 ","F",79,6291.84
"H00702","STATE 10","F6 ","M",79,
"H00703","STATE 15","C6 ","M",79,5601.33
"H00704","STATE 15","C6 ","M",,
"H00705","STATE 15","C6 ","F",79,5262.48
"H00706","STATE 15","C6 ","M",79,4921.14
"H00707","STATE 15","C11","M",79,
"H00708","STATE 14","C6 ","M",,4096.58
"H00709","STATE 02","C11","M",79,3749.91
"H00710","STATE 02","C1 ","M",79,3708.88
"H00711","STATE 14","F6 ",,79,3471.25
"H00712","STATE 15","C6 ","M",79,3334.65
"H00713","STATE 15","C6 ","F",79,3126.33
"H00714","STATE 15","C11","F",79,3009.29
"H00715","STATE 15","C1 ","M",79,2458.07
"H00716","STATE 04","C6 ","M",,2425.62
"H00717","STATE 06","C1 ","M",79,2360.95
"H00718","STATE 15","C6 ","M",79,2360.87
"H00719","STATE 15","C6 ","M",,2173.7
"H00720","STATE 02","C11","M",79,2011.26
"H00721","STATE 15","F6 ","M",,1954.97
"H00722","STATE 04","C11","F",79,1937.14
"H00723","STATE 06","C1 ","F",79,1764.25
"H00724","STATE 15","C6 ","F",79,1755.95
"H00725","STATE 01","F6 ","M",79,1724.86
"H00726","STATE 17","F6 ","M",,1690.5
"H00727","STATE 04","C11","M",79,1614
"H00728","STATE 17","C11","F",79,1515.02
"H00729","STATE 15","C6 ","F",,1445.35
"H00730","STATE 04","C11","M",79,1443.65
"H00731","STATE 17","C11","M",79,1433.45
"H00732","STATE 14","C1 ","M",79,1404.12
"H00733","STATE 15","C6 ","F",79,1288.76
"H00734","STATE 15","C6 ","F",79,1279.43
"H00735","STATE 15","C11","M",79,1271.81
"H00736","STATE 02","C6 ","M",,1250
"H00737","STATE 17","C6 ","M",,1176.91
"H00738","STATE 15","C1 ","M",79,1170.56
"H00739","STATE 15","C6 ","M",79,1160.63
"H00740","STATE 15","C6 ","M",,1113.92
"H00741","STATE 04","C6 ","F",79,1098.37
"H00742","STATE 15","C6 ","M",,1051.93
"H00743","STATE 15","C6 ","M",,1048.32
"H00744","STATE 15","C6 ","F",79,998.28
"H00745","STATE 15","C11","M",79,987.19
"H00746","STATE 15","C6 ","F",,959.81
"H00747","STATE 17","C11","F",79,928.81
"H00748","STATE 04","C11","F",79,914.62
"H00749","STATE 02","C11","F",79,897.41
"H00750","STATE 15","C6 ","F",79,891.44
"H00751","STATE 15","C6 ","F",79,853.46
"H00752","STATE 15","C1B","M",79,830.26
"H00753","STATE 02","C11","F",79,821.48
"H00754","STATE 02","C6 ","M",79,821
"H00755","STATE 12","C6 ","M",79,818.79
"H00756","STATE 17","C11","F",79,796.55
"H00757","STATE 15","C11","F",79,779.25
"H00758","STATE 06","C6 ","M",,773.72
"H00759","STATE 04","C11","F",79,705.2
"H00760","STATE 06","C11","F",79,659
"H00761","STATE 02","C11","M",79,658.98
"H00762","STATE 15","C6 ",,79,651.57
"H00763","STATE 01","F6 ","M",,646.79
"H00764","STATE 03","C11","F",79,616.53
"H00765","STATE 15","C6 ","M",,603.09
"H00766","STATE 15","C6 ","M",79,600.83
"H00767","STATE 03","C11","F",79,586.25
"H00768","STATE 17","C6 ",,,584.61
"H00769","STATE 12","C6 ","M",79,557.96
"H00770","STATE 15","F6 ","M",79,525
"H00771","STATE 02","C6 ","M",79,485.9
"H00772","STATE 04","C11","M",79,481
"H00773","STATE 15","C6 ","M",79,466.8
"H00774","STATE 02","C11","M",79,457.64
"H00775","STATE 07","C11","F",79,450.11
"H00776","STATE 15","C6 ","F",79,437.03
"H00777","STATE 02","C11","M",79,417.04
"H00778","STATE 15","C6 ","M",79,403.97
"H00779","STATE 15","C6 ","F",,399.9
"H00780","STATE 15","C11","F",79,395.01
"H00781","STATE 15","C6 ","F",79,371.63
"H00782","STATE 15","C11","F",79,365.5
"H00783","STATE 02","C6 ","M",,363.93
"H00784","STATE 15","C6 ","M",,355
"H00785","STATE 10","C11","F",79,319.48
"H00786","STATE 15","C6 ","M",,317.5
"H00787","STATE 03","C11","F",79,302.45
"H00788","STATE 15","C6 ","M",79,300
"H00789","STATE 02","C6 ","M",79,299.63
"H00790","STATE 15","C1 ","M",79,297.28
"H00791","STATE 14","C6 ","M",79,295.27
"H00792","STATE 15","C6 ","M",,280.05
"H00793","STATE 03","C11","M",79,275.43
"H00794","STATE 15","C11","M",79,233.42
"H00795","STATE 06","C6 ","F",79,218.48
"H00796","STATE 01","C6 ","M",,196.81
"H00797","STATE 15","C6 ",,79,146.56
"H00798","STATE 15","C6 ","M",79,115.61
"H00799","STATE 15","C11","F",79,100
"H00800","STATE 13","C11","M",,94.5
"H00801","STATE 15","C6 ","M",79,50
"H00802","STATE 02","C11","F",79,37.9
"H00803","STATE 03","C11","F",78,21986.1
"H00804","STATE 15","C6 ","F",78,15128.09
"H00805","STATE 15","C6 ","F",,14651.31
"H00806","STATE 15","C11","M",78,13068.69
"H00807","STATE 03","C11","M",78,10661.97
"H00808","STATE 02","C11","M",78,6754.81
"H00809","STATE 15","C11","M",78,6308.16
"H00810","STATE 12","C1 ","M",78,
"H00811","STATE 15","C1 ","F",78,
"H00812","STATE 15","C6 ","F",78,4894.66
"H00813","STATE 10","C1 ","M",78,
"H00814","STATE 15","C11","M",78,
"H00815","STATE 12","C6 ","M",78,4602.83
"H00816","STATE 06","C6 ","M",78,4502.15
"H00817","STATE 06","C1 ","M",78,4335.74
"H00818","STATE 07","C6 ","F",,4114.24
"H00819","STATE 04","C6 ","M",78,4033.65
"H00820","STATE 06","C6 ",,78,3611.65
"H00821","STATE 15","C11","F",78,3604.81
"H00822","STATE 17","C6 ","M",78,3404.67
"H00823","STATE 15","C11","M",78,3057.71
"H00824","STATE 03","F6 ","F",,3045.7
"H00825","STATE 04","F6 ","M",,2983.13
"H00826","STATE 17","C11","F",78,2884.46
"H00827","STATE 15","C1 ","F",78,2805.09
"H00828","STATE 02","C6 ","F",78,2742.24
"H00829","STATE 15","C6 ","F",78,2591.33
"H00830","STATE 07","C6 ","M",78,2536.93
"H00831","STATE 15","C6 ","M",78,2529.89
"H00832","STATE 15","C6 ","F",,2497.72
"H00833","STATE 15","C11","M",78,2473.5
"H00834","STATE 15","C11","M",,2419.75
"H00835","STATE 15","C1 ","M",78,2382.7
"H00836","STATE 02","C11","M",78,2272.12
"H00837","STATE 15","C6 ","M",78,2266.97
"H00838","STATE 07","C11","F",78,2189.59
"H00839","STATE 15","F6 ","F",78,2008.04
"H00840","STATE 02","F6 ","M",78,1917.5
"H00841","STATE 17","C6 ","F",,1897.25
"H00842","STATE 15","C6 ","F",78,1858.52
"H00843","STATE 06","C11","F",78,1830.94
"H00844","STATE 03","C6 ","M",78,1800.65
"H00845","STATE 15","C6 ","M",78,1712.42
"H00846","STATE 17","C6 ","M",,1672.67
"H00847","STATE 06","C11","M",78,1658.12
"H00848","STATE 15","C11","M",78,1625.13
"H00849","STATE 14","F11","M",78,1597.37
"H00850","STATE 15","C6 ","F",78,1502.91
"H00851","STATE 06","C6 ","M",78,1465.08
"H00852","STATE 04","C11","M",78,1389.18
"H00853","STATE 07","C11","F",,1356.31
"H00854","STATE 10","C11","M",78,1347.74
"H00855","STATE 14","C6 ","M",,1321.88
"H00856","STATE 01","F6 ","M",,1321.7
"H00857","STATE 04","C11","M",78,1308
"H00858","STATE 12","C6 ","M",,1307.37
"H00859","STATE 17","C11","M",78,1305
"H00860","STATE 02","C11",,78,1303.88
"H00861","STATE 15","C1 ","M",78,1294.47
"H00862","STATE 17","C6 ","F",78,1290.15
"H00863","STATE 15","C6 ","F",78,1281.3
"H00864","STATE 06","C6 ","M",78,1277.87
"H00865","STATE 04","C11","M",,1233.72
"H00866","STATE 02","C6 ","F",78,1135
"H00867","STATE 15","C11",,78,1109.37
"H00868","STATE 12","C6 ","F",78,1077.95
"H00869","STATE 17","C11","F",78,1072.58
"H00870","STATE 15","C6 ","M",78,1070.04
"H00871","STATE 17","C11","M",78,1002.7
"H00872","STATE 15","C6 ","M",78,981.86
"H00873","STATE 15","C6 ","M",,980.83
"H00874","STATE 04","C11","M",78,958.41
"H00875","STATE 04","C11",,78,954.54
"H00876","STATE 15","C6 ","M",78,929.82
"H00877","STATE 12","C6 ","M",,843.98
"H00878","STATE 15","C11","M",78,817.62
"H00879","STATE 15","C6 ","F",78,774.78
"H00880","STATE 02","C6 ","F",,766.39
"H00881","STATE 17","C6 ",,78,728.2
"H00882","STATE 15","F6 ","F",,712
"H00883","STATE 02","C11","M",78,699.5
"H00884","STATE 07","C6 ","F",78,695.16
"H00885","STATE 15","C6 ","F",78,647.34
"H00886","STATE 07","C6 ","F",78,640.23
"H00887","STATE 17","C11","M",78,636.65
"H00888","STATE 02","C11",,78,634.48
"H00889","STATE 03","C1 ","F",78,614.62
"H00890","STATE 13","C6 ","F",78,603.23
"H00891","STATE 17","C11","F",78,601.69
"H00892","STATE 02","C1B","F",78,549.12
"H00893","STATE 17","F6 ","M",78,532.49
"H00894","STATE 12","C1 ","M",78,523
"H00895","STATE 15","C6 ","F",78,500
"H00896","STATE 02","C11","F",78,485.1
"H00897","STATE 01","C6 ","M",,484.76
"H00898","STATE 04","C6 ","F",78,477.84
"H00899","STATE 15","C6 ","M",78,475
"H00900","STATE 15","C6 ","M",78,475
"H00901","STATE 03","C6 ","F",78,471.52
"H00902","STATE 15","C11","F",,463.96
"H00903","STATE 02","C11","M",78,462.93
"H00904","STATE 04","C11","F",78,460.22
"H00905","STATE 15","C6 ","F",,446.74
"H00906","STATE 15","C11","M",,439.89
"H00907","STATE 17","C6 ","F",,430.38
"H00908","STATE 02","C6 ","F",78,429.28
"H00909","STATE 15","C6 ","F",,388.71
"H00910","STATE 10","F6 ","M",78,357.29
"H00911","STATE 17","C6 ","F",78,353.7
"H00912","STATE 14","F11","M",78,353.51
"H00913","STATE 15","C11","M",78,338.47
"H00914","STATE 02","F6 ","F",78,327.13
"H00915","STATE 15","C6 ",,78,316.93
"H00916","STATE 02","C11","F",78,276.67
"H00917","STATE 15","C6 ","M",,224.7
"H00918","STATE 02","C11","M",78,169.67
"H00919","STATE 15","C6 ","F",,150.5
"H00920","STATE 15","C6 ","F",78,120.32
"H00921","STATE 01","C6 ","M",78,114.13
"H00922","STATE 13","C1 ","M",78,112.78
"H00923","STATE 04","C11","M",78,108.69
"H00924","STATE 17","C6 ","M",78,85
"H00925","STATE 15","F6 ","M",,52.4
"H00926","STATE 02","C11","M",78,50
"H00927","STATE 15","C1 ","M",77,12698.8
"H00928","STATE 14","F6 ","M",,12151.86
"H00929","STATE 15","C6 ","M",77,10036.66
"H00930","STATE 15","C6 ","M",77,6250.84
"H00931","STATE 17","C11","M",77,6031.2
"H00932","STATE 03","C11","M",77,5941.02
"H00933","STATE 12","C6 ","F",77,
"H00934","STATE 15","C11","F",77,
"H00935","STATE 15","C6 ","F",77,4875.39
"H00936","STATE 15","C6 ","M",,4474
"H00937","STATE 15","C6 ","M",,4451.39
"H00938","STATE 02","C6 ","M",,4164.34
"H00939","STATE 15","C11",,77,4126.23
"H00940","STATE 15","C6 ","M",77,3998.3
"H00941","STATE 03","C11","F",77,3968.51
"H00942","STATE 06","C6 ","M",77,3895.6
"H00943","STATE 15","C11","M",77,3591.6
"H00944","STATE 02","F6 ","F",77,3549.9
"H00945","STATE 02","C6 ","F",,3538.43
"H00946","STATE 17","C1 ","M",,3392.58
"H00947","STATE 15","C6 ","M",,3342.06
"H00948","STATE 15","C6 ","M",77,3103.18
"H00949","STATE 12","C6 ","M",77,2783.42
"H00950","STATE 15","C11","M",,2512.6
"H00951","STATE 04","C11","M",77,2412.71
"H00952","STATE 06","C6 ","M",77,2277.98
"H00953","STATE 15","C6 ","M",77,2264.59
"H00954","STATE 06","C1 ","M",77,2262.76
"H00955","STATE 04","C11","F",77,2180.01
"H00956","STATE 15","F6 ","M",,2083.86
"H00957","STATE 02","C6 ","M",77,1988.29
"H00958","STATE 02","C11","F",77,1979.14
"H00959","STATE 15","C6 ","F",,1879.51
"H00960","STATE 02","C6 ","F",77,1873.96
"H00961","STATE 03","F6 ","F",77,1792.54
"H00962","STATE 02","C1B","F",77,1745.82
"H00963","STATE 02","C11","M",77,1654.87
"H00964","STATE 04","F6 ","F",,1607.6
"H00965","STATE 13","F6 ","M",77,1543.36
"H00966","STATE 17","C6 ","F",77,1536.05
"H00967","STATE 15","C6 ","M",77,1475.44
"H00968","STATE 15","C6 ","M",,1436
"H00969","STATE 02","C6 ","F",77,1424.44
"H00970","STATE 02","C6 ","M",,1403.26
"H00971","STATE 01","F6 ","F",,1395.58
"H00972","STATE 01","C11","F",77,1342.83
"H00973","STATE 15","C6 ","M",77,1285
"H00974","STATE 15","C6 ","F",77,1278.57
"H00975","STATE 02","C11","F",77,1238
"H00976","STATE 14","C11","M",77,1208.67
"H00977","STATE 04","C11","M",77,1206.5
"H00978","STATE 02","C6 ","M",77,1180.56
"H00979","STATE 07","C6 ","F",77,1130
"H00980","STATE 15","C11","M",77,1081.71
"H00981","STATE 02","F6 ","M",,1074.87
"H00982","STATE 03","C1 ",,77,1033.84
"H00983","STATE 02","C11","F",77,1013.81
"H00984","STATE 15","C11","M",77,1013.34
"H00985","STATE 12","C11","F",77,964.72
"H00986","STATE 02","C1 ","M",77,950
"H00987","STATE 17","C6 ","F",77,921.86
"H00988","STATE 10","C6 ","F",,886.31
"H00989","STATE 12","C6 ","M",,884
"H00990","STATE 15","C6 ","M",77,877.43
"H00991","STATE 15","C11","M",77,815.8
"H00992","STATE 06","C6 ",,77,797.07
"H00993","STATE 15","C6 ","M",77,790.84
"H00994","STATE 01","C6 ","F",77,782.38
"H00995","STATE 07","C6 ","F",77,733
"H00996","STATE 06","C1 ","M",77,692.12
"H00997","STATE 15","C6 ","F",77,684.72
"H00998","STATE 15","C6 ","F",77,671.59
"H00999","STATE 02","C6 ","M",,655
"H01000","STATE 07","C6 ","M",77,638.17
"H01001","STATE 15","C11","M",77,610
"H01002","STATE 15","C6 ",,77,601.29
"H01003","STATE 15","C6 ","F",,598.48
"H01004","STATE 15","C11","M",77,560
"H01005","STATE 15","C6 ","M",77,556.89
"H01006","STATE 15","C11","M",77,543.62
"H01007","STATE 02","C11","F",77,541.02
"H01008","STATE 02","C11","M",77,522.31
"H01009","STATE 15","F6 ","M",,508.83
"H01010","STATE 14","C6 ","M",77,498.9
"H01011","STATE 15","C6 ","M",77,471.2
"H01012","STATE 02","C11","M",77,464.58
"H01013","STATE 02","C6 ","M",77,457.11
"H01014","STATE 17","C6 ","F",77,446.94
"H01015","STATE 04","C11","M",77,438.34
"H01016","STATE 04","C11","F",77,435.98
"H01017","STATE 01","C6 ","F",77,422.3
"H01018","STATE 04","C6 ","M",,420.31
"H01019","STATE 15","C6 ","F",,410.21
"H01020","STATE 06","C1 ","F",77,394.82
"H01021","STATE 15","C1 ","F",77,375
"H01022","STATE 04","C11","F",77,361.37
"H01023","STATE 02","C11","F",77,361.02
"H01024","STATE 17","C6 ","M",77,350.95
"H01025","STATE 17","C6 ","F",,335.83
"H01026","STATE 03","C11","M",77,298.36
"H01027","STATE 04","C11","M",77,296.6
"H01028","STATE 15","F6 ","F",77,280
"H01029","STATE 02","C11","M",77,268.92
"H01030","STATE 15","F6 ","F",77,264.6
"H01031","STATE 02","C6 ",,77,243.14
"H01032","STATE 06","C6 ","F",,202.04
"H01033","STATE 02","C6 ","F",77,200
"H01034","STATE 04","C6 ","M",77,171.7
"H01035","STATE 06","C6 ","F",77,149.04
"H01036","STATE 07","C6 ","M",77,134.04
"H01037","STATE 14","F6 ","M",77,60
"H01038","STATE 04","C2 ","M",77,40
"H01039","STATE 15","C11","F",77,39.07
"H01040","STATE 01","C6 ","M",77,26.42
"H01041","STATE 15","C11","M",76,
"H01042","STATE 15","C1 ","F",76,5778.48
"H01043","STATE 02","C11","F",76,5107
"H01044","STATE 02","F6 ","M",76,
"H01045","STATE 06","C6 ","F",,4314.82
"H01046","STATE 15","C6 ","M",,4156.17
"H01047","STATE 15","C11","F",76,3907
"H01048","STATE 02","C11","M",76,3759.64
"H01049","STATE 14","F6 ","M",76,3758.66
"H01050","STATE 15","C6 ","M",76,3685.6
"H01051","STATE 15","C6 ","M",,3680.74
"H01052","STATE 14","C11","F",76,3633.92
"H01053","STATE 07","C6 ","F",76,3454.22
"H01054","STATE 13","C1 ","M",76,3203.35
"H01055","STATE 15","C1B","M",76,3184.84
"H01056","STATE 02","C6 ","M",76,3138.2
"H01057","STATE 02","C1B","F",76,3094.47
"H01058","STATE 02","C1 ","M",76,3060.69
"H01059","STATE 15","C11","M",76,2879.38
"H01060","STATE 15","C6 ","F",76,2773.29
"H01061","STATE 15","C6 ","F",76,2329.88
"H01062","STATE 15","C6 ","F",76,2227.87
"H01063","STATE 15","C6 ","M",76,2171.93
"H01064","STATE 15","C6 ","M",76,2137.81
"H01065","STATE 02","C6 ","F",76,2112.41
"H01066","STATE 02","C11","F",76,2095.09
"H01067","STATE 15","C6 ","F",76,2084
"H01068","STATE 15","C11","M",76,2017.45
"H01069","STATE 15","F6 ","F",76,2000
"H01070","STATE 15","C11","M",76,1915.77
"H01071","STATE 02","C11","F",76,1836.79
"H01072","STATE 02","C6 ","F",,1759.52
"H01073","STATE 15","C11","F",76,1727.85
"H01074","STATE 06","C1 ","F",76,1700
"H01075","STATE 06","C6 ","F",76,1644.11
"H01076","STATE 10","C11","M",,1606.83
"H01077","STATE 01","C6 ","F",,1550
"H01078","STATE 13","F1 ","F",76,1539.82
"H01079","STATE 15","C11","F",,1470.35
"H01080","STATE 14","C11","M",76,1447.24
"H01081","STATE 17","C11","F",,1367.93
"H01082","STATE 15","C6 ","F",,1354.81
"H01083","STATE 15","C6 ","F",76,1344.7
"H01084","STATE 02","C6 ","F",76,1321.42
"H01085","STATE 15","C1 ","M",76,1271.55
"H01086","STATE 02","C6 ","F",,1252.25
"H01087","STATE 15","C6 ","F",76,1250.04
"H01088","STATE 04","C11","M",76,1232.67
"H01089","STATE 17","C11","F",76,1229.01
"H01090","STATE 01","C6 ",,,1194.26
"H01091","STATE 15","C6 ","F",76,1160.56
"H01092","STATE 01","F6 ","F",76,1145.85
"H01093","STATE 15","C1 ","M",76,1145.34
"H01094","STATE 10","C11","F",76,1138.5
"H01095","STATE 15","C6 ","M",76,1093.31
"H01096","STATE 06","C6 ","M",76,1063.48
"H01097","STATE 15","C11","M",76,1048.43
"H01098","STATE 02","C11","M",76,1046.07
"H01099","STATE 04","C11","M",76,1040
"H01100","STATE 12","C6 ","F",76,1011.24
"H01101","STATE 13","C11","F",76,1010.94
"H01102","STATE 17","C6 ","M",,910.38
"H01103","STATE 02","C6 ","M",,897.27
"H01104","STATE 04","C6 ","M",76,885.34
"H01105","STATE 15","C1 ",,76,862.83
"H01106","STATE 15","C1 ","F",76,836.97
"H01107","STATE 15","C6 ","F",,809.6
"H01108","STATE 04","C11","M",76,802.51
"H01109","STATE 14","C11",,76,781.14
"H01110","STATE 15","C6 ","F",,768.02
"H01111","STATE 10","C11","F",76,759.55
"H01112","STATE 15","C6 ","F",,750
"H01113","STATE 15","F11","M",76,744.2
"H01114","STATE 07","C6 ","M",76,714.16
"H01115","STATE 15","C6 ","F",,713.52
"H01116","STATE 15","C11","M",76,700
"H01117","STATE 15","C6 ","F",76,698.14
"H01118","STATE 07","C6 ","F",,686.13
"H01119","STATE 07","C6 ","F",76,675
"H01120","STATE 03","C11","M",76,657.75
"H01121","STATE 03","C6 ","M",76,652.98
"H01122","STATE 15","C6 ",,,644.49
"H01123","STATE 03","F6 ","M",76,617.89
"H01124","STATE 15","C1B","F",76,604.45
"H01125","STATE 12","C6 ","F",76,593.94
"H01126","STATE 15","C1 ","M",76,585.79
"H01127","STATE 15","C11",,76,575.36
"H01128","STATE 04","C11","M",76,569.33
"H01129","STATE 10","F6 ","F",76,562.88
"H01130","STATE 17","C6 ","M",,562.32
"H01131","STATE 15","F11","M",,562.32
"H01132","STATE 15","C1 ","M",76,555.34
"H01133","STATE 02","C1 ","M",76,542.39
"H01134","STATE 15","C6 ","M",76,533.11
"H01135","STATE 15","C11","M",76,528.09
"H01136","STATE 15","C6 ","M",76,497.62
"H01137","STATE 14","C6 ","M",76,477
"H01138","STATE 02","C11","F",76,459.1
"H01139","STATE 15","C6 ","F",76,443.92
"H01140","STATE 17","C6 ","F",76,438.42
"H01141","STATE 06","C6 ","M",,435.5
"H01142","STATE 15","C6 ","M",,426.21
"H01143","STATE 02","F6 ","M",,424.13
"H01144","STATE 12","C6 ","M",,387.3
"H01145","STATE 04","C11",,76,380.14
"H01146","STATE 03","C11","F",76,375.85
"H01147","STATE 02","C11","M",76,369.68
"H01148","STATE 01","C1 ","F",76,366.8
"H01149","STATE 15","C6 ","M",76,365.9
"H01150","STATE 15","C1 ","F",76,365
"H01151","STATE 06","C6 ","M",,337.3
"H01152","STATE 02","C6 ","F",76,335.92
"H01153","STATE 01","C11","M",,317.2
"H01154","STATE 01","C6 ","F",76,279.52
"H01155","STATE 01","C6 ","M",,265.25
"H01156","STATE 07","C11","F",76,253.75
"H01157","STATE 15","C6 ","M",76,250
"H01158","STATE 03","C1 ","F",76,242.1
"H01159","STATE 15","C6 ","M",76,242.04
"H01160","STATE 17","C11","M",76,223.77
"H01161","STATE 03","F6 ","M",,184.39
"H01162","STATE 02","F6 ","F",76,176.57
"H01163","STATE 02","F6 ","M",76,148.65
"H01164","STATE 17","F6 ","M",76,142.29
"H01165","STATE 15","C1 ","M",,136.49
"H01166","STATE 15","C6 ","F",,127.32
"H01167","STATE 15","C6 ","M",76,98.5
"H01168","STATE 04","C6 ","F",75,9270.85
"H01169","STATE 04","F6 ","M",75,6317.26
"H01170","STATE 02","C6 ","F",,5700.37
"H01171","STATE 15","C6 ","M",75,5340.71
"H01172","STATE 15","C6 ","F",,
"H01173","STATE 06","C11","F",75,4408.88
"H01174","STATE 15","F6 ",,75,4222.4
"H01175","STATE 06","C6 ","M",75,4184.46
"H01176","STATE 02","C6 ","F",75,4082.49
"H01177","STATE 15","C6 ","F",,4061.29
"H01178","STATE 02","C1 ","M",75,3877.24
"H01179","STATE 02","C6 ","F",75,3748.89
"H01180","STATE 02","F6 ","M",75,3744.25
"H01181","STATE 03","C6 ","F",75,3502.5
"H01182","STATE 15","C6 ","M",,3144.21
"H01183","STATE 01","C6 ","M",75,3099.64
"H01184","STATE 15","C6 ","F",,2973.95
"H01185","STATE 15","C6 ","M",75,2950.93
"H01186","STATE 04","C11",,75,2936.81
"H01187","STATE 15","C11","F",75,2922.24
"H01188","STATE 02","C1 ","F",75,2808.92
"H01189","STATE 02","C6 ","F",75,2631.23
"H01190","STATE 04","C6 ","M",,2612.16
"H01191","STATE 04","C6 ","F",,2589.13
"H01192","STATE 01","F6 ","M",75,2532.61
"H01193","STATE 07","C6 ","M",75,2450.64
"H01194","STATE 02","C6 ","M",75,2310.7
"H01195","STATE 15","C6 ","F",75,2294.04
"H01196","STATE 02","C6 ","F",75,2200
"H01197","STATE 02","C6 ","F",75,2172
"H01198","STATE 15","C1 ","M",75,2154.02
"H01199","STATE 15","C11","M",75,2126.38
"H01200","STATE 04","C11","M",,2049.36
"H01201","STATE 02","C6 ","M",75,1941
"H01202","STATE 17","C6 ","F",75,1846.1
"H01203","STATE 07","C6 ","M",75,1807.01
"H01204","STATE 15","C6 ","M",,1688.78
"H01205","STATE 15","C6 ","F",75,1661.77
"H01206","STATE 15","C6 ","F",75,1655.12
"H01207","STATE 15","C6 ",,75,1622.86
"H01208","STATE 15","C6 ","M",75,1531.05
"H01209","STATE 12","C6 ","M",75,1530.85
"H01210","STATE 02","F6 ","F",75,1503.97
"H01211","STATE 15","C6 ","M",75,1491.06
"H01212","STATE 01","C6 ","M",75,1439.9
"H01213","STATE 15","C6 ",,,1421.18
"H01214","STATE 03","C6 ","F",75,1298.34
"H01215","STATE 02","C6 ","M",75,1270.9
"H01216","STATE 15","C6 ","M",,1253.3
"H01217","STATE 14","C6 ","M",,1225.7
"H01218","STATE 07","C11","M",75,1201.93
"H01219","STATE 15","C1B","F",75,1196.69
"H01220","STATE 15","C6 ","M",75,1178.9
"H01221","STATE 07","C6 ","F",75,1155.36
"H01222","STATE 17","C6 ","M",,1132.08
"H01223","STATE 15","C1B","M",75,1126.5
"H01224","STATE 04","C6 ","M",75,1118.91
"H01225","STATE 15","C6 ","M",75,1053.29
"H01226","STATE 06","C1 ","F",75,1042.1
"H01227","STATE 06","C6 ","M",75,994.41
"H01228","STATE 17","C6 ","M",75,980.44
"H01229","STATE 15","C11","M",75,918.29
"H01230","STATE 15","C6 ","M",,911.34
"H01231","STATE 15","F6 ","M",75,905.62
"H01232","STATE 15","F11","M",,887.51
"H01233","STATE 04","C7 ","M",75,876.39
"H01234","STATE 02","C11","F",75,871.18
"H01235","STATE 15","C6 ","M",75,843.91
"H01236","STATE 12","C11",,75,818.01
"H01237","STATE 15","C6 ","F",75,815
"H01238","STATE 15","C6 ","F",75,762.72
"H01239","STATE 15","C6 ","F",75,755.9
"H01240","STATE 10","C6 ","M",,749.64
"H01241","STATE 15","C6 ","F",75,741.49
"H01242","STATE 02","C11","F",75,735.27
"H01243","STATE 15","C6 ","M",75,726.19
"H01244","STATE 17","C1 ","M",75,725.71
"H01245","STATE 03","C6 ","M",75,722.02
"H01246","STATE 15","C11","M",,716.96
"H01247","STATE 15","C11","M",75,714.05
"H01248","STATE 04","C6 ","F",75,710.94
"H01249","STATE 01","C6 ","F",,708.22
"H01250","STATE 04","C6 ","M",75,694.8
"H01251","STATE 10","C11","F",75,684.29
"H01252","STATE 15","C11",,75,672.53
"H01253","STATE 15","C11","M",75,648.06
"H01254","STATE 15","C11","M",75,648.06
"H01255","STATE 03","C11","M",75,628.74
"H01256","STATE 15","C6 ","F",,625.1
"H01257","STATE 15","C6 ","M",,615.44
"H01258","STATE 04","F6 ","M",75,601.29
"H01259","STATE 15","C2 ","M",75,593.46
"H01260","STATE 03","C11","M",75,581.34
"H01261","STATE 06","C6 ","M",75,575.93
"H01262","STATE 04","F6 ","M",75,554.27
"H01263","STATE 02","C11","F",,552.07
"H01264","STATE 17","F6 ","M",75,550.2
"H01265","STATE 02","C1 ","M",,538.08
"H01266","STATE 15","C11","M",75,529.18
"H01267","STATE 15","C11","F",75,516.81
"H01268","STATE 15","C6 ","F",75,513.42
"H01269","STATE 15","C6 ","M",,481.31
"H01270","STATE 15","C1 ","M",75,476.64
"H01271","STATE 15","C6 ","F",75,475.84
"H01272","STATE 02","C11","M",,449.24
"H01273","STATE 02","C11",,,436.66
"H01274","STATE 02","C1B","M",75,393.64
"H01275","STATE 06","C6 ","F",,383.88
"H01276","STATE 01","C7 ","F",75,365.23
"H01277","STATE 15","C6 ","M",,364.53
"H01278","STATE 06","C6 ","M",75,355.59
"H01279","STATE 02","C11","M",75,329.17
"H01280","STATE 15","C6 ",,,328.79
"H01281","STATE 15","C6 ","M",,320.41
"H01282","STATE 15","C11","M",75,312.7
"H01283","STATE 04","C6 ","M",,305.85
"H01284","STATE 03","C6 ","M",75,302.54
"H01285","STATE 02","C6 ","M",75,300
"H01286","STATE 15","C6 ","F",75,278.6
"H01287","STATE 02","C11","M",75,278.55
"H01288","STATE 03","C71","M",75,256.32
"H01289","STATE 02","C11","M",75,250.35
"H01290","STATE 03","C11","M",75,248.68
"H01291","STATE 15","C6 ","M",75,244.7
"H01292","STATE 15","C6 ","M",75,243.44
"H01293","STATE 10","F1 ",,75,240.9
"H01294","STATE 03","C6 ","F",75,236.2
"H01295","STATE 06","C6 ","F",75,235.92
"H01296","STATE 06","C6 ","F",,222.53
"H01297","STATE 12","C6 ","F",75,216.14
"H01298","STATE 10","C6 ","M",,200.39
"H01299","STATE 04","C6 ","F",75,192.87
"H01300","STATE 07","C11","M",,152.71
"H01301","STATE 06","C1 ","F",75,131
"H01302","STATE 15","C6 ","M",,84.08
"H01303","STATE 02","F6 ","F",,49.95
"H01304","STATE 15","C11","F",75,28.46
"H01305","STATE 02","C11","M",74,15096.47
"H01306","STATE 03","C11","F",74,
"H01307","STATE 06","C6 ","F",,9366.59
"H01308","STATE 15","F6 ","M",74,
"H01309","STATE 03","C6 ","M",,
"H01310","STATE 02","F6 ","F",74,6297.15
"H01311","STATE 02","F6 ","M",,6233.63
"H01312","STATE 02","C11","F",74,6129.28
"H01313","STATE 02","C6 ","F",74,5844.67
"H01314","STATE 15","C6 ","M",74,5816.51
"H01315","STATE 15","C6 ","F",,5519.14
"H01316","STATE 04","C6 ","M",74,5203.42
"H01317","STATE 15","C6 ","F",,5169.76
"H01318","STATE 12","C7B","M",74,5145.57
"H01319","STATE 02","C6 ","M",74,4578.06
"H01320","STATE 01","F11",,74,4489.12
"H01321","STATE 17","C6 ","F",74,4317.72
"H01322","STATE 17","C11","M",74,4316.14
"H01323","STATE 15","C11","M",74,4063.07
"H01324","STATE 15","C6 ","F",74,4023.74
"H01325","STATE 17","C6 ","M",74,3990
"H01326","STATE 02","C6 ","F",74,3959.08
"H01327","STATE 04","C6 ","F",74,3274.13
"H01328","STATE 04","C1 ","M",74,2930
"H01329","STATE 04","C6 ","F",,2805.41
"H01330","STATE 12","C11","M",74,2779.44
"H01331","STATE 02","C11","M",74,2437.85
"H01332","STATE 15","C1B","F",74,2380.84
"H01333","STATE 06","C6 ","F",74,2353.86
"H01334","STATE 10","C6 ","F",74,2342.02
"H01335","STATE 02","C11","M",74,2257.08
"H01336","STATE 15","C6 ","F",,2224.66
"H01337","STATE 15","C11","F",74,2143.11
"H01338","STATE 04","C11","F",74,2112.46
"H01339","STATE 15","F6 ","F",,2103.54
"H01340","STATE 15","C6 ","M",,2100
"H01341","STATE 06","C6 ","M",74,2069.15
"H01342","STATE 15","C6 ","M",74,2000
"H01343","STATE 15","C11","F",74,1904.4
"H01344","STATE 02","F6 ","F",,1901.28
"H01345","STATE 15","C6 ","F",,1806.66
"H01346","STATE 04","C11","F",74,1723.11
"H01347","STATE 17","C6 ","M",74,1694.26
"H01348","STATE 17","C6 ","M",,1689.06
"H01349","STATE 03","C11","M",74,1599.08
"H01350","STATE 02","C6 ","F",74,1537.38
"H01351","STATE 15","F6 ","M",74,1536.55
"H01352","STATE 06","C6 ","M",74,1505
"H01353","STATE 15","C6 ","F",74,1500
"H01354","STATE 02","F6 ","M",74,1448.67
"H01355","STATE 10","C6 ","M",,1386.41
"H01356","STATE 15","C6 ","M",74,1371.85
"H01357","STATE 12","C11","M",74,1276.36
"H01358","STATE 15","C11","M",74,1270.17
"H01359","STATE 17","F6 ","M",,1264.44
"H01360","STATE 02","C6 ","F",,1249.17
"H01361","STATE 15","C11","F",74,1235.67
"H01362","STATE 02","F6 ","F",,1224.79
"H01363","STATE 06","C6 ","M",74,1203.81
"H01364","STATE 07","C11","M",,1187.42
"H01365","STATE 02","C71","F",74,1173.79
"H01366","STATE 17","C2 ","M",74,1168.37
"H01367","STATE 03","C1 ","M",74,1113.74
"H01368","STATE 10","C6 ","F",74,1103.23
"H01369","STATE 15","C11","M",74,1100
"H01370","STATE 15","C6 ","M",74,1043.4
"H01371","STATE 01","C6 ","F",74,1035.13
"H01372","STATE 04","C6 ","F",,1027.16
"H01373","STATE 02","C6 ","M",74,1021.64
"H01374","STATE 15","C6 ","F",74,1011.23
"H01375","STATE 15","C6 ","M",,993.59
"H01376","STATE 15","C11","F",74,913.58
"H01377","STATE 02","C1 ","M",74,907.45
"H01378","STATE 02","C6 ","F",74,904.5
"H01379","STATE 15","F6 ","F",74,903
"H01380","STATE 14","C6 ","M",74,900
"H01381","STATE 15","C1 ","F",74,864.04
"H01382","STATE 15","C11","F",74,820.03
"H01383","STATE 14","F11","M",74,805.37
"H01384","STATE 17","C6 ","F",74,796.37
"H01385","STATE 15","C6 ","M",74,787.03
"H01386","STATE 07","C6 ","F",74,773.42
"H01387","STATE 06","C6 ","F",,756.68
"H01388","STATE 15","C6 ","M",74,756.47
"H01389","STATE 15","C6 ","F",74,754.95
"H01390","STATE 07","C11","M",74,737.92
"H01391","STATE 04","C11","F",74,730.41
"H01392","STATE 02","F6 ","F",,723.51
"H01393","STATE 17","C6 ","F",,704.92
"H01394","STATE 17","C6 ",,,700
"H01395","STATE 17","F6 ","M",,667.91
"H01396","STATE 03","C6 ","M",74,644.9
"H01397","STATE 15","C6 ","F",74,605.8
"H01398","STATE 15","F7 ","M",74,600
"H01399","STATE 12","C6 ","F",74,596.1
"H01400","STATE 06","C6 ","M",74,590.58
"H01401","STATE 15","C6 ","M",,583.76
"H01402","STATE 15","C11","M",74,580.32
"H01403","STATE 15","C11","M",74,579.63
"H01404","STATE 17","C11","M",74,569.38
"H01405","STATE 07","C6 ","F",,559.85
"H01406","STATE 04","C6 ","F",74,544.85
"H01407","STATE 13","C11","F",74,534.47
"H01408","STATE 02","C1A","M",74,520.43
"H01409","STATE 02","C6 ","F",,500
"H01410","STATE 04","C6 ","F",,495
"H01411","STATE 15","C11",,74,474.16
"H01412","STATE 04","C11","M",74,449.12
"H01413","STATE 14","C1 ","M",74,426.54
"H01414","STATE 06","C1B","M",74,416.3
"H01415","STATE 15","C7 ","M",74,406.35
"H01416","STATE 07","C6 ","F",74,392
"H01417","STATE 15","C6 ","M",,376.46
"H01418","STATE 15","C11","F",,321.06
"H01419","STATE 15","C11",,74,282.03
"H01420","STATE 15","C6 ","F",74,275.94
"H01421","STATE 10","C6 ","M",,265.08
"H01422","STATE 06","C6 ","F",74,253.55
"H01423","STATE 15","C6 ","M",,248.3
"H01424","STATE 02","C1B","M",74,229.13
"H01425","STATE 13","C11","M",74,211.87
"H01426","STATE 02","C6 ","F",74,206.03
"H01427","STATE 14","C6 ","M",74,196.09
"H01428","STATE 14","C6 ","F",,192.03
"H01429","STATE 14","C7 ","M",74,170.97
"H01430","STATE 04","C11","M",74,165.31
"H01431","STATE 03","C11","F",74,91.27
"H01432","STATE 15","C6 ","F",74,71.86
"H01433","STATE 10","C11","M",74,50
"H01434","STATE 15","C6 ","M",73,12261.67
"H01435","STATE 12","C6 ","F",73,8867.37
"H01436","STATE 17","C6 ","M",,8787.5
"H01437","STATE 15","C6 ","M",73,7205.79
"H01438","STATE 15","C11","F",73,6441.62
"H01439","STATE 10","C1 ","F",73,6013.74
"H01440","STATE 12","C11","F",73,5819.71
"H01441","STATE 03","C11","F",73,4903.68
"H01442","STATE 15","C1B","F",73,4804.22
"H01443","STATE 06","C6 ","F",73,4791.88
"H01444","STATE 10","C6 ","M",73,4634.09
"H01445","STATE 02","C11","M",73,4587.39
"H01446","STATE 01","F6 ","M",73,4229.61
"H01447","STATE 04","C6 ","M",,4147.09
"H01448","STATE 01","F6 ","M",73,3887.19
"H01449","STATE 15","F6 ","M",73,3700
"H01450","STATE 02","C11","M",,3394.17
"H01451","STATE 06","C1 ","M",73,3179.28
"H01452","STATE 12","C11","M",73,3171.66
"H01453","STATE 15","C6 ","M",,3000
"H01454","STATE 17","C6 ","F",,2893.53
"H01455","STATE 02","C11","F",73,2690.8
"H01456","STATE 15","C6 ","M",73,2631.19
"H01457","STATE 15","C6 ","F",,2627.61
"H01458","STATE 02","C11","M",,2593
"H01459","STATE 17","C6 ","F",73,2503.09
"H01460","STATE 01","C6 ","M",73,2477.47
"H01461","STATE 06","C6 ","F",,2403.63
"H01462","STATE 15","C11","M",73,2393.73
"H01463","STATE 17","F6 ","F",,2391.88
"H01464","STATE 10","C1 ","M",73,2366.44
"H01465","STATE 06","C6 ","M",73,2282.76
"H01466","STATE 02","F6 ","M",73,2270.25
"H01467","STATE 15","C6 ","F",,2249.34
"H01468","STATE 14","F71","M",73,2163
"H01469","STATE 15","C6 ","F",,2143.02
"H01470","STATE 07","C6 ","M",,2040
"H01471","STATE 15","C6 ","M",,2026.3
"H01472","STATE 15","C6 ","M",73,2014.6
"H01473","STATE 02","C1 ","M",,1916.21
"H01474","STATE 06","C6 ","M",,1911.22
"H01475","STATE 13","C6 ","F",73,1901.01
"H01476","STATE 07","C11","F",73,1896.72
"H01477","STATE 17","C11","F",73,1773.94
"H01478","STATE 06","C11","M",73,1683.05
"H01479","STATE 15","C1 ",,,1673.91
"H01480","STATE 06","C11","M",73,1622.95
"H01481","STATE 15","C6 ","M",73,1591.4
"H01482","STATE 10","C71","M",73,1525.52
"H01483","STATE 17","C11",,73,1477.61
"H01484","STATE 15","C11","M",73,1451.83
"H01485","STATE 04","C6 ","M",,1411.83
"H01486","STATE 13","C11","M",73,1405.19
"H01487","STATE 02","C6 ","M",73,1396.28
"H01488","STATE 15","C2 ","M",73,1382.61
"H01489","STATE 15","C11","M",73,1327.69
"H01490","STATE 15","C6 ","F",73,1308.73
"H01491","STATE 10","C6 ","M",,1211.21
"H01492","STATE 15","C1 ","F",73,1209.08
"H01493","STATE 10","C1 ","M",73,1170
"H01494","STATE 04","C11","M",73,1133.56
"H01495","STATE 03","C6 ","F",73,1120.14
"H01496","STATE 02","C6 ",,73,1108.5
"H01497","STATE 15","F6 ","M",,1105.04
"H01498","STATE 15","C11","M",73,1100.76
"H01499","STATE 02","C6 ","M",73,1095.92
"H01500","STATE 12","C1 ","F",73,1083.25
"H01501","STATE 04","C6 ","M",,1077.67
"H01502","STATE 17","C6 ","F",,1036.74
"H01503","STATE 15","C1B","M",73,1035.58
"H01504","STATE 15","C1A","M",73,986.12
"H01505","STATE 15","C6 ","F",,984.11
"H01506","STATE 15","C6 ","M",73,978.43
"H01507","STATE 02","C11","F",73,972.45
"H01508","STATE 17","C6 ","F",,961.89
"H01509","STATE 15","C6 ","F",73,932.41
"H01510","STATE 15","C6 ","F",,904.23
"H01511","STATE 14","C1 ","M",73,893.56
"H01512","STATE 04","C6 ","M",,893.03
"H01513","STATE 02","F6 ","M",,855.15
"H01514","STATE 15","C6 ","M",73,843.69
"H01515","STATE 15","C7 ","F",73,841.85
"H01516","STATE 04","C6 ","F",73,838.57
"H01517","STATE 17","C11","F",73,828.13
"H01518","STATE 15","C6 ","F",73,821.63
"H01519","STATE 07","C11","F",,774.64
"H01520","STATE 02","C6 ","F",73,773.68
"H01521","STATE 17","C11","F",73,771.51
"H01522","STATE 06","C6 ","M",73,754.31
"H01523","STATE 06","C6 ","F",,745.61
"H01524","STATE 15","C11","M",,740.38
"H01525","STATE 14","C1 ","M",73,736.7
"H01526","STATE 04","C11",,73,726.69
"H01527","STATE 15","C6 ","F",73,724.77
"H01528","STATE 15","C6 ","F",73,709.59
"H01529","STATE 15","C1 ","F",73,706.2
"H01530","STATE 06","C6 ","F",73,694.91
"H01531","STATE 07","C71","M",73,693.13
"H01532","STATE 04","C11","M",,672.78
"H01533","STATE 15","C7 ","F",73,661.55
"H01534","STATE 06","C7 ","M",73,651.27
"H01535","STATE 15","C11","M",,621.56
"H01536","STATE 02","C6 ","F",73,586.14
"H01537","STATE 04","C11","F",73,584.83
"H01538","STATE 15","C11","M",73,579.85
"H01539","STATE 02","C6 ","M",73,564.93
"H01540","STATE 15","C6 ","F",73,564.05
"H01541","STATE 15","C6 ","M",,551.78
"H01542","STATE 02","C11","M",,549.77
"H01543","STATE 02","C6 ","F",73,540
"H01544","STATE 02","C11","M",73,539.08
"H01545","STATE 15","C11","M",73,537.65
"H01546","STATE 13","C6 ","F",73,522.94
"H01547","STATE 04","C6 ","F",73,516.06
"H01548","STATE 01","C11","F",73,505.2
"H01549","STATE 13","C1 ","F",73,503.49
"H01550","STATE 15","C6 ","M",,500
"H01551","STATE 07","C6 ","F",73,497.85
"H01552","STATE 15","C11","M",73,495.81
"H01553","STATE 14","C6 ","F",73,492.69
"H01554","STATE 02","C11","F",,491.63
"H01555","STATE 03","C11","M",73,485.84
"H01556","STATE 15","F6 ","M",73,480
"H01557","STATE 02","C11","F",73,471.9
"H01558","STATE 02","C11","F",73,471.19
"H01559","STATE 15","C1B","M",73,468.2
"H01560","STATE 15","C1 ","M",73,446.71
"H01561","STATE 04","C6 ",,73,441.8
"H01562","STATE 15","C7 ","M",73,419.15
"H01563","STATE 06","C1B","M",73,403.3
"H01564","STATE 04","C6 ","F",73,398.99
"H01565","STATE 04","C11","M",73,398.1
"H01566","STATE 02","C6 ","M",73,384.97
"H01567","STATE 03","C6 ","M",,378.57
"H01568","STATE 02","C1 ","F",73,375
"H01569","STATE 15","C11","F",73,365.89
"H01570","STATE 02","C6 ",,,359.83
"H01571","STATE 15","C6 ","M",,358.7
"H01572","STATE 03","C11","M",73,348.09
"H01573","STATE 15","C11","M",73,346.63
"H01574","STATE 02","C11","M",73,343.15
"H01575","STATE 15","C11","M",73,339.72
"H01576","STATE 15","C1 ","M",73,337.78
"H01577","STATE 15","C6 ","F",73,336.83
"H01578","STATE 06","C6 ","M",73,294.83
"H01579","STATE 15","C2 ","M",73,284.54
"H01580","STATE 15","C6 ","F",73,228
"H01581","STATE 10","C11","M",73,221.3
"H01582","STATE 15","C11",,73,196.14
"H01583","STATE 10","C6 ","M",73,177.6
"H01584","STATE 03","C6 ","M",,177.42
"H01585","STATE 15","C1C","M",73,168.53
"H01586","STATE 02","C1 ",,73,152.12
"H01587","STATE 04","C11","M",73,149.85
"H01588","STATE 03","C11","M",73,146.25
"H01589","STATE 15","C6 ","M",73,139.79
"H01590","STATE 06","C6 ","M",,131.76
"H01591","STATE 01","F6 ","M",73,73.54
"H01592","STATE 07","F6 ","M",73,50
"H01593","STATE 15","C6 ","F",73,41.12
"H01594","STATE 15","C1 ","M",,22.79
"H01595","STATE 13","C6 ","F",,33137.5
"H01596","STATE 12","C1B","M",72,
"H01597","STATE 15","C6 ","M",,15031.42
"H01598","STATE 02","C1B","F",72,11511.81
"H01599","STATE 04","C11","M",72,9960.93
"H01600","STATE 02","C6 ","F",72,7293.43
"H01601","STATE 17","C11","M",72,7017.57
"H01602","STATE 06","C6 ","M",,6613.76
"H01603","STATE 15","C6 ","M",72,6466.1
"H01604","STATE 14","C11","F",72,
"H01605","STATE 01","C7 ","F",72,6258.64
"H01606","STATE 04","C6 ",,72,
"H01607","STATE 15","C6 ","F",72,4750
"H01608","STATE 17","C11","M",72,4710.29
"H01609","STATE 03","C6 ","F",72,
"H01610","STATE 04","C6 ","M",72,4188.37
"H01611","STATE 06","C6 ","M",72,
"H01612","STATE 02","C6 ","M",72,4006.3
"H01613","STATE 10","C1 ","M",72,3816.26
"H01614","STATE 02","C11","M",72,3754.51
"H01615","STATE 15","C6 ","F",,3495.14
"H01616","STATE 15","C1 ","M",72,3324.48
"H01617","STATE 15","C1B","F",72,3140.66
"H01618","STATE 15","C6 ","F",72,3090.25
"H01619","STATE 02","C11","M",72,3065
"H01620","STATE 15","C6 ","M",72,3029.44
"H01621","STATE 07","C6 ","F",72,3000
"H01622","STATE 15","C6 ","F",72,2840.67
"H01623","STATE 02","C6 ","F",72,2542.46
"H01624","STATE 17","C6 ","M",,2541.47
"H01625","STATE 02","C11","F",72,2525.65
"H01626","STATE 04","C6 ","M",72,2504.55
"H01627","STATE 02","C6 ","M",72,2313.75
"H01628","STATE 15","C6 ","M",,2276.74
"H01629","STATE 02","C6 ","M",72,2176.36
"H01630","STATE 15","C6 ","F",72,2137.4
"H01631","STATE 03","C2 ","M",72,2110.88
"H01632","STATE 02","C11","M",72,2106.46
"H01633","STATE 15","C7 ",,72,2093.36
"H01634","STATE 17","C11","M",72,2050.74
"H01635","STATE 04","C6 ","F",,1983.49
"H01636","STATE 15","C6 ","M",72,1971.75
"H01637","STATE 02","C6 ","M",,1956
"H01638","STATE 07","C11","M",72,1914.81
"H01639","STATE 06","C71","M",72,1870.58
"H01640","STATE 17","C6 ","M",72,1789.15
"H01641","STATE 17","C11","F",72,1747.35
"H01642","STATE 17","C6 ","M",72,1725.53
"H01643","STATE 17","C6 ","F",72,1717.59
"H01644","STATE 17","C6 ","F",72,1692.18
"H01645","STATE 14","F11","M",72,1655.51
"H01646","STATE 15","C11","F",72,1650
"H01647","STATE 02","C6 ","F",72,1622.73
"H01648","STATE 17","C11","M",72,1599.63
"H01649","STATE 04","F6 ","M",72,1559.85
"H01650","STATE 17","C6 ","F",,1552.65
"H01651","STATE 03","C6 ","M",,1550
"H01652","STATE 06","C11","F",72,1533.34
"H01653","STATE 17","C2 ","M",72,1521.74
"H01654","STATE 03","C11","M",72,1518.12
"H01655","STATE 15","C6 ","F",72,1516.48
"H01656","STATE 17","C6 ","M",72,1497.35
"H01657","STATE 06","C6 ","M",72,1396.66
"H01658","STATE 06","C6 ","M",,1379.9
"H01659","STATE 15","C6 ","F",,1366.86
"H01660","STATE 06","C6 ","M",72,1365.8
"H01661","STATE 15","C6 ","M",,1311.22
"H01662","STATE 15","C6 ","F",,1310.25
"H01663","STATE 15","C6 ","M",72,1188.97
"H01664","STATE 06","C1 ",,72,1188.74
"H01665","STATE 02","C6 ","M",,1185.87
"H01666","STATE 15","C11","F",72,1159.03
"H01667","STATE 17","C6 ",,72,1117.01
"H01668","STATE 06","C1 ","M",72,1116.25
"H01669","STATE 15","C1 ","M",72,1115.89
"H01670","STATE 02","C11","M",72,1110.83
"H01671","STATE 15","C11","F",72,1098.29
"H01672","STATE 12","C11","M",72,1094.48
"H01673","STATE 17","C6 ","F",72,1093.93
"H01674","STATE 15","C6 ","F",,1088.73
"H01675","STATE 02","C1 ","M",72,1074.35
"H01676","STATE 15","C11","M",72,1045.19
"H01677","STATE 07","C71","M",72,1043.75
"H01678","STATE 15","C11","M",,1016.43
"H01679","STATE 15","C11","M",72,1013.28
"H01680","STATE 04","C11","M",72,939.24
"H01681","STATE 02","C1B","M",72,860.67
"H01682","STATE 03","C6 ","F",72,858.41
"H01683","STATE 07","C6 ",,,856.43
"H01684","STATE 15","C11","M",72,848.87
"H01685","STATE 15","C11","M",72,831.8
"H01686","STATE 03","C6 ","M",72,828.41
"H01687","STATE 01","F1 ","F",72,796.8
"H01688","STATE 14","C6 ","M",,770.73
"H01689","STATE 15","C11","F",72,764.62
"H01690","STATE 03","F6 ","M",72,759.57
"H01691","STATE 04","C11","F",72,746.6
"H01692","STATE 04","C6 ",,,730
"H01693","STATE 14","C11","M",72,726.13
"H01694","STATE 15","C6 ","F",72,705.76
"H01695","STATE 15","C6 ","M",,698.2
"H01696","STATE 15","C6 ","F",72,668.74
"H01697","STATE 15","C6 ","F",72,659.07
"H01698","STATE 15","C2 ","M",72,653.18
"H01699","STATE 03","C6 ","F",,636.15
"H01700","STATE 04","F6 ","M",,613.65
"H01701","STATE 15","C6 ","M",72,610.16
"H01702","STATE 15","C11","M",72,591.15
"H01703","STATE 03","F6 ","M",,588.19
"H01704","STATE 02","F6 ","M",72,582.62
"H01705","STATE 07","F11","F",72,551.4
"H01706","STATE 15","C6 ","M",,544.11
"H01707","STATE 15","C6 ","F",72,540.38
"H01708","STATE 04","C11","F",72,527.11
"H01709","STATE 15","C6 ","F",72,524.69
"H01710","STATE 15","C6 ","F",72,500
"H01711","STATE 07","C6 ","F",72,477.8
"H01712","STATE 02","C6 ","M",,471.35
"H01713","STATE 15","C6 ","F",72,470.84
"H01714","STATE 10","C6 ","F",72,439.45
"H01715","STATE 04","C11","F",72,419.92
"H01716","STATE 12","C11","M",72,417.97
"H01717","STATE 14","C6 ",,72,404
"H01718","STATE 17","C6 ","F",,394.48
"H01719","STATE 02","C72","M",72,393.5
"H01720","STATE 07","C11","F",72,386.35
"H01721","STATE 15","C6 ","F",72,379.28
"H01722","STATE 01","C6 ","M",72,378.67
"H01723","STATE 02","C6 ","M",,368.45
"H01724","STATE 15","C6 ","M",,362.46
"H01725","STATE 15","C1 ","M",72,360.83
"H01726","STATE 04","C6 ","F",,332.72
"H01727","STATE 02","C11","F",72,331.57
"H01728","STATE 07","F6 ","M",,312.7
"H01729","STATE 12","C6 ","M",,309.67
"H01730","STATE 17","C71","F",72,292.44
"H01731","STATE 10","C11","M",72,267.68
"H01732","STATE 17","C11","M",,265.23
"H01733","STATE 07","C11","F",72,264.91
"H01734","STATE 15","C7B","M",72,261.64
"H01735","STATE 02","C1B","M",72,260.56
"H01736","STATE 15","C11","M",72,248.69
"H01737","STATE 15","F11","M",72,243.38
"H01738","STATE 15","C6 ","M",72,235.51
"H01739","STATE 12","C1 ","M",72,225.16
"H01740","STATE 07","F11","F",72,224.66
"H01741","STATE 02","C11","M",72,221.7
"H01742","STATE 10","C1 ","F",72,221.04
"H01743","STATE 07","C6 ","M",72,217.44
"H01744","STATE 13","C11",,72,217.21
"H01745","STATE 03","C11","F",72,210
"H01746","STATE 12","C11","M",72,195
"H01747","STATE 04","C6 ","M",72,189.57
"H01748","STATE 07","C6 ","M",72,187.73
"H01749","STATE 17","C6 ","F",,171.35
"H01750","STATE 02","C1 ","M",,162.59
"H01751","STATE 15","C1 ","M",72,150.95
"H01752","STATE 04","C6 ","F",72,137.1
"H01753","STATE 15","C1 ","M",72,123.92
"H01754","STATE 15","C1 ","M",72,120.76
"H01755","STATE 10","C6 ","M",,111.3
"H01756","STATE 15","C6 ","M",72,103.75
"H01757","STATE 15","C6 ","M",72,98.22
"H01758","STATE 15","C6 ","F",72,96.45
"H01759","STATE 04","F6 ","M",72,75
"H01760","STATE 07","C6 ","F",72,51.37
"H01761","STATE 02","F1 ","M",,50
"H01762","STATE 04","C11","F",72,50
"H01763","STATE 04","C11","F",72,22.55
"H01764","STATE 04","C6 ","F",72,20.93
"H01765","STATE 15","C6 ","M",72,15
"H01766","STATE 07","C6 ","F",,13303.17
"H01767","STATE 06","C1 ","F",71,11511.72
"H01768","STATE 02","C11","F",71,8034.83
"H01769","STATE 03","C6 ","M",,7751.01
"H01770","STATE 15","C71","M",71,7135.59
"H01771","STATE 15","C11","M",71,6768.71
"H01772","STATE 12","C6 ","F",71,
"H01773","STATE 15","C11","M",71,6463.21
"H01774","STATE 06","C6 ","M",71,6267.53
"H01775","STATE 02","C6 ","F",71,6210.66
"H01776","STATE 17","C6 ","F",,6090.02
"H01777","STATE 06","C1 ","F",71,5812.6
"H01778","STATE 15","C1 ","F",71,5344.67
"H01779","STATE 15","F11","M",71,
"H01780","STATE 04","C11","M",71,4924.74
"H01781","STATE 06","C6 ","F",71,
"H01782","STATE 06","C7 ","F",71,
"H01783","STATE 01","F11","M",71,3872.81
"H01784","STATE 15","C6 ","M",,3806.45
"H01785","STATE 15","C6 ","M",71,3510.27
"H01786","STATE 04","C6 ","M",71,3387.75
"H01787","STATE 15","C11","F",71,3103.56
"H01788","STATE 15","F11","M",71,2978.34
"H01789","STATE 02","C6 ","F",71,2968.49
"H01790","STATE 07","C11","F",71,2960.83
"H01791","STATE 03","C6 ","F",,2909.74
"H01792","STATE 15","C6 ","F",71,2718.87
"H01793","STATE 04","F6 ","M",71,2570.92
"H01794","STATE 17","C11","M",71,2489.27
"H01795","STATE 04","C11","M",71,2436.6
"H01796","STATE 07","F6 ","F",71,2390
"H01797","STATE 15","C6 ","M",71,2299.2
"H01798","STATE 06","C1 ","M",71,2274.7
"H01799","STATE 15","C11","M",71,2194.43
"H01800","STATE 13","F11","M",71,2152.38
"H01801","STATE 13","C1B","M",71,2097.21
"H01802","STATE 15","C7 ","F",71,1945.2
"H01803","STATE 03","C6 ","M",,1881.4
"H01804","STATE 15","C1A","M",71,1837.28
"H01805","STATE 15","C1 ","M",71,1824.53
"H01806","STATE 04","C1B","M",71,1812.15
"H01807","STATE 02","C6 ","M",71,1765.57
"H01808","STATE 04","C71","M",71,1727.33
"H01809","STATE 10","C6 ","M",71,1700.22
"H01810","STATE 15","C6 ","M",71,1676.39
"H01811","STATE 02","C6 ","M",71,1676
"H01812","STATE 06","C1 ","M",71,1655.87
"H01813","STATE 17","C11",,71,1643.5
"H01814","STATE 14","F6 ",,71,1627
"H01815","STATE 02","C7 ","F",71,1618.47
"H01816","STATE 12","C6 ","M",,1578.3
"H01817","STATE 02","C6 ","M",,1505.43
"H01818","STATE 15","C11","F",71,1484.96
"H01819","STATE 15","C11","M",71,1424.51
"H01820","STATE 02","C6 ","M",71,1379.86
"H01821","STATE 02","C11","M",71,1364.79
"H01822","STATE 15","C6 ","F",,1362.3
"H01823","STATE 02","C6 ","F",,1353.43
"H01824","STATE 02","F6 ","M",,1331.73
"H01825","STATE 13","C6 ","M",71,1308.64
"H01826","STATE 15","C6 ","F",71,1288.68
"H01827","STATE 02","C11","M",71,1265.9
"H01828","STATE 02","C6 ","F",71,1238.87
"H01829","STATE 15","C1 ","M",71,1235.07
"H01830","STATE 15","C1 ","M",71,1217.1
"H01831","STATE 15","C6 ","M",71,1215.4
"H01832","STATE 01","C11","F",71,1206.44
"H01833","STATE 15","C6 ","M",,1172.96
"H01834","STATE 02","C11","F",71,1153.12
"H01835","STATE 17","C6 ","F",,1140.02
"H01836","STATE 03","C11","M",71,1114.88
"H01837","STATE 06","C71","M",71,1097.59
"H01838","STATE 06","C11","F",71,1097.41
"H01839","STATE 04","C6 ","M",71,1069.46
"H01840","STATE 02","C1 ","M",71,1031.69
"H01841","STATE 02","C11","M",71,1016
"H01842","STATE 15","C11","F",71,1015
"H01843","STATE 04","C7 ","M",71,1002.85
"H01844","STATE 02","F6 ","M",71,989.53
"H01845","STATE 10","C6 ","M",71,923.79
"H01846","STATE 15","C6 ","F",,913.17
"H01847","STATE 02","C6 ","F",71,910.01
"H01848","STATE 03","C11","M",71,900
"H01849","STATE 14","C11","F",71,869.93
"H01850","STATE 15","C11","F",71,861.79
"H01851","STATE 17","C6 ","M",71,857.4
"H01852","STATE 02","C11","F",71,856.81
"H01853","STATE 12","C6 ","M",,841.73
"H01854","STATE 15","C11","M",71,812.98
"H01855","STATE 01","C1 ","F",71,797.42
"H01856","STATE 06","C1 ","M",71,787.22
"H01857","STATE 07","C6 ","F",,784.39
"H01858","STATE 15","C6 ","F",,769.13
"H01859","STATE 02","C6 ","M",71,766.9
"H01860","STATE 15","C1B","M",71,763.66
"H01861","STATE 02","C11","F",71,759.15
"H01862","STATE 15","C1B","F",71,757.19
"H01863","STATE 04","C11","M",71,756.38
"H01864","STATE 15","C6 ","M",71,750
"H01865","STATE 15","C11","F",71,738.51
"H01866","STATE 13","C6 ","F",71,731.03
"H01867","STATE 14","C71","M",71,730.59
"H01868","STATE 04","C1 ","F",71,700
"H01869","STATE 15","C6 ","F",71,696.83
"H01870","STATE 06","C6 ","F",71,693.96
"H01871","STATE 15","C11","F",71,681.14
"H01872","STATE 15","C7 ","F",71,680.01
"H01873","STATE 15","F11","F",71,679.2
"H01874","STATE 15","C6 ","M",71,678.49
"H01875","STATE 07","C6 ","M",71,673.93
"H01876","STATE 10","C11","F",71,636.7
"H01877","STATE 10","C1B","M",71,629.68
"H01878","STATE 15","C6 ","F",,623.89
"H01879","STATE 06","C6 ",,71,597.06
"H01880","STATE 04","C7 ","M",71,593.14
"H01881","STATE 12","C6 ","M",71,579.38
"H01882","STATE 02","C6 ","M",71,579.18
"H01883","STATE 02","C6 ","F",,576.57
"H01884","STATE 15","C6 ","M",,564.6
"H01885","STATE 13","C1 ","F",71,562.05
"H01886","STATE 15","C6 ",,71,555.61
"H01887","STATE 15","C1 ","M",71,544.14
"H01888","STATE 15","C6 ","M",,543.54
"H01889","STATE 15","C7 ","M",71,541.67
"H01890","STATE 13","C11","F",71,527.34
"H01891","STATE 17","C6 ","F",71,525.23
"H01892","STATE 17","C1B","F",71,525.14
"H01893","STATE 15","C1A","M",71,516.87
"H01894","STATE 15","C6 ","M",,500
"H01895","STATE 02","C6 ",,71,499.91
"H01896","STATE 04","C6 ","F",71,497.22
"H01897","STATE 07","C6 ",,71,465.04
"H01898","STATE 06","C6 ","M",71,451.31
"H01899","STATE 15","C6 ","F",71,445.92
"H01900","STATE 02","F11","M",71,439.08
"H01901","STATE 04","C7 ","F",71,394
"H01902","STATE 17","C11","M",71,364.63
"H01903","STATE 01","C1 ","F",71,342.24
"H01904","STATE 15","C6 ","F",,335.58
"H01905","STATE 04","C6 ","F",71,332.06
"H01906","STATE 02","C6 ","F",,331.96
"H01907","STATE 15","C6 ","M",71,315.53
"H01908","STATE 15","C11","F",71,315
"H01909","STATE 17","F6 ","F",,309.53
"H01910","STATE 06","C6 ","M",71,308.96
"H01911","STATE 06","C6 ","F",71,298.19
"H01912","STATE 15","C6 ","M",,296.64
"H01913","STATE 04","F6 ","M",71,296.61
"H01914","STATE 15","C11","M",71,280.36
"H01915","STATE 15","C6 ","F",,276.41
"H01916","STATE 02","C1 ","M",71,271.36
"H01917","STATE 15","C11","F",71,221.76
"H01918","STATE 15","C11","M",,220.76
"H01919","STATE 15","C6 ","M",71,216.67
"H01920","STATE 02","C6 ","F",,151.75
"H01921","STATE 15","F6 ","M",71,111.99
"H01922","STATE 06","C11","M",71,87
"H01923","STATE 02","C11","F",71,10
"H01924","STATE 10","C7B","F",70,21404.96
"H01925","STATE 06","C7B","F",70,
"H01926","STATE 15","C71","M",70,17381.23
"H01927","STATE 15","C1 ","F",70,14958.11
"H01928","STATE 06","C1 ","F",70,13835.56
"H01929","STATE 03","C71","M",70,10527.4
"H01930","STATE 15","C7 ","F",70,8899.39
"H01931","STATE 02","F71","M",70,8785.14
"H01932","STATE 07","C7 ","M",70,7851.75
"H01933","STATE 06","C1 ","M",70,7751.55
"H01934","STATE 15","C71","F",70,
"H01935","STATE 17","C71","F",70,6686.93
"H01936","STATE 15","C7A","M",70,5711.53
"H01937","STATE 02","C7 ","M",70,5705.38
"H01938","STATE 15","C72","F",70,4784.73
"H01939","STATE 12","C11","F",70,4140.34
"H01940","STATE 07","C7 ","F",70,3804.44
"H01941","STATE 06","C7B","M",70,3760.07
"H01942","STATE 04","C7 ","M",70,3649.93
"H01943","STATE 02","C7B","M",70,3100.86
"H01944","STATE 15","C7 ","F",70,3000
"H01945","STATE 12","C1 ","M",70,2839.35
"H01946","STATE 15","C7 ","M",70,2819.38
"H01947","STATE 15","C71","F",70,2757.83
"H01948","STATE 02","C1B","M",70,2664.91
"H01949","STATE 15","C1 ","M",70,2604.35
"H01950","STATE 15","C7 ","F",70,2565.84
"H01951","STATE 13","C7 ",,70,2498.83
"H01952","STATE 02","F7 ","M",,2498.36
"H01953","STATE 04","C71","M",70,2390.4
"H01954","STATE 15","C7 ","F",70,2261.71
"H01955","STATE 13","C1 ","M",70,2221.87
"H01956","STATE 15","C7 ","M",70,2139.9
"H01957","STATE 02","C11","F",70,2098.31
"H01958","STATE 15","C71","F",70,2000
"H01959","STATE 17","C7 ","F",70,1908.4
"H01960","STATE 03","C11","M",70,1815.31
"H01961","STATE 12","C72","M",70,1708.23
"H01962","STATE 03","C1 ","M",70,1642.47
"H01963","STATE 17","C71","M",70,1639.82
"H01964","STATE 04","C71",,70,1600
"H01965","STATE 10","C71","M",70,1588.1
"H01966","STATE 02","F71","M",70,1556.03
"H01967","STATE 02","C1 ","M",70,1505.2
"H01968","STATE 06","C7 ","M",70,1500.48
"H01969","STATE 04","C71","M",70,1470.11
"H01970","STATE 15","F71","M",70,1460.86
"H01971","STATE 15","C71","M",70,1428
"H01972","STATE 02","F71","M",70,1412
"H01973","STATE 06","C71","M",70,1400.07
"H01974","STATE 01","C71","M",70,1397.89
"H01975","STATE 15","C1B","F",70,1388.57
"H01976","STATE 03","C71","M",70,1363.23
"H01977","STATE 01","C71","M",70,1347.91
"H01978","STATE 04","C72","F",70,1308.68
"H01979","STATE 07","C7 ","F",70,1292.04
"H01980","STATE 15","C1 ","F",70,1273.97
"H01981","STATE 03","C71","M",70,1232.48
"H01982","STATE 15","C7 ","F",70,1200
"H01983","STATE 01","C1 ","F",70,1132.41
"H01984","STATE 02","C7 ","F",70,1124.34
"H01985","STATE 04","C7 ","M",70,1113.37
"H01986","STATE 15","C71","M",70,1100
"H01987","STATE 15","F1 ","M",,1078.04
"H01988","STATE 12","C7 ","M",70,1007.6
"H01989","STATE 15","F7 ","M",70,998.93
"H01990","STATE 06","C1 ",,70,998.69
"H01991","STATE 02","C11","M",,993.19
"H01992","STATE 15","C11","F",,986.4
"H01993","STATE 02","C11","M",70,975.5
"H01994","STATE 04","C71","F",70,972.95
"H01995","STATE 02","C71","M",70,964.22
"H01996","STATE 14","F71","M",70,948.7
"H01997","STATE 03","C71","M",70,931.33
"H01998","STATE 07","C7 ","F",70,905.03
"H01999","STATE 03","C11","M",70,898.55
"H02000","STATE 13","C1B","M",70,843.56
"H02001","STATE 15","C1 ","F",70,841.13
"H02002","STATE 02","C1 ","F",70,834.82
"H02003","STATE 15","C1 ","M",70,822.1
"H02004","STATE 14","C7 ","F",70,812.89
"H02005","STATE 15","C11","M",70,798.43
"H02006","STATE 04","C7 ","F",70,784.78
"H02007","STATE 15","C1 ","F",70,762.22
"H02008","STATE 17","C71","M",70,761.22
"H02009","STATE 14","C1 ","F",70,754.56
"H02010","STATE 15","C71","F",,733.64
"H02011","STATE 07","C7 ","M",70,724.08
"H02012","STATE 06","C1 ","F",70,710.2
"H02013","STATE 15","F1 ","M",70,707.61
"H02014","STATE 01","F7 ","F",70,707.4
"H02015","STATE 10","C11","F",70,685.71
"H02016","STATE 06","C7 ","F",70,683.06
"H02017","STATE 04","C71","F",70,675.47
"H02018","STATE 02","C71","M",70,674.7
"H02019","STATE 02","C71","M",70,667
"H02020","STATE 02","C7 ","M",70,646.16
"H02021","STATE 15","C7 ","M",70,622.53
"H02022","STATE 17","C71","M",70,620.8
"H02023","STATE 06","C1 ",,70,611.58
"H02024","STATE 04","C71","M",70,610.66
"H02025","STATE 06","C1 ","M",70,608.88
"H02026","STATE 15","F11","M",70,604.95
"H02027","STATE 15","C2 ","M",70,600.59
"H02028","STATE 15","C71","M",70,587.51
"H02029","STATE 17","C71","F",70,580.48
"H02030","STATE 14","F71","M",70,569.8
"H02031","STATE 17","C7 ","M",70,532.14
"H02032","STATE 13","C7 ","M",70,498.42
"H02033","STATE 15","C11","M",70,494.21
"H02034","STATE 04","C71","F",70,490.25
"H02035","STATE 17","C7 ","F",70,489.73
"H02036","STATE 15","C7 ","F",70,479.66
"H02037","STATE 01","C11","M",70,472.72
"H02038","STATE 15","C7 ","M",70,465.5
"H02039","STATE 10","C71","F",70,460.22
"H02040","STATE 17","C7B","M",70,457.31
"H02041","STATE 04","C71","M",70,446.57
"H02042","STATE 15","C72","F",70,426.3
"H02043","STATE 06","C1 ","F",70,425.76
"H02044","STATE 03","C11","M",70,396.76
"H02045","STATE 15","C11","M",70,376.06
"H02046","STATE 12","C1B","M",70,369.59
"H02047","STATE 04","C7 ","M",70,354.86
"H02048","STATE 15","C1 ","F",70,329.91
"H02049","STATE 15","C1 ","M",70,316.5
"H02050","STATE 10","C7 ","F",70,295.69
"H02051","STATE 04","C71","M",70,280.45
"H02052","STATE 15","C71","F",70,272.83
"H02053","STATE 02","C1 ","F",70,272.01
"H02054","STATE 15","C11","M",70,268.6
"H02055","STATE 04","C7 ","M",70,258.5
"H02056","STATE 04","C71","M",70,254.2
"H02057","STATE 15","C7 ","M",70,252
"H02058","STATE 06","C71","M",70,246.96
"H02059","STATE 14","F11","F",70,237.39
"H02060","STATE 14","C7 ","F",70,191.09
"H02061","STATE 15","F71","M",70,172.95
"H02062","STATE 15","F71","M",70,170.46
"H02063","STATE 15","C71","M",70,149.63
"H02064","STATE 01","C7 ","F",70,111.56
"H02065","STATE 02","C1 ","M",70,64
"H02066","STATE 15","C1 ","M",70,53.98
"H02067","STATE 17","C7 ","M",70,50
"H02068","STATE 07","C7 ","F",69,60000
"H02069","STATE 02","C11","M",69,17240.81
"H02070","STATE 15","C71","M",69,15210.32
"H02071","STATE 10","C7 ","M",69,11392.59
"H02072","STATE 04","C7 ","F",69,9872.23
"H02073","STATE 06","C7 ","F",69,9756.78
"H02074","STATE 02","C7 ","M",69,8866.14
"H02075","STATE 01","C7 ","F",69,7523.88
"H02076","STATE 15","C7 ","F",69,5638.67
"H02077","STATE 06","C1 ","F",69,4643.8
"H02078","STATE 02","C7 ","M",69,4619
"H02079","STATE 13","C1 ","F",69,4592.5
"H02080","STATE 03","C71","M",69,4586
"H02081","STATE 15","C1 ","M",69,4161.48
"H02082","STATE 15","C7 ","M",69,4016.56
"H02083","STATE 15","C7A","M",69,4000
"H02084","STATE 12","C11","M",69,3864.06
"H02085","STATE 15","C1 ","M",69,3741.14
"H02086","STATE 17","C71","F",69,3725.26
"H02087","STATE 17","C7B",,69,3523.9
"H02088","STATE 15","C1 ","M",69,3500
"H02089","STATE 17","C71","M",69,3437.17
"H02090","STATE 10","F1 ","M",69,3401.33
"H02091","STATE 12","C11","F",69,3123.61
"H02092","STATE 01","C71","F",69,3064.5
"H02093","STATE 10","C7B","M",69,3007.96
"H02094","STATE 15","C11","M",69,2963.39
"H02095","STATE 06","C71","M",69,2848.08
"H02096","STATE 17","C7 ","F",69,2773.08
"H02097","STATE 02","C1 ","M",69,2533
"H02098","STATE 07","F71","M",69,2431.79
"H02099","STATE 06","C1 ","F",69,2378.85
"H02100","STATE 15","C7 ","M",69,2235.69
"H02101","STATE 13","C7B","M",69,2202.5
"H02102","STATE 10","F7 ","M",69,2192.98
"H02103","STATE 14","F7 ","M",69,2182.08
"H02104","STATE 15","F71","M",69,2143.83
"H02105","STATE 02","C1B","F",69,2066.24
"H02106","STATE 13","C71","F",69,2061.95
"H02107","STATE 02","C7 ","M",69,2025
"H02108","STATE 03","C7 ","M",69,2003.4
"H02109","STATE 06","C11","M",69,1888.25
"H02110","STATE 04","C7 ","M",69,1863.54
"H02111","STATE 17","C71","M",69,1856.45
"H02112","STATE 02","C7 ","F",69,1821.66
"H02113","STATE 10","C71","M",69,1752.16
"H02114","STATE 02","F11","F",69,1731
"H02115","STATE 12","C11","F",69,1709.08
"H02116","STATE 15","C11","F",69,1686.2
"H02117","STATE 15","C1A","F",69,1650
"H02118","STATE 04","C71","M",69,1648.41
"H02119","STATE 15","C1 ","F",69,1613.75
"H02120","STATE 15","C71","F",69,1601.01
"H02121","STATE 06","C71","F",69,1599.07
"H02122","STATE 15","C71","M",69,1592.26
"H02123","STATE 15","C11","M",69,1552.37
"H02124","STATE 15","C7B","M",69,1548
"H02125","STATE 10","C1 ","F",69,1543.88
"H02126","STATE 15","C7B","M",69,1502.55
"H02127","STATE 15","C71",,69,1441.86
"H02128","STATE 15","C11","M",69,1430.52
"H02129","STATE 12","C2 ","M",69,1428.87
"H02130","STATE 06","C71","M",69,1424.07
"H02131","STATE 17","C71","M",69,1381.16
"H02132","STATE 15","C7 ","F",69,1376.59
"H02133","STATE 12","C11","F",,1346.31
"H02134","STATE 02","C1 ","M",,1342.04
"H02135","STATE 04","C7 ","M",69,1336.26
"H02136","STATE 17","C71","F",69,1251.4
"H02137","STATE 02","C7 ","F",69,1248.01
"H02138","STATE 04","C71","F",69,1194.82
"H02139","STATE 15","C11","M",69,1160.5
"H02140","STATE 15","C7 ",,69,1136.97
"H02141","STATE 06","C1 ","F",69,1117.99
"H02142","STATE 03","C1 ","F",69,1117.82
"H02143","STATE 15","C2 ","M",69,1112.54
"H02144","STATE 03","C11","M",69,1085
"H02145","STATE 04","C7B","M",69,1079.39
"H02146","STATE 01","C7 ","F",69,1065.7
"H02147","STATE 04","C7 ","F",69,1058.27
"H02148","STATE 15","C1 ","M",69,1047.49
"H02149","STATE 02","C71","F",69,1036.1
"H02150","STATE 17","C71","M",69,990.86
"H02151","STATE 14","C11","M",69,958.45
"H02152","STATE 14","C71","M",69,950.61
"H02153","STATE 15","C1 ","M",69,947.71
"H02154","STATE 06","C1B","M",69,945.56
"H02155","STATE 15","C1 ","M",69,945.39
"H02156","STATE 12","C1 ","M",69,943.31
"H02157","STATE 03","C71","M",69,935.17
"H02158","STATE 04","C7 ","M",69,902.1
"H02159","STATE 15","C1 ","F",,900
"H02160","STATE 13","C71","F",69,883.75
"H02161","STATE 06","C1 ","M",,880.82
"H02162","STATE 15","C11","M",69,880.2
"H02163","STATE 15","C71","F",,875.28
"H02164","STATE 10","C71","M",69,871.16
"H02165","STATE 15","F1 ","F",69,863.43
"H02166","STATE 02","C7 ","M",69,858.42
"H02167","STATE 04","C7 ","M",69,851.49
"H02168","STATE 17","C71","M",69,835.05
"H02169","STATE 15","C7B","F",69,800
"H02170","STATE 15","C7B","M",69,787.04
"H02171","STATE 11","C7B","F",69,783.53
"H02172","STATE 06","C1 ","F",69,742.15
"H02173","STATE 02","C1 ","M",69,731.35
"H02174","STATE 15","C71","M",69,728.53
"H02175","STATE 14","C71","M",69,713.55
"H02176","STATE 17","C7 ","M",69,701.89
"H02177","STATE 02","C71","F",69,698.49
"H02178","STATE 15","C7A","M",69,695.53
"H02179","STATE 15","C71","F",,690.92
"H02180","STATE 17","C7 ",,69,689.11
"H02181","STATE 15","C1B","F",69,685
"H02182","STATE 14","F7 ","M",69,675
"H02183","STATE 15","C71","M",69,673.51
"H02184","STATE 06","C11","M",69,672.31
"H02185","STATE 15","C7 ","F",69,663.91
"H02186","STATE 03","C1 ","F",69,656.93
"H02187","STATE 15","C1 ","F",69,654.75
"H02188","STATE 15","C71","M",69,651.09
"H02189","STATE 04","C71","F",69,645.8
"H02190","STATE 04","C71","M",69,642.82
"H02191","STATE 06","C71","M",69,633.79
"H02192","STATE 15","C1 ","M",69,626.38
"H02193","STATE 17","C7B","M",69,624.26
"H02194","STATE 02","C1 ","M",69,623.89
"H02195","STATE 06","C7 ","M",69,617.4
"H02196","STATE 15","C71","M",69,609.74
"H02197","STATE 15","C11","F",69,606.36
"H02198","STATE 02","C11",,69,596.99
"H02199","STATE 07","C7 ","M",69,585.36
"H02200","STATE 15","C71","M",69,573.4
"H02201","STATE 02","C7A","F",69,559
"H02202","STATE 15","C7B","M",69,552.16
"H02203","STATE 15","C11","M",69,548.6
"H02204","STATE 03","C7B","M",69,535
"H02205","STATE 15","C1 ","M",69,514.71
"H02206","STATE 15","C1 ","M",69,498.42
"H02207","STATE 07","F7 ","M",69,498.11
"H02208","STATE 04","C7B","M",69,488.23
"H02209","STATE 15","C11","M",69,488.16
"H02210","STATE 10","C7 ","F",69,484.1
"H02211","STATE 02","C71","F",69,460.33
"H02212","STATE 15","C11","M",69,458
"H02213","STATE 15","C71","M",69,443.95
"H02214","STATE 03","C71","M",69,440.86
"H02215","STATE 17","C71","F",69,439.54
"H02216","STATE 13","C1 ","M",,431.98
"H02217","STATE 03","C7 ","M",69,400
"H02218","STATE 03","C7 ","M",69,400
"H02219","STATE 10","C1 ","F",69,399.75
"H02220","STATE 02","C1 ","M",69,394.49
"H02221","STATE 06","C7 ","F",69,390
"H02222","STATE 04","C71","M",69,376.14
"H02223","STATE 14","C11","F",69,332.52
"H02224","STATE 15","C7 ","F",69,321.6
"H02225","STATE 15","C11","M",,299.25
"H02226","STATE 17","F7 ","M",69,297.41
"H02227","STATE 15","C71","M",69,288.96
"H02228","STATE 17","C71","F",69,280.9
"H02229","STATE 06","C71","M",69,264.7
"H02230","STATE 07","C71","M",69,253.59
"H02231","STATE 03","F7 ","F",69,249.87
"H02232","STATE 15","C71","M",69,245.93
"H02233","STATE 15","C7 ","M",69,237.37
"H02234","STATE 04","C7B","M",69,234.2
"H02235","STATE 15","C7 ","F",69,223.23
"H02236","STATE 02","C7 ","M",69,209.83
"H02237","STATE 04","C71","M",69,172.06
"H02238","STATE 10","C7 ","F",69,164.7
"H02239","STATE 04","C7 ","M",69,161.2
"H02240","STATE 14","C11","M",69,138.86
"H02241","STATE 17","C7 ","F",69,128
"H02242","STATE 17","C71",,69,104.95
"H02243","STATE 15","F71","F",69,101.25
"H02244","STATE 15","C1 ","F",69,100
"H02245","STATE 04","F71","M",69,85.5
"H02246","STATE 15","C7 ","F",69,75
"H02247","STATE 15","C7 ","M",69,68.74
"H02248","STATE 15","C7 ","F",69,30
"H02249","STATE 04","C7 ","M",68,
"H02250","STATE 17","C7B",,68,14104
"H02251","STATE 15","C71","F",68,9562.71
"H02252","STATE 06","C7 ","M",68,9234.78
"H02253","STATE 06","C7 ","M",68,8381.6
"H02254","STATE 15","C11","M",68,8123.33
"H02255","STATE 15","C71","M",68,
"H02256","STATE 15","C11","F",68,6410.64
"H02257","STATE 10","C71","M",68,6386.3
"H02258","STATE 15","C1 ","M",68,6090.75
"H02259","STATE 17","C7 ","M",68,5905.64
"H02260","STATE 15","C11","F",68,5382.57
"H02261","STATE 06","C7 ","M",68,5311.27
"H02262","STATE 06","C1 ","M",68,5158.65
"H02263","STATE 17","C7B","F",68,5035.93
"H02264","STATE 17","C7 ","M",68,5004.55
"H02265","STATE 13","C7 ",,68,4689.9
"H02266","STATE 02","C71","F",68,4625.47
"H02267","STATE 12","C11","F",68,4523.97
"H02268","STATE 02","C1 ","M",68,4518.7
"H02269","STATE 06","C7B","M",68,4387.4
"H02270","STATE 15","C7B","M",68,4243.57
"H02271","STATE 12","C1B",,68,3637.01
"H02272","STATE 15","C71","M",68,3594.7
"H02273","STATE 15","C71","M",68,3354.04
"H02274","STATE 02","C71",,68,3254.87
"H02275","STATE 01","C71","F",68,3250
"H02276","STATE 06","C71","F",68,2935.61
"H02277","STATE 10","C7 ","M",68,2882.67
"H02278","STATE 10","C7 ","M",68,2786.41
"H02279","STATE 10","C7 ",,68,2524.92
"H02280","STATE 04","C71",,68,2370.82
"H02281","STATE 12","C6 ","M",68,2364.45
"H02282","STATE 02","C71","F",68,2364.24
"H02283","STATE 06","C1B","M",68,2354.21
"H02284","STATE 04","C7 ","M",68,2350
"H02285","STATE 03","C1 ","F",68,2343
"H02286","STATE 15","C7 ","M",68,2226.66
"H02287","STATE 15","C11","F",68,2144
"H02288","STATE 02","C1 ","F",,2119.74
"H02289","STATE 15","C7 ","M",68,2044.59
"H02290","STATE 17","C7B","M",68,2017.19
"H02291","STATE 12","C71","M",68,1963.85
"H02292","STATE 04","C7 ","M",68,1846.01
"H02293","STATE 10","C11","M",68,1843.84
"H02294","STATE 01","C7 ","M",68,1843.41
"H02295","STATE 15","C1 ","M",68,1815.95
"H02296","STATE 15","C11","M",,1815.83
"H02297","STATE 07","C7A","M",68,1784.47
"H02298","STATE 04","C7 ","M",68,1707.92
"H02299","STATE 06","C7 ","M",68,1695.67
"H02300","STATE 15","C7C","M",68,1694.59
"H02301","STATE 13","C7 ","F",68,1692.96
"H02302","STATE 15","F71","F",68,1644.78
"H02303","STATE 04","C7 ","F",68,1589.7
"H02304","STATE 15","C11","M",68,1589.45
"H02305","STATE 03","C1 ","F",68,1560.42
"H02306","STATE 15","C7 ","M",68,1501.05
"H02307","STATE 06","C71","M",68,1402.18
"H02308","STATE 15","C11","F",68,1379.16
"H02309","STATE 04","C7 ","F",68,1369.74
"H02310","STATE 15","C7 ","M",68,1301.51
"H02311","STATE 15","C71","F",68,1246.51
"H02312","STATE 15","C71","M",68,1237.83
"H02313","STATE 04","C7 ","M",68,1172.82
"H02314","STATE 15","C1 ",,68,1165.76
"H02315","STATE 15","C1 ","M",68,1152.17
"H02316","STATE 04","F7 ","M",68,1150.87
"H02317","STATE 15","C71","M",68,1144.04
"H02318","STATE 04","C7 ","F",68,1060.6
"H02319","STATE 14","C1 ","M",68,1054.03
"H02320","STATE 06","C7 ","M",68,1050
"H02321","STATE 04","C7A","M",68,1048.69
"H02322","STATE 06","C1B","F",68,1046.32
"H02323","STATE 02","C1 ","M",68,1000
"H02324","STATE 03","C7B","F",68,1000
"H02325","STATE 15","C11","F",68,983.48
"H02326","STATE 04","C7B","M",68,968.31
"H02327","STATE 15","C7 ","F",68,961.54
"H02328","STATE 04","C71","M",68,946.38
"H02329","STATE 15","C11","M",68,924.7
"H02330","STATE 15","C71","F",68,918.99
"H02331","STATE 15","C72","F",68,914.26
"H02332","STATE 02","C1 ",,68,897.96
"H02333","STATE 01","C1 ","M",68,874.67
"H02334","STATE 02","C1 ","M",68,866.26
"H02335","STATE 10","C7 ","F",68,847.65
"H02336","STATE 06","C7 ","F",68,846.39
"H02337","STATE 06","C7B","M",68,834.83
"H02338","STATE 13","C71","M",68,825.66
"H02339","STATE 15","C1 ","M",68,817.5
"H02340","STATE 02","C7 ","F",68,797.92
"H02341","STATE 06","C1 ","M",68,797.06
"H02342","STATE 15","C1 ","F",68,774.88
"H02343","STATE 02","C71","M",68,764.19
"H02344","STATE 02","C7 ","F",68,749.38
"H02345","STATE 02","C11","M",68,748.45
"H02346","STATE 15","C1C","M",68,692.37
"H02347","STATE 17","C7 ","M",68,682.85
"H02348","STATE 10","C11","M",68,677.66
"H02349","STATE 15","C7 ","F",68,676
"H02350","STATE 15","C1 ","M",68,670.27
"H02351","STATE 15","F7 ",,68,658.28
"H02352","STATE 15","C1 ",,68,647.18
"H02353","STATE 17","C71","M",68,604.95
"H02354","STATE 04","C7 ","M",68,585.34
"H02355","STATE 06","C1 ","F",68,568.02
"H02356","STATE 02","C1 ","F",68,565.02
"H02357","STATE 15","C11","F",68,559.98
"H02358","STATE 07","C71","M",68,550
"H02359","STATE 15","C71","M",68,539.26
"H02360","STATE 07","F71","M",68,529.28
"H02361","STATE 15","C11","F",68,518.95
"H02362","STATE 15","C1 ","M",68,513.66
"H02363","STATE 07","C71","M",68,499.18
"H02364","STATE 10","C1 ","F",68,491.87
"H02365","STATE 15","C11","F",68,471.03
"H02366","STATE 02","C1 ","F",68,464.51
"H02367","STATE 02","C7 ","M",68,456.87
"H02368","STATE 03","C71","M",68,440.87
"H02369","STATE 02","F7 ","M",68,437.38
"H02370","STATE 04","C7 ","F",68,436.87
"H02371","STATE 04","C71","M",68,401.05
"H02372","STATE 10","C1 ","F",,398.2
"H02373","STATE 15","C11","F",68,388.03
"H02374","STATE 15","C7 ","M",68,386.96
"H02375","STATE 17","C71","M",68,386.12
"H02376","STATE 15","C72","M",68,377.54
"H02377","STATE 14","C1 ","M",68,374.71
"H02378","STATE 17","C7 ","M",68,357.94
"H02379","STATE 02","C7 ","F",68,356.9
"H02380","STATE 15","C71","F",68,356.06
"H02381","STATE 01","C7 ","M",68,348.75
"H02382","STATE 15","C7 ","M",68,344.66
"H02383","STATE 04","C7A","F",68,340.34
"H02384","STATE 15","C71","M",68,326.4
"H02385","STATE 15","C11","M",68,321.73
"H02386","STATE 06","C11","F",68,320.56
"H02387","STATE 15","C71","F",68,320.27
"H02388","STATE 15","C11","M",68,316
"H02389","STATE 04","C71","F",68,310.17
"H02390","STATE 12","C1B","M",,309.77
"H02391","STATE 07","C7 ","F",68,303
"H02392","STATE 06","C1 ","F",68,300
"H02393","STATE 02","C7B","M",68,298.52
"H02394","STATE 10","C71","F",68,262.08
"H02395","STATE 15","C71","M",68,200
"H02396","STATE 15","C1 ","F",68,198.98
"H02397","STATE 15","C11","M",68,174.71
"H02398","STATE 02","C7 ","M",68,148.39
"H02399","STATE 12","C71","M",68,135
"H02400","STATE 15","F7 ","M",68,128.18
"H02401","STATE 02","C7 ","M",68,127.09
"H02402","STATE 17","C71","F",68,70.98
"H02403","STATE 04","C71",,68,49.95
"H02404","STATE 15","C11","M",,47.52
"H02405","STATE 02","C7 ","M",67,
"H02406","STATE 15","C1A","F",67,11458.07
"H02407","STATE 15","C7A","F",67,9112.54
"H02408","STATE 10","C71","F",67,8969.76
"H02409","STATE 15","C1 ","F",67,
"H02410","STATE 12","C7 ",,67,7827.74
"H02411","STATE 01","F71","M",67,6594.66
"H02412","STATE 07","C7 ","F",67,
"H02413","STATE 07","C7B","F",67,
"H02414","STATE 06","C72","M",67,5624.94
"H02415","STATE 03","C7 ","F",67,5381.14
"H02416","STATE 15","C11","M",67,
"H02417","STATE 02","C7 ","F",67,
"H02418","STATE 10","C11","F",67,4495.48
"H02419","STATE 02","F7 ","M",67,4263.99
"H02420","STATE 17","C7 ","F",67,4229
"H02421","STATE 01","F71","M",67,3887.76
"H02422","STATE 10","C1 ","F",67,3864.39
"H02423","STATE 06","C7A","M",67,3697.38
"H02424","STATE 04","C7 ","F",,3656.77
"H02425","STATE 04","C7B","M",67,3404.82
"H02426","STATE 02","C71","M",67,3348.34
"H02427","STATE 06","C7B","F",67,3140.79
"H02428","STATE 12","C11","F",67,3008.21
"H02429","STATE 06","C7 ","F",67,2945.63
"H02430","STATE 02","C11","M",67,2928.92
"H02431","STATE 02","C71","F",67,2688.04
"H02432","STATE 03","C11","F",67,2547.5
"H02433","STATE 15","C71","M",67,2545.12
"H02434","STATE 01","C1 ","M",67,2496.15
"H02435","STATE 15","C7B","M",,2407.52
"H02436","STATE 03","C1A","M",67,2300.04
"H02437","STATE 04","C71","M",67,2276.5
"H02438","STATE 04","C71","F",67,2200.63
"H02439","STATE 02","C1 ","M",67,2194.65
"H02440","STATE 06","C7C","F",67,2180.31
"H02441","STATE 03","C11","M",67,2170.84
"H02442","STATE 02","C1 ","M",67,2129.17
"H02443","STATE 04","C7 ","M",67,2106.39
"H02444","STATE 02","C1 ","M",67,2102.34
"H02445","STATE 17","C71","F",67,2096.64
"H02446","STATE 15","C71","F",67,2064.12
"H02447","STATE 17","C71","M",67,2062.48
"H02448","STATE 02","C7 ","M",67,2017.28
"H02449","STATE 17","C7 ","M",67,1977.88
"H02450","STATE 04","C7 ","M",67,1918.8
"H02451","STATE 17","C7 ","F",67,1845.23
"H02452","STATE 17","C71","M",67,1761.6
"H02453","STATE 15","C71","M",67,1761.25
"H02454","STATE 15","C11","F",67,1730.61
"H02455","STATE 13","C7 ","F",67,1695.14
"H02456","STATE 02","C71","F",67,1678.17
"H02457","STATE 02","C11","M",67,1651.86
"H02458","STATE 15","C71","M",67,1646.25
"H02459","STATE 07","C71",,67,1638.31
"H02460","STATE 13","C2 ","F",67,1609.5
"H02461","STATE 15","C7B","M",67,1482.45
"H02462","STATE 02","C1 ","F",67,1480.93
"H02463","STATE 10","C11",,67,1475.42
"H02464","STATE 15","C7A","M",67,1455.9
"H02465","STATE 14","C7 ","M",67,1454.96
"H02466","STATE 04","C71","F",67,1441.56
"H02467","STATE 02","C1 ","M",67,1432.32
"H02468","STATE 15","C1 ","F",67,1404.71
"H02469","STATE 06","C1 ","M",67,1355.5
"H02470","STATE 02","C7 ","M",67,1348.93
"H02471","STATE 15","C7A","F",67,1288
"H02472","STATE 06","C11","F",67,1253.03
"H02473","STATE 07","C7 ","F",67,1238.2
"H02474","STATE 07","C7 ","M",67,1216.8
"H02475","STATE 02","C7 ","M",67,1211.25
"H02476","STATE 14","C71","M",67,1189.96
"H02477","STATE 15","C11","M",67,1164.3
"H02478","STATE 02","C11","M",67,1113.94
"H02479","STATE 15","C11","F",67,1112.19
"H02480","STATE 17","C71","M",67,1090.41
"H02481","STATE 14","C7 ","F",67,1075.68
"H02482","STATE 17","C71","M",67,1040.42
"H02483","STATE 15","C71","M",67,979.54
"H02484","STATE 02","F1 ","M",67,940.28
"H02485","STATE 02","C1 ","M",67,925.47
"H02486","STATE 03","C7 ","M",67,925
"H02487","STATE 15","C1B","M",67,905.7
"H02488","STATE 03","C7 ","F",67,886.45
"H02489","STATE 06","C1 ","F",67,882.54
"H02490","STATE 07","C71","M",67,875.6
"H02491","STATE 15","C7 ","M",67,862.02
"H02492","STATE 15","C11","F",67,852.22
"H02493","STATE 03","C1 ","M",67,850
"H02494","STATE 06","C71","F",67,850
"H02495","STATE 02","C11","F",67,817.63
"H02496","STATE 04","C7 ","M",67,808.2
"H02497","STATE 04","C7B","M",67,802.74
"H02498","STATE 15","C7 ","M",67,740.68
"H02499","STATE 13","C11","M",67,735.66
"H02500","STATE 02","C7B","F",67,700
"H02501","STATE 04","C7 ","M",67,700
"H02502","STATE 10","C71","M",67,691.53
"H02503","STATE 15","C7 ","F",67,666.6
"H02504","STATE 12","C11","F",67,665.5
"H02505","STATE 15","C7 ","M",67,665.46
"H02506","STATE 14","C71","F",67,648.98
"H02507","STATE 06","C7 ","M",67,645.37
"H02508","STATE 02","F7 ",,67,639.49
"H02509","STATE 15","C7A","M",67,637.65
"H02510","STATE 06","C1 ","M",67,613.75
"H02511","STATE 15","C7 ","F",67,604.33
"H02512","STATE 15","C7 ","M",67,600.11
"H02513","STATE 07","C7 ","M",67,589.01
"H02514","STATE 02","C7 ","F",67,578.69
"H02515","STATE 04","C7B","M",67,572.44
"H02516","STATE 15","C7A","M",67,571.84
"H02517","STATE 15","C71","M",67,538.34
"H02518","STATE 02","C71","M",67,536.96
"H02519","STATE 15","C7 ","F",67,524
"H02520","STATE 15","C7B","M",67,515.3
"H02521","STATE 15","F71",,67,498.48
"H02522","STATE 12","C11","M",67,486.28
"H02523","STATE 02","C1 ","M",,481.38
"H02524","STATE 15","F71","M",67,479.01
"H02525","STATE 12","C1B","F",67,477.16
"H02526","STATE 15","C11","M",67,475.16
"H02527","STATE 04","C7 ","M",67,470
"H02528","STATE 10","C71","F",67,463.58
"H02529","STATE 02","C7 ","M",67,455.7
"H02530","STATE 12","C1 ","M",67,443.19
"H02531","STATE 15","C7B","M",67,442.33
"H02532","STATE 15","C11","F",,442.09
"H02533","STATE 02","C1A","M",67,420.68
"H02534","STATE 02","C7 ","F",67,417.18
"H02535","STATE 06","C1 ","F",67,414.95
"H02536","STATE 02","C11","M",67,412.47
"H02537","STATE 02","C7 ","F",67,399.13
"H02538","STATE 14","F7 ","F",67,385.2
"H02539","STATE 04","C7B","F",,383.73
"H02540","STATE 04","C71","M",67,369.02
"H02541","STATE 04","C7 ","M",67,367
"H02542","STATE 07","C7 ","M",67,351.35
"H02543","STATE 17","C7 ","F",67,348.75
"H02544","STATE 06","C71","F",67,346.79
"H02545","STATE 17","C7 ","M",67,323
"H02546","STATE 04","C7 ","F",67,322.5
"H02547","STATE 15","F11","M",67,318.04
"H02548","STATE 04","C7 ","M",67,313.48
"H02549","STATE 02","F71","F",67,296.48
"H02550","STATE 15","C1 ","M",67,292.39
"H02551","STATE 02","C71","M",67,283.61
"H02552","STATE 01","C1 ","F",67,253.12
"H02553","STATE 15","C11","M",67,251.09
"H02554","STATE 17","C7 ","M",67,244.23
"H02555","STATE 04","C71","M",67,238.23
"H02556","STATE 02","C7 ","M",67,221.75
"H02557","STATE 15","C7 ","M",67,182.48
"H02558","STATE 15","C7 ","F",67,181.35
"H02559","STATE 07","C7 ","M",67,156.05
"H02560","STATE 15","C7 ","F",67,151.92
"H02561","STATE 15","C1B","M",67,132
"H02562","STATE 15","C1 ","F",67,100
"H02563","STATE 15","C1B","M",67,37.68
"H02564","STATE 04","C7 ","M",67,32
"H02565","STATE 04","C7 ","M",,14753.58
"H02566","STATE 15","C1 ","F",66,12420.05
"H02567","STATE 15","C71","M",66,11545.27
"H02568","STATE 03","C71","F",66,11288.76
"H02569","STATE 04","C7B","M",66,10175.27
"H02570","STATE 15","C7 ","M",66,8544.82
"H02571","STATE 10","C11","F",66,7910.74
"H02572","STATE 15","C71","F",66,7362.9
"H02573","STATE 14","C7 ","M",66,7113.71
"H02574","STATE 04","C71","M",66,
"H02575","STATE 15","C7B","M",66,6307.3
"H02576","STATE 02","C7B","M",66,6277.84
"H02577","STATE 03","C71","F",66,6203.72
"H02578","STATE 07","C7 ","F",66,6149.33
"H02579","STATE 17","C7B","F",66,5305.82
"H02580","STATE 13","C1 ","M",66,
"H02581","STATE 17","C71","F",66,4786.51
"H02582","STATE 06","C7 ","F",66,4730.23
"H02583","STATE 07","C7 ","M",66,
"H02584","STATE 15","C7 ","M",66,4655.5
"H02585","STATE 03","C11","M",66,4330.47
"H02586","STATE 10","C71","M",66,4325.98
"H02587","STATE 15","C1 ","F",66,4305.96
"H02588","STATE 02","C71","M",66,4175.95
"H02589","STATE 02","C11","F",66,4093.72
"H02590","STATE 15","C71","M",66,3945.47
"H02591","STATE 02","C7 ","F",66,3418.02
"H02592","STATE 04","C71","M",66,3365.38
"H02593","STATE 17","C7 ","F",66,3229.29
"H02594","STATE 15","C7 ","F",66,3200.29
"H02595","STATE 17","C71","M",66,3167.49
"H02596","STATE 03","C71","M",66,3077.45
"H02597","STATE 06","C7 ","M",66,2893.39
"H02598","STATE 06","C1 ","M",66,2868.32
"H02599","STATE 10","C1C","M",66,2865.53
"H02600","STATE 02","C1 ","M",66,2797.4
"H02601","STATE 17","C7 ","M",66,2775.76
"H02602","STATE 15","C11","M",66,2653.4
"H02603","STATE 15","C1 ","M",66,2580.07
"H02604","STATE 15","C11",,66,2572.22
"H02605","STATE 04","C71","M",66,2551.38
"H02606","STATE 06","C1 ","M",66,2434.38
"H02607","STATE 03","C1B","F",66,2194.21
"H02608","STATE 02","F71","M",66,2149.87
"H02609","STATE 14","C7 ","M",66,2135.86
"H02610","STATE 04","C7 ","F",66,1939.67
"H02611","STATE 15","C7B","M",66,1911.4
"H02612","STATE 02","C71","M",66,1835
"H02613","STATE 15","C7 ","F",66,1712.27
"H02614","STATE 10","C1A","M",66,1712.13
"H02615","STATE 02","C7B","M",66,1711.12
"H02616","STATE 04","C72","F",66,1680.86
"H02617","STATE 15","C1 ","M",66,1606.17
"H02618","STATE 04","C72","M",66,1516.88
"H02619","STATE 13","C71","F",66,1488.46
"H02620","STATE 02","C1 ","F",66,1484.85
"H02621","STATE 04","C7 ","F",66,1455.09
"H02622","STATE 17","C7 ","M",66,1449.03
"H02623","STATE 15","C71",,66,1425.58
"H02624","STATE 07","C7 ","F",66,1396.61
"H02625","STATE 14","F1 ","M",66,1377.31
"H02626","STATE 13","C1B","M",66,1360.8
"H02627","STATE 15","C7 ","M",66,1346.19
"H02628","STATE 15","C1 ","F",66,1320.95
"H02629","STATE 06","C1A","F",66,1275.19
"H02630","STATE 04","C7 ","M",66,1247.2
"H02631","STATE 02","C11","M",66,1179.22
"H02632","STATE 15","C1 ","F",,1165.93
"H02633","STATE 15","C11","M",66,1108.42
"H02634","STATE 15","C11","M",66,1097.72
"H02635","STATE 15","C7 ","M",66,1092.47
"H02636","STATE 15","C1 ","M",66,1086.77
"H02637","STATE 17","C7B",,66,1035.16
"H02638","STATE 17","C7 ","M",66,1028.73
"H02639","STATE 04","C71","F",66,1001.76
"H02640","STATE 10","C71","M",66,1000
"H02641","STATE 15","C1B","F",66,1000
"H02642","STATE 04","C71","M",66,994.45
"H02643","STATE 15","C7A","F",66,993.15
"H02644","STATE 10","C71","M",66,989.59
"H02645","STATE 04","C71","M",66,987
"H02646","STATE 02","C7 ","M",66,977.46
"H02647","STATE 07","C7 ","M",66,974.34
"H02648","STATE 04","C71","F",,970.83
"H02649","STATE 02","F71","M",66,970.57
"H02650","STATE 02","C1 ","M",66,928.69
"H02651","STATE 02","C11","F",66,927.2
"H02652","STATE 02","C72","M",66,925.05
"H02653","STATE 03","C1 ","M",66,901.06
"H02654","STATE 06","C7 ","M",66,891.09
"H02655","STATE 10","C71","M",66,882.77
"H02656","STATE 03","C11","M",66,878.48
"H02657","STATE 10","C71","M",66,875.87
"H02658","STATE 02","C7B","F",66,869.62
"H02659","STATE 15","C11","M",66,829.65
"H02660","STATE 17","C71","F",66,825.34
"H02661","STATE 02","C7 ","F",66,822.31
"H02662","STATE 07","C71","M",66,818.44
"H02663","STATE 12","C7 ","M",66,811.97
"H02664","STATE 13","C7 ","M",66,809.59
"H02665","STATE 02","C1 ","F",,805.95
"H02666","STATE 02","C7 ","M",66,787.5
"H02667","STATE 02","C1B","F",66,784.36
"H02668","STATE 15","C7A","M",66,740.61
"H02669","STATE 15","C7A","M",66,732.37
"H02670","STATE 15","C1 ","M",66,726.58
"H02671","STATE 02","C1A","M",66,724.4
"H02672","STATE 10","C7 ","F",66,709.73
"H02673","STATE 03","C7 ","M",66,679.51
"H02674","STATE 17","C7 ","F",,670.77
"H02675","STATE 15","C71","M",66,641.4
"H02676","STATE 15","C11","M",66,639.35
"H02677","STATE 04","C71",,66,638.99
"H02678","STATE 15","C1 ","M",66,631.16
"H02679","STATE 15","C11","F",66,626.3
"H02680","STATE 03","F7 ","M",,599.47
"H02681","STATE 04","C7 ","M",66,577.45
"H02682","STATE 04","C71","M",66,575.48
"H02683","STATE 06","C71","M",66,570.37
"H02684","STATE 15","C7 ","M",66,546.32
"H02685","STATE 17","C71","F",66,540.51
"H02686","STATE 15","C7 ","M",66,536.11
"H02687","STATE 17","C71","F",66,533.33
"H02688","STATE 13","C1 ","F",66,523.61
"H02689","STATE 04","C71","M",66,515.28
"H02690","STATE 12","C1 ","F",66,513.92
"H02691","STATE 15","C7B","F",66,505.79
"H02692","STATE 13","C11","M",66,487.52
"H02693","STATE 02","C7 ","M",66,473.93
"H02694","STATE 15","C71","M",66,473.91
"H02695","STATE 02","F1 ","M",66,470.76
"H02696","STATE 10","C71","M",66,464.59
"H02697","STATE 02","C7 ","M",66,463.87
"H02698","STATE 15","C11","M",66,460.36
"H02699","STATE 04","C7 ","F",66,458.78
"H02700","STATE 02","C11","M",66,455.71
"H02701","STATE 15","C11","M",66,443.52
"H02702","STATE 04","C71","F",66,429.27
"H02703","STATE 02","C7 ","M",66,426.67
"H02704","STATE 02","C7 ","F",66,417.22
"H02705","STATE 04","C7 ","F",66,415.68
"H02706","STATE 15","C71","M",66,379.86
"H02707","STATE 13","C11","M",66,373.08
"H02708","STATE 02","C11","M",66,370.78
"H02709","STATE 15","C7 ","M",,348.53
"H02710","STATE 02","C1 ","M",66,339.86
"H02711","STATE 06","C11","F",66,339.24
"H02712","STATE 15","C71","M",66,321.78
"H02713","STATE 04","C7 ","M",66,319.56
"H02714","STATE 15","C71","M",66,318.05
"H02715","STATE 03","C1 ","F",66,312.52
"H02716","STATE 15","C7 ","F",66,312.12
"H02717","STATE 04","C7 ","F",66,307.89
"H02718","STATE 17","C71","M",66,303.24
"H02719","STATE 04","C71","M",66,301.73
"H02720","STATE 02","C11","M",66,291.92
"H02721","STATE 01","F7 ","F",66,288.4
"H02722","STATE 13","C7 ","F",66,281.04
"H02723","STATE 03","F71","M",66,278.45
"H02724","STATE 02","C11","M",66,266.5
"H02725","STATE 07","C71",,66,257.01
"H02726","STATE 01","C1 ","F",66,240.86
"H02727","STATE 15","C7B","F",66,208.09
"H02728","STATE 02","C71","M",66,201.72
"H02729","STATE 15","C7 ","M",66,189.9
"H02730","STATE 02","C7 ","M",66,165.72
"H02731","STATE 04","C7 ","M",66,150
"H02732","STATE 15","C1 ","F",66,134.4
"H02733","STATE 12","C71","M",66,129.18
"H02734","STATE 17","C71","F",66,121.78
"H02735","STATE 03","C7 ","F",66,106
"H02736","STATE 04","C71","M",66,66.78
"H02737","STATE 07","C7 ","F",,49.89
"H02738","STATE 15","C71","F",66,43
"H02739","STATE 04","C71","M",65,
"H02740","STATE 10","C7 ","M",65,
"H02741","STATE 04","C71","M",,7487.94
"H02742","STATE 12","C1A","M",,
"H02743","STATE 15","C1 ","M",65,
"H02744","STATE 15","C7 ","M",65,6017.22
"H02745","STATE 07","C7 ","M",65,5476.56
"H02746","STATE 02","C11","M",,5408.38
"H02747","STATE 02","C71","M",65,5232.51
"H02748","STATE 06","C71","M",65,5217.91
"H02749","STATE 15","C71","M",65,4980.09
"H02750","STATE 02","C1 ","M",65,4929.65
"H02751","STATE 02","C11","F",65,4398.4
"H02752","STATE 01","F1 ","M",65,4381.34
"H02753","STATE 02","C71","F",65,4023.27
"H02754","STATE 06","C7 ","F",65,3966.43
"H02755","STATE 06","C11","M",65,3895.54
"H02756","STATE 02","C71","M",65,3850
"H02757","STATE 12","C7 ","M",65,3817.04
"H02758","STATE 02","C7A","M",65,3609.66
"H02759","STATE 12","C11","M",65,3371.68
"H02760","STATE 15","C7B","F",65,3331.45
"H02761","STATE 15","C7 ","F",65,3131.11
"H02762","STATE 07","C71","M",65,3045.66
"H02763","STATE 02","C72","M",65,2815.07
"H02764","STATE 13","C71","M",65,2641.49
"H02765","STATE 15","C71",,65,2625.58
"H02766","STATE 15","C11","F",65,2615.88
"H02767","STATE 15","C1C","M",65,2532.6
"H02768","STATE 10","C7 ","F",65,2428.1
"H02769","STATE 15","C71","M",65,2373.49
"H02770","STATE 06","C1 ","F",65,2348.81
"H02771","STATE 02","C71","M",65,2344.69
"H02772","STATE 06","C1 ",,65,2284.45
"H02773","STATE 15","C7B","M",65,2241.67
"H02774","STATE 15","C7 ","M",,2179.29
"H02775","STATE 02","C11","M",65,2102.41
"H02776","STATE 15","C7 ","F",65,2075
"H02777","STATE 02","C71","F",65,2063.7
"H02778","STATE 15","C7B","F",65,2063
"H02779","STATE 02","C7 ","M",65,1948.32
"H02780","STATE 15","C71","M",65,1914.81
"H02781","STATE 15","C71",,65,1890.01
"H02782","STATE 02","C1B","M",65,1884.83
"H02783","STATE 03","C7 ","M",65,1879
"H02784","STATE 15","C71","F",65,1858.45
"H02785","STATE 06","C1 ","F",65,1855.85
"H02786","STATE 06","C7 ","M",65,1848.28
"H02787","STATE 15","C7 ",,65,1812.47
"H02788","STATE 15","C71","M",65,1729.67
"H02789","STATE 15","C1 ","M",65,1727.9
"H02790","STATE 15","C1 ","F",65,1711.62
"H02791","STATE 15","F7 ","M",65,1667.74
"H02792","STATE 10","C7 ","F",65,1577.78
"H02793","STATE 13","C1A","M",65,1528.3
"H02794","STATE 06","C1 ","M",65,1511.97
"H02795","STATE 10","C7 ","M",65,1511
"H02796","STATE 15","C71","M",65,1450
"H02797","STATE 15","C1B","F",65,1431.81
"H02798","STATE 06","C1 ",,65,1428.99
"H02799","STATE 07","C7 ","F",65,1410.65
"H02800","STATE 06","C7 ","M",65,1344.17
"H02801","STATE 07","C7B","F",65,1343.68
"H02802","STATE 10","C71","M",65,1276.89
"H02803","STATE 02","C1 ","F",65,1268.78
"H02804","STATE 02","C1B","M",65,1237
"H02805","STATE 06","C11","F",65,1226.28
"H02806","STATE 02","C7B","M",65,1194.34
"H02807","STATE 06","C1 ","F",65,1175.01
"H02808","STATE 15","C1 ","M",65,1163.93
"H02809","STATE 07","C7 ",,65,1122.12
"H02810","STATE 17","C7 ","M",65,1109.76
"H02811","STATE 07","C71","F",65,1107.11
"H02812","STATE 14","C71","F",65,1092.08
"H02813","STATE 15","C1A","F",65,1090.75
"H02814","STATE 10","C7A","M",65,1083.82
"H02815","STATE 06","C7 ","F",65,1072.06
"H02816","STATE 10","C71","F",65,1067.57
"H02817","STATE 15","C11","F",65,1037.37
"H02818","STATE 06","C1 ","F",65,1018.52
"H02819","STATE 12","C71","M",65,1012.19
"H02820","STATE 04","C71","F",65,1001.7
"H02821","STATE 15","C7B",,65,1000
"H02822","STATE 02","C71","M",65,973.43
"H02823","STATE 06","C7 ","M",65,965.21
"H02824","STATE 04","C71","M",65,937.47
"H02825","STATE 14","C11","M",65,928.2
"H02826","STATE 10","C71",,65,917.49
"H02827","STATE 02","C1 ","M",65,908.35
"H02828","STATE 04","F7 ","F",65,900
"H02829","STATE 15","C7 ","M",65,900
"H02830","STATE 15","C71","M",65,863.83
"H02831","STATE 01","C1 ","F",65,861.89
"H02832","STATE 15","C7 ","M",65,853.23
"H02833","STATE 02","C7 ","M",65,839.33
"H02834","STATE 15","C11","M",65,809.34
"H02835","STATE 04","C7 ","F",65,782.9
"H02836","STATE 06","C11","F",,768.05
"H02837","STATE 17","C7 ",,65,764.27
"H02838","STATE 15","C1A",,65,748.71
"H02839","STATE 14","C1 ","F",65,742.54
"H02840","STATE 06","C1 ","M",65,722.83
"H02841","STATE 04","C7 ","M",65,708.56
"H02842","STATE 02","C7 ","M",65,698.65
"H02843","STATE 15","C1 ","M",65,698
"H02844","STATE 10","C71","F",65,678.98
"H02845","STATE 12","C1 ","F",65,672
"H02846","STATE 17","C7 ","F",65,671.69
"H02847","STATE 15","C7B","M",65,666.48
"H02848","STATE 15","C11","M",65,653.66
"H02849","STATE 12","C1 ","F",65,650.45
"H02850","STATE 12","C1 ","M",65,648.84
"H02851","STATE 02","C7B","M",65,640.23
"H02852","STATE 15","C7B","M",65,632.82
"H02853","STATE 17","C71",,65,630.11
"H02854","STATE 17","C71","F",65,617.9
"H02855","STATE 15","C7B","M",65,612.93
"H02856","STATE 15","C71","M",65,608.01
"H02857","STATE 04","C71","M",65,605.06
"H02858","STATE 02","C7B","F",65,594.8
"H02859","STATE 15","C1A","M",65,593.21
"H02860","STATE 15","C7 ","M",65,591.04
"H02861","STATE 17","C7 ","F",65,585.74
"H02862","STATE 04","C7B","M",65,585.34
"H02863","STATE 15","C71","M",65,566.74
"H02864","STATE 03","C11","F",65,541.55
"H02865","STATE 06","C7 ","M",65,525.24
"H02866","STATE 02","C1 ","M",65,521.1
"H02867","STATE 15","C7B","F",65,495.66
"H02868","STATE 15","C11","F",65,492.31
"H02869","STATE 02","C11","M",65,491.3
"H02870","STATE 06","C71","M",65,470.29
"H02871","STATE 04","F7 ","M",65,468.98
"H02872","STATE 15","C71","F",65,468.2
"H02873","STATE 17","C7 ","M",65,465.5
"H02874","STATE 07","C7 ","F",65,465.04
"H02875","STATE 06","C7 ","M",65,464.55
"H02876","STATE 17","C7 ","M",65,441.17
"H02877","STATE 07","C7 ","F",65,433.5
"H02878","STATE 02","C1B","M",65,433.07
"H02879","STATE 02","C7B","M",65,418.79
"H02880","STATE 04","C7 ","F",65,414.04
"H02881","STATE 03","C1 ","M",65,409.1
"H02882","STATE 15","C71",,65,409.06
"H02883","STATE 04","C71","F",65,405.85
"H02884","STATE 10","C71","M",65,395.5
"H02885","STATE 04","C7 ","F",65,391.97
"H02886","STATE 10","C7 ","F",65,390.02
"H02887","STATE 04","C7B","F",65,367.6
"H02888","STATE 01","C11",,,351.69
"H02889","STATE 04","C71","F",65,350.09
"H02890","STATE 02","C7 ","F",65,331.75
"H02891","STATE 04","C71","M",65,326.64
"H02892","STATE 02","C1 ","F",65,324.03
"H02893","STATE 12","C1 ","M",65,300
"H02894","STATE 15","C1 ","F",65,291.28
"H02895","STATE 15","C11","F",65,287.99
"H02896","STATE 02","C71","F",65,278.56
"H02897","STATE 10","C11","M",65,276.28
"H02898","STATE 15","C11","F",,274.37
"H02899","STATE 15","C11","M",65,274.28
"H02900","STATE 02","C71","M",65,272.65
"H02901","STATE 04","C7 ","M",65,265.25
"H02902","STATE 04","C7 ","F",65,250
"H02903","STATE 06","C71","M",65,240.16
"H02904","STATE 15","C1 ","F",65,236.53
"H02905","STATE 02","C7B","F",65,232.41
"H02906","STATE 02","F11",,65,219.15
"H02907","STATE 06","C1 ","F",65,202.43
"H02908","STATE 15","C7 ","M",65,190.76
"H02909","STATE 10","C1 ","F",65,178.8
"H02910","STATE 03","C7 ","M",65,171.3
"H02911","STATE 03","C71","F",65,168
"H02912","STATE 15","C7 ","M",65,150
"H02913","STATE 15","C1 ","F",65,144.99
"H02914","STATE 15","C71","M",65,135.75
"H02915","STATE 02","C71","F",65,122.43
"H02916","STATE 15","C71","M",65,118.5
"H02917","STATE 15","C1 ","M",65,100.7
"H02918","STATE 13","C71","F",65,99.74
"H02919","STATE 15","C7 ","M",65,94.9
"H02920","STATE 02","C7B","M",65,72.5
"H02921","STATE 03","C11","M",65,44.97
"H02922","STATE 06","C11","F",64,19287.76
"H02923","STATE 02","C1 ","F",64,16100
"H02924","STATE 06","C1 ","M",64,13572.32
"H02925","STATE 06","C1 ","F",64,12834.19
"H02926","STATE 02","C1 ","F",64,11540.5
"H02927","STATE 07","C7 ","M",64,10077
"H02928","STATE 12","C7B","M",64,9679.54
"H02929","STATE 15","C11","F",64,8569.3
"H02930","STATE 15","C71","M",64,7680.09
"H02931","STATE 15","C1 ","M",64,
"H02932","STATE 15","C11","F",64,5884.78
"H02933","STATE 15","C7 ","F",64,5511.7
"H02934","STATE 06","C1B","F",64,
"H02935","STATE 15","C71","F",64,5136.18
"H02936","STATE 15","C7B","M",64,4727.3
"H02937","STATE 15","C1 ","F",64,4324.4
"H02938","STATE 13","C7A","M",64,4110.08
"H02939","STATE 03","F11","M",64,3936.76
"H02940","STATE 02","C7 ","F",64,3900
"H02941","STATE 06","C7 ","M",64,3709.11
"H02942","STATE 01","C11",,64,3595.7
"H02943","STATE 15","C11","F",64,3486.96
"H02944","STATE 17","C71","M",64,3412.24
"H02945","STATE 13","C7C","M",64,3385.35
"H02946","STATE 17","C7 ","M",64,3265.97
"H02947","STATE 04","C71","F",64,3255.88
"H02948","STATE 15","C11","F",,3084.13
"H02949","STATE 04","C7A","F",64,3000
"H02950","STATE 02","C1 ","M",64,2985.29
"H02951","STATE 15","C11","M",64,2803.86
"H02952","STATE 01","C1 ","M",64,2771.5
"H02953","STATE 07","C71","F",64,2604.13
"H02954","STATE 02","F7 ","M",64,2588.84
"H02955","STATE 04","C7 ","M",64,2502.72
"H02956","STATE 15","C72","M",,2492.72
"H02957","STATE 04","C71","M",64,2479.95
"H02958","STATE 03","C7B","F",64,2418.4
"H02959","STATE 15","C1 ","F",,2394.13
"H02960","STATE 12","C7A","F",64,2368.69
"H02961","STATE 04","C71","M",64,2357.98
"H02962","STATE 02","C1B","M",64,2326
"H02963","STATE 15","C7B","M",64,2284.58
"H02964","STATE 15","C71","F",64,2256.55
"H02965","STATE 04","F7 ","M",64,2223.78
"H02966","STATE 06","C71","M",64,2190.8
"H02967","STATE 06","C7 ","F",64,2167.45
"H02968","STATE 10","C7 ","M",64,2146.75
"H02969","STATE 13","C11","F",64,2118.5
"H02970","STATE 17","C7 ","F",64,2097.56
"H02971","STATE 15","C11","F",64,2094.39
"H02972","STATE 15","C1 ","M",64,2012.89
"H02973","STATE 13","C7B","F",64,2007.64
"H02974","STATE 07","C72","F",64,1996
"H02975","STATE 02","C7 ","F",64,1948.84
"H02976","STATE 12","C1B","M",64,1945.03
"H02977","STATE 12","C1 ","M",64,1896.16
"H02978","STATE 15","C11","M",64,1869.49
"H02979","STATE 02","C71","F",64,1828.9
"H02980","STATE 15","C11","M",64,1791.09
"H02981","STATE 15","C71","M",64,1788.68
"H02982","STATE 06","C1B","M",,1783.64
"H02983","STATE 15","C71","F",64,1749.57
"H02984","STATE 02","C11","M",64,1722.52
"H02985","STATE 04","C71","F",64,1711.65
"H02986","STATE 06","C1 ","F",,1682.11
"H02987","STATE 15","F7 ","M",64,1644.8
"H02988","STATE 06","C7B","M",64,1630.5
"H02989","STATE 12","C71","F",64,1627.01
"H02990","STATE 04","C7 ","M",64,1600.18
"H02991","STATE 15","C1 ","F",64,1577.35
"H02992","STATE 02","C7 ","F",64,1548.64
"H02993","STATE 17","C71","M",64,1506.54
"H02994","STATE 03","C7 ","M",64,1495.59
"H02995","STATE 15","C1B","M",64,1495.05
"H02996","STATE 02","C7A","M",64,1480.49
"H02997","STATE 15","C11","M",64,1445.69
"H02998","STATE 13","C7 ","M",64,1391.25
"H02999","STATE 10","C7 ","F",64,1382.5
"H03000","STATE 15","C7 ","M",64,1332.57
"H03001","STATE 15","C1 ","M",64,1314.57
"H03002","STATE 10","C11","M",64,1278.52
"H03003","STATE 04","C71","M",64,1239.53
"H03004","STATE 15","C11","F",64,1212.85
"H03005","STATE 10","C7 ","M",64,1200
"H03006","STATE 02","C7 ","F",64,1193.19
"H03007","STATE 15","C7 ","M",64,1174.44
"H03008","STATE 15","C7 ","F",64,1148.23
"H03009","STATE 15","C71","M",64,1133.54
"H03010","STATE 15","C7B","M",64,1075.43
"H03011","STATE 13","C1 ","M",64,1060.49
"H03012","STATE 02","C11","F",64,1039.69
"H03013","STATE 04","C7B","M",64,1026.15
"H03014","STATE 10","C1 ","M",64,1011.58
"H03015","STATE 02","C1 ","F",64,1010
"H03016","STATE 03","C7B","M",64,990.89
"H03017","STATE 02","C1B","M",64,981.95
"H03018","STATE 03","C1 ","F",64,968.87
"H03019","STATE 15","C71","M",64,961.06
"H03020","STATE 15","C11","F",64,946.34
"H03021","STATE 04","C71","F",64,939.69
"H03022","STATE 17","C7C","M",64,886.07
"H03023","STATE 06","C7 ","M",64,882
"H03024","STATE 17","C71","F",64,881.99
"H03025","STATE 15","C1B","F",64,878.54
"H03026","STATE 15","C71","M",64,873.19
"H03027","STATE 02","C7 ","M",64,834.12
"H03028","STATE 06","C72","F",64,819.19
"H03029","STATE 02","C1 ","F",64,805.18
"H03030","STATE 15","C7 ","M",64,804.62
"H03031","STATE 04","C71","M",64,789.73
"H03032","STATE 15","C1 ","M",64,783.71
"H03033","STATE 15","C7 ","M",64,772.24
"H03034","STATE 15","F7 ","M",64,767.97
"H03035","STATE 06","C1B","F",64,744.04
"H03036","STATE 02","C7 ","F",64,737.42
"H03037","STATE 02","C71","M",64,729.17
"H03038","STATE 15","C7B","M",64,714.71
"H03039","STATE 02","C7 ","M",64,680.05
"H03040","STATE 02","C1 ","M",64,676.15
"H03041","STATE 06","C7 ","M",64,669.2
"H03042","STATE 13","C2 ","M",64,652.83
"H03043","STATE 17","C71","F",64,651.18
"H03044","STATE 02","C7 ","M",64,629.79
"H03045","STATE 15","C71","M",64,623.07
"H03046","STATE 12","C7 ","M",64,596.8
"H03047","STATE 04","C72",,64,586.85
"H03048","STATE 15","C7 ","M",,561.93
"H03049","STATE 15","C11","M",64,554.5
"H03050","STATE 15","C71","F",64,554.14
"H03051","STATE 15","C1 ","M",64,547.23
"H03052","STATE 15","C11","M",64,543.75
"H03053","STATE 15","C11","M",64,523.13
"H03054","STATE 03","C71","M",64,523.12
"H03055","STATE 02","C7A","M",64,520.45
"H03056","STATE 15","C71","M",64,516.44
"H03057","STATE 03","C7 ","M",64,516.23
"H03058","STATE 13","C71","M",64,514.57
"H03059","STATE 15","C11",,64,510.1
"H03060","STATE 15","C71","F",64,508.99
"H03061","STATE 17","C71","F",64,500.65
"H03062","STATE 17","C7 ","F",64,484.38
"H03063","STATE 15","C1 ","F",64,479.44
"H03064","STATE 03","C71","M",64,470
"H03065","STATE 10","C1 ","F",64,454.05
"H03066","STATE 04","C71","M",64,450.62
"H03067","STATE 07","C71","M",64,444.98
"H03068","STATE 06","C11","M",64,439.5
"H03069","STATE 07","C71","M",64,434.92
"H03070","STATE 02","C71",,64,422.99
"H03071","STATE 07","C7 ","F",64,411.35
"H03072","STATE 06","C7B","F",64,411
"H03073","STATE 03","C71","M",64,398.28
"H03074","STATE 17","C71","M",64,398.08
"H03075","STATE 06","C11","M",64,385.94
"H03076","STATE 15","C72","F",64,367.14
"H03077","STATE 04","C71","M",64,361.11
"H03078","STATE 02","C11","M",64,350.92
"H03079","STATE 04","F71","M",64,329.4
"H03080","STATE 02","C11","M",64,326.48
"H03081","STATE 02","C11","M",64,315.61
"H03082","STATE 02","C11","F",64,313.99
"H03083","STATE 02","C7 ","M",64,311.32
"H03084","STATE 06","C71","M",64,290.81
"H03085","STATE 10","C7 ","F",64,270.2
"H03086","STATE 02","C1B","F",64,267.98
"H03087","STATE 15","C7A","M",64,259.21
"H03088","STATE 04","C7 ","M",64,255.98
"H03089","STATE 15","F7 ","M",64,251.37
"H03090","STATE 02","C1 ","M",64,247.5
"H03091","STATE 04","C71","F",64,230.07
"H03092","STATE 02","C1 ","F",64,133.76
"H03093","STATE 02","C7B","M",64,109.53
"H03094","STATE 04","C71","M",64,108.15
"H03095","STATE 15","C71","F",64,86.33
"H03096","STATE 15","C11","M",64,36.29
"H03097","STATE 01","F11","F",64,35
"H03098","STATE 17","C7 ","F",64,25.44
"H03099","STATE 15","C11",,64,25
"H03100","STATE 12","C1B","M",63,9793.42
"H03101","STATE 17","C7 ","F",63,7757.35
"H03102","STATE 07","C71","M",63,7620.37
"H03103","STATE 15","C1 ","M",63,
"H03104","STATE 15","F71","F",63,7513.51
"H03105","STATE 15","C7 ","F",63,
"H03106","STATE 15","C72","F",63,6246.27
"H03107","STATE 15","C11","F",63,
"H03108","STATE 15","C7 ","M",63,5546.63
"H03109","STATE 10","C7A","M",63,5427.48
"H03110","STATE 15","C1 ","F",63,5317.71
"H03111","STATE 15","C7 ","M",63,4864.38
"H03112","STATE 17","C71",,63,4781.43
"H03113","STATE 02","C1 ","M",63,4607.69
"H03114","STATE 15","C1B",,63,
"H03115","STATE 02","C1 ","F",63,4359.77
"H03116","STATE 15","C7B","M",63,4334.92
"H03117","STATE 12","C1 ","F",63,4048.31
"H03118","STATE 02","C71","M",63,3983.75
"H03119","STATE 06","C7A","M",63,3944.37
"H03120","STATE 02","C71","F",63,3887.03
"H03121","STATE 07","C7A","M",63,3862.95
"H03122","STATE 15","C1A","M",63,3771.93
"H03123","STATE 17","C71","M",63,3765.25
"H03124","STATE 02","C11","M",63,3763.04
"H03125","STATE 02","C1 ","F",63,3699.39
"H03126","STATE 15","C7 ","F",63,3434.4
"H03127","STATE 04","C71","M",63,3331.48
"H03128","STATE 14","C71","M",63,3035.81
"H03129","STATE 15","C11","M",63,3007.15
"H03130","STATE 15","C11","M",63,3000
"H03131","STATE 02","C7B","M",63,2888.44
"H03132","STATE 02","C7 ","F",63,2887.5
"H03133","STATE 15","C71","M",63,2799.22
"H03134","STATE 10","C7B","M",63,2721.71
"H03135","STATE 15","C1 ","F",63,2696.35
"H03136","STATE 02","F1 ","M",63,2680.81
"H03137","STATE 02","C71",,63,2648.23
"H03138","STATE 02","C71","M",63,2551.57
"H03139","STATE 15","C71","M",63,2535.72
"H03140","STATE 02","C7A",,63,2507.66
"H03141","STATE 06","F1 ","F",63,2437.66
"H03142","STATE 06","C1 ",,63,2406
"H03143","STATE 15","C71","M",63,2228.05
"H03144","STATE 15","C71","M",63,2199.43
"H03145","STATE 06","C11","M",63,2182.77
"H03146","STATE 15","C1A","M",63,2105.3
"H03147","STATE 04","C7 ","F",63,2002.9
"H03148","STATE 10","C71","M",63,1850.78
"H03149","STATE 06","C7B","F",63,1782.16
"H03150","STATE 15","C2 ","M",63,1705.94
"H03151","STATE 01","C7 ","M",63,1677.66
"H03152","STATE 15","C7B","F",63,1613.41
"H03153","STATE 13","C1B","M",63,1609.52
"H03154","STATE 06","C7B","M",63,1577.05
"H03155","STATE 07","C7 ","M",63,1567.93
"H03156","STATE 15","C7B","M",63,1504.43
"H03157","STATE 15","C1 ","M",63,1451.57
"H03158","STATE 14","C7 ","M",63,1451.19
"H03159","STATE 02","C7 ","M",63,1439.46
"H03160","STATE 03","C11",,63,1436
"H03161","STATE 15","C1 ","M",63,1391.42
"H03162","STATE 06","C1 ","F",63,1340.74
"H03163","STATE 15","C7B","M",63,1316.95
"H03164","STATE 04","C7 ","M",63,1315.16
"H03165","STATE 03","C7 ","M",63,1283.6
"H03166","STATE 02","C11","F",63,1282.58
"H03167","STATE 03","C1 ","M",63,1249.02
"H03168","STATE 15","C71","F",63,1219.26
"H03169","STATE 04","C72","M",63,1200
"H03170","STATE 10","C7 ","M",63,1159.2
"H03171","STATE 15","C71","F",63,1151.25
"H03172","STATE 13","C71","M",63,1141.9
"H03173","STATE 17","C7B","M",63,1138
"H03174","STATE 03","C7C","M",63,1114.06
"H03175","STATE 06","C71","M",,1086.9
"H03176","STATE 02","C11","F",63,1085.62
"H03177","STATE 15","C7A","M",63,1068.82
"H03178","STATE 10","C7B","M",63,1056.23
"H03179","STATE 06","C71","M",63,1050
"H03180","STATE 15","C7 ","M",63,1043.75
"H03181","STATE 15","C1 ","M",63,1019.4
"H03182","STATE 07","C7B","M",63,978.46
"H03183","STATE 17","C7 ","M",63,954.94
"H03184","STATE 07","C71",,63,943.55
"H03185","STATE 03","C1 ","M",63,941.85
"H03186","STATE 15","C1 ","M",63,925.66
"H03187","STATE 15","C1 ","F",63,909.99
"H03188","STATE 17","C7 ","F",63,903.99
"H03189","STATE 15","C1 ","M",63,892.16
"H03190","STATE 02","C71","M",63,875.28
"H03191","STATE 03","C71","M",63,864.31
"H03192","STATE 15","C71","M",63,831.86
"H03193","STATE 06","C1 ","M",63,829.03
"H03194","STATE 10","C1B","F",63,825.37
"H03195","STATE 06","C71","M",63,822.17
"H03196","STATE 15","C7B","M",63,802.72
"H03197","STATE 15","C1 ","F",63,799.76
"H03198","STATE 06","C71","M",,789
"H03199","STATE 15","C7 ","F",63,788.84
"H03200","STATE 02","C7 ","F",63,778.29
"H03201","STATE 02","C1B","M",63,760.03
"H03202","STATE 04","C71","M",63,739.41
"H03203","STATE 03","C1 ","F",63,738.18
"H03204","STATE 15","C7 ","M",63,735.5
"H03205","STATE 15","C7 ",,63,707.23
"H03206","STATE 10","C71","F",63,707.09
"H03207","STATE 06","C7B","M",63,704.48
"H03208","STATE 01","C7 ","M",63,678.62
"H03209","STATE 04","C7 ","M",63,664.07
"H03210","STATE 06","C11","M",63,640
"H03211","STATE 01","F71","M",63,636.5
"H03212","STATE 06","C1 ","M",63,607.23
"H03213","STATE 10","C7 ","M",63,598.17
"H03214","STATE 15","C1 ","M",63,589.79
"H03215","STATE 01","C1 ","M",63,582.58
"H03216","STATE 17","C71",,63,565.03
"H03217","STATE 15","C11","M",63,558.45
"H03218","STATE 15","C71","M",63,542.36
"H03219","STATE 10","C71","F",63,541.67
"H03220","STATE 06","C7 ","F",63,527.52
"H03221","STATE 02","C1 ","F",63,526.17
"H03222","STATE 15","C71","F",63,516.96
"H03223","STATE 17","C71","F",63,510.19
"H03224","STATE 02","C1 ","M",63,498.62
"H03225","STATE 17","C71","M",63,498.22
"H03226","STATE 04","C71","F",63,492.59
"H03227","STATE 06","C71","M",63,492.22
"H03228","STATE 15","C1 ","F",63,476.2
"H03229","STATE 04","C71","M",63,468
"H03230","STATE 02","C1B","F",63,463.98
"H03231","STATE 15","C71","F",,460.15
"H03232","STATE 02","C7 ","F",63,457.95
"H03233","STATE 06","C1 ","M",63,446.38
"H03234","STATE 02","C7 ","M",63,445.28
"H03235","STATE 02","C71","M",63,443.49
"H03236","STATE 17","C71","M",63,443.35
"H03237","STATE 02","C71","M",63,439.22
"H03238","STATE 03","C72","M",63,430.96
"H03239","STATE 15","C1A",,63,399.63
"H03240","STATE 15","C1B","F",63,385.39
"H03241","STATE 15","C1 ","M",63,379.84
"H03242","STATE 02","C7 ","M",63,375.4
"H03243","STATE 10","C11","F",63,370.58
"H03244","STATE 15","C11","M",63,362.73
"H03245","STATE 02","C71","M",63,362.48
"H03246","STATE 15","C7B","F",63,359.11
"H03247","STATE 02","F7 ","M",63,348.47
"H03248","STATE 15","C71","F",63,345.1
"H03249","STATE 02","C1B","F",63,343.6
"H03250","STATE 15","C7 ","M",63,335.29
"H03251","STATE 15","C1B","M",63,328.11
"H03252","STATE 15","C1 ","M",63,327.1
"H03253","STATE 15","C11","F",63,317.77
"H03254","STATE 02","C71","F",,315.44
"H03255","STATE 15","C11","M",63,315
"H03256","STATE 02","F7 ","M",63,291.64
"H03257","STATE 04","C7B","M",63,290.9
"H03258","STATE 06","F71","F",63,289.14
"H03259","STATE 17","C7A","M",63,281.5
"H03260","STATE 03","C1 ","M",,275.97
"H03261","STATE 14","C11","F",63,261.99
"H03262","STATE 03","C71","M",63,258.44
"H03263","STATE 02","C1 ","F",63,243.35
"H03264","STATE 15","C1 ","F",63,204.12
"H03265","STATE 12","C1A","F",63,200
"H03266","STATE 12","C1 ","M",63,196.22
"H03267","STATE 02","F7 ","M",,165.77
"H03268","STATE 17","C7B","F",63,165.66
"H03269","STATE 02","C1 ","M",63,160.19
"H03270","STATE 15","C7 ","M",63,158.26
"H03271","STATE 17","C7 ","F",63,153.85
"H03272","STATE 07","C7B","M",63,139.02
"H03273","STATE 04","C71","F",63,126.7
"H03274","STATE 15","C1 ","F",63,114.05
"H03275","STATE 01","C71","M",63,98.21
"H03276","STATE 15","C71",,63,37.98
"H03277","STATE 02","C7 ","F",62,10943.31
"H03278","STATE 06","C71","M",62,9597.98
"H03279","STATE 07","C71","M",62,9361.83
"H03280","STATE 15","C7B","M",,8396.25
"H03281","STATE 06","C1 ","F",62,8215.8
"H03282","STATE 02","C71","M",62,7920.76
"H03283","STATE 13","C7 ","M",62,7599.5
"H03284","STATE 02","C71","M",62,7339.9
"H03285","STATE 12","C11","M",62,
"H03286","STATE 15","C11","M",62,6208.2
"H03287","STATE 02","C1 ","M",62,6161.06
"H03288","STATE 15","C72","M",62,5600.6
"H03289","STATE 17","C71","F",62,
"H03290","STATE 02","C1 ","M",62,4893.55
"H03291","STATE 15","C1 ","M",62,
"H03292","STATE 02","C71","M",62,4500
"H03293","STATE 17","C7 ","M",62,4171.01
"H03294","STATE 03","C7 ","F",62,3912.49
"H03295","STATE 04","C7B","M",62,3905.42
"H03296","STATE 04","C7 ","M",62,3854.3
"H03297","STATE 07","C71","M",62,3817.73
"H03298","STATE 07","C71","M",62,3314.42
"H03299","STATE 15","C1 ","F",62,3296.77
"H03300","STATE 02","C1 ","M",62,3277.24
"H03301","STATE 17","C7B",,62,3230.09
"H03302","STATE 15","C1C","M",62,3046.29
"H03303","STATE 14","C11","F",62,2843.32
"H03304","STATE 02","F71","M",62,2821.59
"H03305","STATE 17","C7B","M",62,2766.92
"H03306","STATE 17","C71","M",62,2758.54
"H03307","STATE 12","C7 ","F",62,2755.77
"H03308","STATE 07","F71","F",62,2732.94
"H03309","STATE 15","C71",,62,2731.4
"H03310","STATE 15","C7B","M",62,2701.04
"H03311","STATE 07","C71","M",62,2600
"H03312","STATE 17","C7A","F",62,2531.24
"H03313","STATE 04","C7 ","F",62,2347.8
"H03314","STATE 06","C71","M",62,2271.47
"H03315","STATE 15","C11","M",62,2247.93
"H03316","STATE 15","C1B","M",62,2230.25
"H03317","STATE 17","C7 ","F",62,2163.73
"H03318","STATE 02","C7 ","F",62,2038.05
"H03319","STATE 06","C7B","M",62,2036.49
"H03320","STATE 04","C71","F",62,2022.19
"H03321","STATE 02","C7 ","M",62,2005.87
"H03322","STATE 06","C1 ","F",62,1928.18
"H03323","STATE 02","C11",,62,1925.31
"H03324","STATE 04","C7 ","F",62,1918.9
"H03325","STATE 02","C71","F",62,1890.5
"H03326","STATE 17","C7 ","M",62,1816.58
"H03327","STATE 02","C71","F",62,1785
"H03328","STATE 02","F1 ","M",62,1745.29
"H03329","STATE 15","C11","M",62,1731.05
"H03330","STATE 02","F71",,62,1726.51
"H03331","STATE 02","C11","M",,1705.08
"H03332","STATE 04","C7B","M",62,1704.54
"H03333","STATE 10","C1B","M",62,1641.63
"H03334","STATE 06","C72","M",62,1628.56
"H03335","STATE 02","F11","M",62,1584.78
"H03336","STATE 02","C71","F",62,1572.76
"H03337","STATE 03","C7 ","M",62,1565.84
"H03338","STATE 06","C7 ","F",62,1537.89
"H03339","STATE 15","C1 ","F",62,1475.12
"H03340","STATE 12","C11","M",62,1462.23
"H03341","STATE 02","C71","M",62,1454.32
"H03342","STATE 17","C7 ","M",62,1442.27
"H03343","STATE 04","C71","M",62,1409.51
"H03344","STATE 04","C71","M",62,1394.06
"H03345","STATE 17","C7 ","M",62,1391.55
"H03346","STATE 04","C71","M",62,1384.12
"H03347","STATE 13","C7 ","M",62,1358.22
"H03348","STATE 14","C71","M",62,1344.14
"H03349","STATE 15","C1C","F",62,1300
"H03350","STATE 07","C71","M",62,1279.05
"H03351","STATE 14","F71","M",62,1273.07
"H03352","STATE 02","C7C","M",62,1242.8
"H03353","STATE 15","C1 ","M",62,1227.26
"H03354","STATE 02","C1 ","M",62,1181.3
"H03355","STATE 04","C7 ","M",62,1154.39
"H03356","STATE 03","C71","F",62,1149.87
"H03357","STATE 01","C1 ","M",62,1145.63
"H03358","STATE 15","C71","M",62,1106.82
"H03359","STATE 06","C11","F",62,1100.91
"H03360","STATE 02","C1 ","M",62,1076.77
"H03361","STATE 06","C11","M",62,1071.25
"H03362","STATE 15","C7A","M",62,1066.48
"H03363","STATE 04","C71","M",62,1057.91
"H03364","STATE 06","C1 ",,62,1047.41
"H03365","STATE 13","C7 ","M",62,1005.85
"H03366","STATE 01","C71",,62,988.21
"H03367","STATE 15","C71","M",62,959.52
"H03368","STATE 03","C7 ","M",62,954
"H03369","STATE 15","C11","M",62,950
"H03370","STATE 17","C71","F",62,921.16
"H03371","STATE 02","C1 ","F",62,875.21
"H03372","STATE 15","C71","M",62,866.2
"H03373","STATE 15","C71","M",62,857.61
"H03374","STATE 02","C1 ","F",62,857.19
"H03375","STATE 02","C7C","M",62,854.88
"H03376","STATE 02","C11","M",62,846.5
"H03377","STATE 15","C7 ","M",62,839.16
"H03378","STATE 15","C72","M",62,834.51
"H03379","STATE 04","C7B","M",62,819.83
"H03380","STATE 06","C71","M",62,801.63
"H03381","STATE 13","C1 ","F",62,799.29
"H03382","STATE 04","C7 ","F",62,789.33
"H03383","STATE 15","C7 ","M",62,773.31
"H03384","STATE 15","C7B",,62,773.15
"H03385","STATE 04","C71","M",62,763.07
"H03386","STATE 02","C1B","M",62,760.55
"H03387","STATE 02","C71","F",62,746.63
"H03388","STATE 06","C7B","F",62,730.83
"H03389","STATE 15","C7 ","F",62,711.56
"H03390","STATE 04","F7 ","F",62,705
"H03391","STATE 15","C1 ","F",62,701.05
"H03392","STATE 15","C71",,62,700
"H03393","STATE 15","C71","M",62,700
"H03394","STATE 02","C7B","M",62,691.13
"H03395","STATE 02","C7B","F",62,636.78
"H03396","STATE 15","C7 ",,62,628.08
"H03397","STATE 03","C1B","F",62,603.29
"H03398","STATE 07","C7A","M",,600
"H03399","STATE 10","C7 ","M",62,564.66
"H03400","STATE 06","C7 ","M",62,554.55
"H03401","STATE 14","C1 ","F",62,545.3
"H03402","STATE 02","C7 ","F",62,530.64
"H03403","STATE 15","C71","F",62,514
"H03404","STATE 06","C11","M",62,513.24
"H03405","STATE 15","C71","F",62,512.09
"H03406","STATE 15","C7 ","F",62,497.7
"H03407","STATE 04","C71","M",62,495.92
"H03408","STATE 15","C71",,62,490.6
"H03409","STATE 04","F71","M",62,482.35
"H03410","STATE 04","C7B","F",62,462
"H03411","STATE 07","C71","M",62,457.51
"H03412","STATE 17","C71","M",62,450.08
"H03413","STATE 02","C71","M",62,445.05
"H03414","STATE 15","C71","M",62,443.58
"H03415","STATE 02","C1 ","M",62,440.31
"H03416","STATE 02","C7 ","M",62,430.42
"H03417","STATE 10","C7 ","F",62,414.45
"H03418","STATE 12","C71","F",62,404.15
"H03419","STATE 07","C7 ","M",62,393.86
"H03420","STATE 17","C7B","M",62,384.9
"H03421","STATE 07","C71","F",62,382.01
"H03422","STATE 12","C71","F",62,361.73
"H03423","STATE 10","C7B","M",62,350
"H03424","STATE 15","C11","F",62,321.13
"H03425","STATE 15","C71","F",62,289.96
"H03426","STATE 01","C7 ","M",62,280
"H03427","STATE 07","C7A","M",62,276.02
"H03428","STATE 12","C1B","M",62,273.58
"H03429","STATE 12","C1 ","F",,273.29
"H03430","STATE 07","C7 ","M",62,266.38
"H03431","STATE 06","C1 ","M",62,253.86
"H03432","STATE 03","C71","M",62,250
"H03433","STATE 02","C71","M",62,243.11
"H03434","STATE 15","C71","F",62,230
"H03435","STATE 15","C11","M",62,226.56
"H03436","STATE 12","C11","M",62,224.23
"H03437","STATE 04","C72","F",62,223
"H03438","STATE 15","C11","M",62,189.9
"H03439","STATE 15","C11","F",62,187.5
"H03440","STATE 06","C7B","M",62,176.2
"H03441","STATE 15","C1B","M",62,160
"H03442","STATE 02","F7 ","M",62,152.13
"H03443","STATE 04","C7C",,62,144.19
"H03444","STATE 03","C1 ","M",62,126.1
"H03445","STATE 15","C2 ","M",62,123.96
"H03446","STATE 02","C71","M",62,85
"H03447","STATE 15","C7B",,61,17067.32
"H03448","STATE 15","C11","M",61,
"H03449","STATE 06","C11","M",61,9964.08
"H03450","STATE 06","C1B","M",61,9183.55
"H03451","STATE 03","C7B","F",61,8520.94
"H03452","STATE 15","C7B","M",61,7836.7
"H03453","STATE 12","C2 ","M",61,
"H03454","STATE 15","C1 ","M",61,
"H03455","STATE 15","C71","F",61,5838.03
"H03456","STATE 12","C1B","M",61,5713.08
"H03457","STATE 01","C7B","M",61,5556.75
"H03458","STATE 02","C11","M",61,
"H03459","STATE 17","F71","F",61,4593.43
"H03460","STATE 17","C71","F",61,
"H03461","STATE 10","C1 ","F",61,4313.68
"H03462","STATE 02","C71","M",61,
"H03463","STATE 15","C7B","F",61,4259.76
"H03464","STATE 06","C1 ","M",61,3994.66
"H03465","STATE 06","C71","M",61,3777.64
"H03466","STATE 15","C7C","M",61,3662.96
"H03467","STATE 15","C71","M",61,3597.83
"H03468","STATE 15","C1B","M",61,3566.59
"H03469","STATE 02","C11","F",61,3472
"H03470","STATE 03","C1 ","F",61,3403.09
"H03471","STATE 02","C71","F",61,3328.93
"H03472","STATE 02","C11","M",61,3224.72
"H03473","STATE 15","C7B","M",61,2918
"H03474","STATE 14","C7 ","F",61,2883.84
"H03475","STATE 15","C71","M",61,2805.73
"H03476","STATE 02","C1B","M",61,2712.61
"H03477","STATE 06","C1 ","M",,2688
"H03478","STATE 15","C11","F",61,2674
"H03479","STATE 17","C71","F",61,2593.89
"H03480","STATE 15","C1B","M",61,2586.45
"H03481","STATE 01","C2 ","M",61,2525.2
"H03482","STATE 02","C71","F",61,2465.08
"H03483","STATE 06","C1 ","M",61,2399.01
"H03484","STATE 10","C1 ","M",61,2354.22
"H03485","STATE 02","C7B",,61,2340.05
"H03486","STATE 15","C7 ","F",61,2265.83
"H03487","STATE 06","C1 ","F",61,2171.25
"H03488","STATE 02","C7B","M",61,2166.3
"H03489","STATE 15","C11","M",,2163.98
"H03490","STATE 15","C1 ","F",61,2151.66
"H03491","STATE 06","C7 ","M",61,2125.09
"H03492","STATE 04","C7 ","M",,2068.44
"H03493","STATE 13","C1B","M",61,2000
"H03494","STATE 06","C7 ","M",61,1907
"H03495","STATE 03","C71","M",61,1791.85
"H03496","STATE 14","C1 ","M",61,1760.12
"H03497","STATE 15","C11","F",61,1739.92
"H03498","STATE 12","C72","M",61,1739.28
"H03499","STATE 06","C71","M",61,1730
"H03500","STATE 02","C1 ","M",61,1717.37
"H03501","STATE 15","C1 ","F",61,1696.26
"H03502","STATE 04","C71","F",61,1644.2
"H03503","STATE 15","C7B","M",61,1636.16
"H03504","STATE 03","C1 ","M",61,1595.17
"H03505","STATE 15","C1 ","M",61,1591.32
"H03506","STATE 02","C71","M",61,1535.01
"H03507","STATE 15","C7B","M",61,1506
"H03508","STATE 01","C1 ","M",61,1483.34
"H03509","STATE 02","C72","M",61,1448.59
"H03510","STATE 17","C7 ","M",61,1444.17
"H03511","STATE 06","C7A","F",61,1441
"H03512","STATE 17","C71","M",61,1433.77
"H03513","STATE 17","C71","M",61,1430.43
"H03514","STATE 01","C1 ","M",61,1405
"H03515","STATE 14","F71","M",61,1395.14
"H03516","STATE 15","C72","F",61,1390.16
"H03517","STATE 02","C1C","F",61,1352.01
"H03518","STATE 06","C7B","F",61,1325.64
"H03519","STATE 15","C7A","M",61,1302.5
"H03520","STATE 10","C1A","F",61,1291.48
"H03521","STATE 04","C7A","M",61,1268.37
"H03522","STATE 02","C11","M",61,1266.44
"H03523","STATE 15","C7A",,61,1243.73
"H03524","STATE 12","C1B","M",61,1240.84
"H03525","STATE 02","C1 ","M",61,1231.03
"H03526","STATE 07","C71","F",61,1191.58
"H03527","STATE 03","C1 ","M",61,1185.83
"H03528","STATE 03","C71","F",61,1168.75
"H03529","STATE 15","C7B","F",61,1167.44
"H03530","STATE 15","C7B","M",61,1156.05
"H03531","STATE 14","F71","M",61,1118.73
"H03532","STATE 04","C71","M",61,1104.29
"H03533","STATE 17","C7 ","M",61,1090.49
"H03534","STATE 04","C72","M",61,1068.71
"H03535","STATE 15","C72","M",61,1055.23
"H03536","STATE 12","C1B","M",61,1049.08
"H03537","STATE 07","F71","M",61,1035.03
"H03538","STATE 01","C1B","M",61,1025.44
"H03539","STATE 15","C11","M",61,1015.21
"H03540","STATE 15","C11","F",61,1014.98
"H03541","STATE 02","C7B","F",61,1012.89
"H03542","STATE 15","C71","F",61,1011.97
"H03543","STATE 15","C7C","F",61,981.57
"H03544","STATE 15","C72","M",61,973.2
"H03545","STATE 15","C1B","M",61,960.82
"H03546","STATE 04","C7B","F",61,956.49
"H03547","STATE 15","C71","F",61,941.51
"H03548","STATE 04","C71","M",61,934.69
"H03549","STATE 02","C7 ","F",,885.5
"H03550","STATE 17","C71","M",61,874.97
"H03551","STATE 13","C71","M",61,869.51
"H03552","STATE 01","C1 ","M",61,868.15
"H03553","STATE 07","C71","M",61,840.73
"H03554","STATE 02","F71","M",61,838.37
"H03555","STATE 15","C1A","M",61,821.46
"H03556","STATE 15","C7B","M",61,793.09
"H03557","STATE 06","C7A","M",61,786.4
"H03558","STATE 02","C71","M",61,774.08
"H03559","STATE 15","C7B","F",61,768.66
"H03560","STATE 06","C1B","M",61,758.65
"H03561","STATE 04","C71","M",61,756.42
"H03562","STATE 04","C7 ","M",61,739.87
"H03563","STATE 15","C7B","M",61,735.11
"H03564","STATE 04","F71","M",61,720.53
"H03565","STATE 15","F7 ","M",61,712.96
"H03566","STATE 02","C7 ","F",61,712.84
"H03567","STATE 04","C72","M",61,710.11
"H03568","STATE 15","C1 ","M",61,708
"H03569","STATE 04","C7 ","M",61,706.88
"H03570","STATE 15","C71","F",61,705.29
"H03571","STATE 02","C71","M",61,702.1
"H03572","STATE 15","C7C","F",61,699.19
"H03573","STATE 02","C1A","M",61,695.56
"H03574","STATE 17","C71","M",61,677.43
"H03575","STATE 14","C1B","M",61,668.12
"H03576","STATE 17","C71","M",61,660.32
"H03577","STATE 15","C7B","M",61,655.16
"H03578","STATE 04","C7 ","F",61,648.16
"H03579","STATE 17","C71","F",61,634.14
"H03580","STATE 15","C7 ","F",61,625.79
"H03581","STATE 02","C71","F",61,609.01
"H03582","STATE 10","C1 ","M",61,589.88
"H03583","STATE 15","C71","M",61,589.58
"H03584","STATE 02","C7B","M",61,588.56
"H03585","STATE 15","C7 ","M",61,562.15
"H03586","STATE 02","C71","M",61,561.23
"H03587","STATE 02","C7 ","F",61,559.9
"H03588","STATE 02","C71","F",61,556.54
"H03589","STATE 13","F11","M",61,545.35
"H03590","STATE 13","C11","M",61,537.77
"H03591","STATE 04","C71","M",61,535.3
"H03592","STATE 15","C7A","M",61,520.96
"H03593","STATE 01","C71","M",61,500
"H03594","STATE 04","F7 ","M",61,498.38
"H03595","STATE 03","C7A","M",61,493.27
"H03596","STATE 15","C71","M",61,491.1
"H03597","STATE 15","C11","M",61,490.53
"H03598","STATE 02","C7 ","M",61,488.6
"H03599","STATE 07","C71","M",61,482.09
"H03600","STATE 06","C1A","F",61,478.81
"H03601","STATE 15","C1A","M",61,478.64
"H03602","STATE 17","C7 ","M",61,466.99
"H03603","STATE 06","C2 ","M",61,459.43
"H03604","STATE 15","C7B","M",61,452.54
"H03605","STATE 04","C71","F",61,447.19
"H03606","STATE 02","C7 ","M",61,444.69
"H03607","STATE 04","C7B","F",61,425.21
"H03608","STATE 15","C11","M",61,410
"H03609","STATE 15","C11","F",61,400.62
"H03610","STATE 03","C1 ","F",61,390.03
"H03611","STATE 03","C1 ","F",61,372.96
"H03612","STATE 04","C71","M",61,364.58
"H03613","STATE 04","C7 ","M",61,352.42
"H03614","STATE 04","C7B","M",61,345.7
"H03615","STATE 04","F7 ","M",61,338.3
"H03616","STATE 13","C71","M",61,329.85
"H03617","STATE 02","F71","M",61,322.51
"H03618","STATE 06","C1 ","M",61,315.3
"H03619","STATE 02","C7 ","F",61,308
"H03620","STATE 03","C7 ","F",61,302.54
"H03621","STATE 03","C1 ","F",61,280.03
"H03622","STATE 02","C1B","F",61,267.25
"H03623","STATE 03","C7B","M",61,265.24
"H03624","STATE 15","C7B","M",61,259.41
"H03625","STATE 15","C1 ","M",61,257.2
"H03626","STATE 15","C1B","M",61,254.46
"H03627","STATE 06","C7 ","F",61,239.2
"H03628","STATE 01","C7B","F",61,220.8
"H03629","STATE 01","F71","M",,219.89
"H03630","STATE 02","C7B","M",61,216.52
"H03631","STATE 07","C7 ","M",61,175
"H03632","STATE 01","C1A","M",61,171.97
"H03633","STATE 15","C7C","M",61,153.18
"H03634","STATE 02","C1B","M",61,129.86
"H03635","STATE 02","C7B","F",61,128.6
"H03636","STATE 04","C7B",,61,125.53
"H03637","STATE 02","C1 ","M",61,116.37
"H03638","STATE 15","C1B","F",61,105.31
"H03639","STATE 01","C7B","M",61,90.92
"H03640","STATE 02","C1B","M",60,20047.78
"H03641","STATE 15","C71","F",60,
"H03642","STATE 13","C11","M",60,10391.52
"H03643","STATE 02","C7 ","F",60,10264.47
"H03644","STATE 15","C71","M",,7339.68
"H03645","STATE 06","C7B","F",60,6942.54
"H03646","STATE 07","C7B","M",60,6517
"H03647","STATE 15","C71","F",60,
"H03648","STATE 13","C1 ","F",60,5313.8
"H03649","STATE 15","C1B","M",60,4920
"H03650","STATE 02","C7B","M",60,4807.95
"H03651","STATE 04","C7B","M",60,4610.48
"H03652","STATE 15","C71","M",60,4551.35
"H03653","STATE 06","C1 ","M",60,4341.94
"H03654","STATE 10","C7 ","M",60,4014.15
"H03655","STATE 02","C11",,60,3842.37
"H03656","STATE 02","C11",,60,3803.39
"H03657","STATE 15","C1 ","M",60,3782.22
"H03658","STATE 06","C7A","M",60,3750
"H03659","STATE 02","C71","M",60,3670.52
"H03660","STATE 03","C11","M",,3482.79
"H03661","STATE 04","C7B","M",60,3482.63
"H03662","STATE 07","C7B","M",60,3437.36
"H03663","STATE 04","C7C","M",60,3382.2
"H03664","STATE 15","C7B","M",60,3223.5
"H03665","STATE 02","C7 ","F",60,3086.95
"H03666","STATE 15","C1B","F",60,3072.49
"H03667","STATE 15","C71","M",60,2905.94
"H03668","STATE 15","C7B","M",60,2875.49
"H03669","STATE 03","C7B","F",60,2784.11
"H03670","STATE 15","C7 ","M",60,2765.27
"H03671","STATE 12","C71","M",60,2630.5
"H03672","STATE 01","C7 ","M",60,2573.54
"H03673","STATE 13","C11","M",60,2510.38
"H03674","STATE 02","C7B","M",60,2429.34
"H03675","STATE 15","C7 ","M",,2386.46
"H03676","STATE 06","C11","F",60,2366.28
"H03677","STATE 15","C7B","M",60,2330.16
"H03678","STATE 15","C71","F",60,2264.69
"H03679","STATE 02","C11","M",60,2192.2
"H03680","STATE 10","C11","F",,2176.58
"H03681","STATE 04","C7 ","M",60,2128.29
"H03682","STATE 04","C71","F",60,2100
"H03683","STATE 06","C1 ","M",60,2094.82
"H03684","STATE 15","C1B","M",60,2008.16
"H03685","STATE 02","C11","M",60,1897.85
"H03686","STATE 02","C1 ","M",60,1876.31
"H03687","STATE 15","C71","M",60,1875
"H03688","STATE 15","C7B","M",60,1861.83
"H03689","STATE 15","C11","F",60,1858.99
"H03690","STATE 15","F71","F",60,1806.09
"H03691","STATE 03","C1 ","M",60,1789.33
"H03692","STATE 15","C1B","M",60,1776.47
"H03693","STATE 10","C71","M",60,1735.48
"H03694","STATE 15","C7 ","F",60,1690.06
"H03695","STATE 02","C7B","M",60,1671.48
"H03696","STATE 01","C11","M",60,1669.4
"H03697","STATE 13","C11","M",60,1662.63
"H03698","STATE 15","C1 ","M",60,1620.64
"H03699","STATE 15","C7 ","F",60,1595.82
"H03700","STATE 02","C7 ","M",60,1530.22
"H03701","STATE 02","C71","M",60,1523.47
"H03702","STATE 17","C71","M",60,1497.41
"H03703","STATE 04","C7C","M",60,1455.22
"H03704","STATE 04","C71","F",60,1410.84
"H03705","STATE 15","C7B","F",60,1400
"H03706","STATE 06","C11","F",60,1395.42
"H03707","STATE 07","C71","F",60,1325.54
"H03708","STATE 12","C11","F",60,1315.17
"H03709","STATE 07","C71","M",60,1314.46
"H03710","STATE 15","C7A","M",60,1312.52
"H03711","STATE 02","C1 ","M",60,1297.33
"H03712","STATE 13","C1 ","M",60,1292.93
"H03713","STATE 15","C7 ","F",60,1285.58
"H03714","STATE 15","C71",,60,1276
"H03715","STATE 15","C7 ","F",60,1262.99
"H03716","STATE 04","C7 ",,60,1250
"H03717","STATE 15","C11","F",60,1240.52
"H03718","STATE 15","C7B","F",60,1238.39
"H03719","STATE 02","C11","M",60,1221.73
"H03720","STATE 15","C11","M",60,1209.89
"H03721","STATE 15","C7 ","M",60,1200
"H03722","STATE 14","C71","M",60,1197.32
"H03723","STATE 06","C1 ","F",60,1189.85
"H03724","STATE 15","C71","M",60,1189.76
"H03725","STATE 06","C7B","M",60,1160.56
"H03726","STATE 15","C1B","M",60,1152.26
"H03727","STATE 15","C7 ","M",60,1130.8
"H03728","STATE 13","C71","M",60,1126.69
"H03729","STATE 02","C11","M",60,1114.63
"H03730","STATE 15","C1A","M",60,1110.53
"H03731","STATE 10","C7B","F",60,1086.8
"H03732","STATE 15","C7B","M",60,1061.28
"H03733","STATE 13","C1B","M",60,1054.91
"H03734","STATE 10","C7B","M",60,1029.88
"H03735","STATE 15","C7B","M",60,1018.5
"H03736","STATE 15","C7B","F",60,1017.39
"H03737","STATE 04","C7B","F",60,1000.6
"H03738","STATE 14","C1B","M",60,1000
"H03739","STATE 17","C7B","M",60,992.48
"H03740","STATE 06","C11","F",60,979.5
"H03741","STATE 15","C1B","F",60,957.98
"H03742","STATE 15","C71","M",60,948.94
"H03743","STATE 12","C11","M",60,947.84
"H03744","STATE 06","C71","M",60,936.07
"H03745","STATE 13","C1A","F",60,930.2
"H03746","STATE 03","C71","M",60,926.2
"H03747","STATE 02","C11","F",60,922.58
"H03748","STATE 02","C7B","M",60,901.5
"H03749","STATE 15","C11","M",60,898.97
"H03750","STATE 15","C1B","M",60,897.26
"H03751","STATE 07","C71","M",60,894.06
"H03752","STATE 02","C71","M",60,891.95
"H03753","STATE 15","C11","M",60,888.11
"H03754","STATE 02","C1 ","M",60,862.24
"H03755","STATE 15","C2 ","M",60,851.2
"H03756","STATE 17","C71","M",60,842.66
"H03757","STATE 06","C1 ","F",60,842.62
"H03758","STATE 02","C7 ","M",60,840.11
"H03759","STATE 15","C11","M",60,830.92
"H03760","STATE 17","C7 ","M",60,824.78
"H03761","STATE 15","C11","M",60,823.17
"H03762","STATE 06","C1 ","F",60,810.73
"H03763","STATE 17","C7 ","M",60,804.29
"H03764","STATE 06","C7 ","M",60,790.94
"H03765","STATE 04","C71","F",60,784.79
"H03766","STATE 15","C72","M",60,783.74
"H03767","STATE 04","C7B","M",60,777.53
"H03768","STATE 15","C1B","M",60,767.54
"H03769","STATE 15","C11","M",60,765.24
"H03770","STATE 11","C71","F",60,756.78
"H03771","STATE 06","C1 ","M",60,743.49
"H03772","STATE 12","C1 ","M",60,740.11
"H03773","STATE 02","C1 ","F",60,738.34
"H03774","STATE 02","C71","M",60,726.48
"H03775","STATE 02","C7B","M",60,709.64
"H03776","STATE 14","C7 ","F",60,706.49
"H03777","STATE 02","C71","M",60,705.64
"H03778","STATE 02","C71","M",60,705.63
"H03779","STATE 02","C71","M",60,689.17
"H03780","STATE 17","C72","M",60,685.84
"H03781","STATE 02","C7 ","M",60,684.15
"H03782","STATE 15","C11","M",60,677.36
"H03783","STATE 02","C71","M",60,673.49
"H03784","STATE 06","C1 ","F",60,672.91
"H03785","STATE 02","C7A","M",60,672.34
"H03786","STATE 10","C7A","M",60,667.19
"H03787","STATE 15","C7 ","M",60,663.2
"H03788","STATE 14","C71","F",60,659.74
"H03789","STATE 14","C11","M",60,650.55
"H03790","STATE 04","C71","M",60,630.35
"H03791","STATE 17","C7 ","M",60,627.89
"H03792","STATE 02","C1 ","F",60,616.14
"H03793","STATE 06","C1 ","M",60,614.66
"H03794","STATE 15","C7 ","M",60,613.97
"H03795","STATE 14","C11","M",60,599.02
"H03796","STATE 02","C71","F",60,580.71
"H03797","STATE 15","C7C",,60,580.04
"H03798","STATE 17","C71","M",60,576.61
"H03799","STATE 13","C7B","F",60,539.01
"H03800","STATE 15","C1 ","M",60,534.83
"H03801","STATE 02","C7B","F",60,533.19
"H03802","STATE 04","C71","F",60,518.26
"H03803","STATE 15","C11","M",60,518.09
"H03804","STATE 07","C7 ","F",60,518
"H03805","STATE 04","C7B","F",60,499
"H03806","STATE 01","C1 ","M",60,496.58
"H03807","STATE 06","C1A","F",60,494.32
"H03808","STATE 04","C71","F",60,490.48
"H03809","STATE 02","C7 ","F",60,468.37
"H03810","STATE 15","C7B","F",60,457.04
"H03811","STATE 10","C7B","M",60,445.68
"H03812","STATE 15","C11","M",60,435.72
"H03813","STATE 02","C1 ","M",60,435.27
"H03814","STATE 15","C71","F",60,435.24
"H03815","STATE 10","C11","M",60,432.66
"H03816","STATE 04","C7 ","M",60,429.37
"H03817","STATE 02","F7 ","M",60,425.74
"H03818","STATE 15","F71","M",60,420.91
"H03819","STATE 15","C7 ","M",60,420
"H03820","STATE 15","C7B","F",60,414.75
"H03821","STATE 02","C1B","M",60,414.67
"H03822","STATE 04","C71","M",60,393.71
"H03823","STATE 15","C71",,60,389.89
"H03824","STATE 15","C11","M",60,388.18
"H03825","STATE 02","C7B","F",60,374.37
"H03826","STATE 15","C7 ","F",60,366.88
"H03827","STATE 15","F71","M",60,365.56
"H03828","STATE 07","C7B","M",60,365.45
"H03829","STATE 06","C11","M",60,350
"H03830","STATE 15","C11","M",,335.91
"H03831","STATE 15","C71",,60,329.61
"H03832","STATE 10","C7A","M",60,320.63
"H03833","STATE 03","C1 ","F",60,310
"H03834","STATE 15","C7B",,60,265.1
"H03835","STATE 15","C7 ","M",60,250
"H03836","STATE 06","C71","M",,243.33
"H03837","STATE 17","C71","M",60,240.53
"H03838","STATE 03","C71","F",60,222.15
"H03839","STATE 15","C7B","M",60,216.51
"H03840","STATE 07","C7 ","F",60,155.04
"H03841","STATE 02","C71","M",60,152.66
"H03842","STATE 03","C1 ","M",60,145
"H03843","STATE 15","C71","M",60,120.91
"H03844","STATE 06","C7 ","M",60,116.66
"H03845","STATE 15","C71","M",60,112.14
"H03846","STATE 15","C11","M",60,97.7
"H03847","STATE 17","C71","F",59,22885.86
"H03848","STATE 17","C71","F",59,15491.64
"H03849","STATE 02","C7B","F",59,14716.81
"H03850","STATE 02","C7 ","M",59,10059.46
"H03851","STATE 14","C1 ","M",59,8574.48
"H03852","STATE 15","C7C","M",59,
"H03853","STATE 01","C71","F",59,-250
"H03854","STATE 04","C71","M",59,7522.19
"H03855","STATE 10","C11","F",59,7362.41
"H03856","STATE 15","C11","M",59,7063.69
"H03857","STATE 06","C1 ","F",59,6630.91
"H03858","STATE 04","C7 ","M",59,
"H03859","STATE 15","C7B","M",59,5977.12
"H03860","STATE 06","C1B","M",59,5454.3
"H03861","STATE 10","C7B","M",59,
"H03862","STATE 15","C71","F",59,5256.75
"H03863","STATE 15","C71",,59,4902.06
"H03864","STATE 07","C72","M",59,
"H03865","STATE 15","C1B","F",59,4465.03
"H03866","STATE 06","C1 ","M",59,
"H03867","STATE 06","C7B","M",59,
"H03868","STATE 04","C71","M",59,
"H03869","STATE 15","C1B","M",59,4082.91
"H03870","STATE 04","C71","M",59,4019.32
"H03871","STATE 17","C71","M",59,3905.09
"H03872","STATE 04","C71","M",59,3762.24
"H03873","STATE 14","C1 ","F",59,3451.91
"H03874","STATE 06","C7 ","M",59,3442.43
"H03875","STATE 15","C71",,59,3274.35
"H03876","STATE 15","C7A","M",59,3227.06
"H03877","STATE 06","C7B","M",59,3138.91
"H03878","STATE 02","C7 ","F",59,3105.06
"H03879","STATE 10","F71","M",59,3049.27
"H03880","STATE 02","C11","F",59,2875
"H03881","STATE 07","C72","M",59,2843.51
"H03882","STATE 17","C7A","F",59,2780
"H03883","STATE 15","C11","F",59,2751.55
"H03884","STATE 04","C7A","M",59,2723.67
"H03885","STATE 15","C71","F",59,2674.62
"H03886","STATE 03","C71","F",59,2544.87
"H03887","STATE 15","C11","M",59,2530.88
"H03888","STATE 02","C11","M",,2477
"H03889","STATE 06","C7 ","M",59,2475.55
"H03890","STATE 15","C1B","F",59,2474.41
"H03891","STATE 10","C7B","F",59,2471.81
"H03892","STATE 15","C72","M",59,2468.1
"H03893","STATE 02","C7B","M",59,2454.75
"H03894","STATE 10","C1 ","M",59,2435.85
"H03895","STATE 12","C7B","M",59,2415.22
"H03896","STATE 17","C71","F",59,2378.89
"H03897","STATE 06","C11","M",59,2371.69
"H03898","STATE 15","C71","M",59,2362.48
"H03899","STATE 15","C7B","M",59,2115.8
"H03900","STATE 15","C71","M",59,2102.93
"H03901","STATE 15","C7B","M",59,2058.73
"H03902","STATE 06","C7B","M",59,2045.43
"H03903","STATE 03","C7 ","F",59,2044.64
"H03904","STATE 15","C7 ","F",59,1995.85
"H03905","STATE 15","C71","F",59,1991.38
"H03906","STATE 06","C2 ","M",59,1974.82
"H03907","STATE 04","C72","M",59,1943.27
"H03908","STATE 15","C7 ","F",59,1893.3
"H03909","STATE 07","C71","M",59,1890
"H03910","STATE 06","C11","M",59,1865.35
"H03911","STATE 02","C11","M",59,1819.17
"H03912","STATE 17","C7 ","M",59,1801.24
"H03913","STATE 15","C1B","M",59,1764.2
"H03914","STATE 03","C7 ","M",59,1720.9
"H03915","STATE 15","C7B",,59,1709.44
"H03916","STATE 17","C7 ","F",59,1688.9
"H03917","STATE 10","C7B","F",59,1652.25
"H03918","STATE 15","C1B","F",59,1616.01
"H03919","STATE 15","C71","M",59,1605.1
"H03920","STATE 12","C7B","M",59,1575.03
"H03921","STATE 17","C7B","M",59,1567.05
"H03922","STATE 02","C7 ","M",59,1557.61
"H03923","STATE 15","C7B","F",59,1515.46
"H03924","STATE 15","C11","M",59,1500.94
"H03925","STATE 17","C7B","F",59,1499.08
"H03926","STATE 15","C7B","M",59,1498.2
"H03927","STATE 04","C71","M",59,1478.59
"H03928","STATE 04","F71","M",59,1476.15
"H03929","STATE 03","C7B","F",59,1469.03
"H03930","STATE 10","C11","F",59,1468.3
"H03931","STATE 11","C71","F",59,1455
"H03932","STATE 02","C7B","F",59,1402.38
"H03933","STATE 02","F71","M",59,1395.26
"H03934","STATE 02","C1B","M",59,1365.06
"H03935","STATE 04","C7A","M",59,1357.83
"H03936","STATE 12","C7 ","F",59,1357.79
"H03937","STATE 03","C11","M",59,1285.59
"H03938","STATE 17","C7 ","M",59,1272.79
"H03939","STATE 13","C11","M",59,1261.89
"H03940","STATE 04","C72","M",59,1254.8
"H03941","STATE 15","C1 ","M",59,1246.8
"H03942","STATE 02","C1B","F",59,1242.8
"H03943","STATE 15","C11","M",59,1224.98
"H03944","STATE 15","C71","M",59,1204.25
"H03945","STATE 06","C7C","M",59,1193.32
"H03946","STATE 06","C7B","M",59,1188.63
"H03947","STATE 15","C71","M",59,1167.93
"H03948","STATE 03","C1B","M",59,1159.07
"H03949","STATE 15","C1B","F",59,1135.89
"H03950","STATE 15","C7 ","M",,1125.84
"H03951","STATE 15","C71","M",59,1123.7
"H03952","STATE 17","C71","F",59,1102.55
"H03953","STATE 02","F7 ","M",59,1091.18
"H03954","STATE 04","C7B","M",59,1071.88
"H03955","STATE 15","C11","M",59,1069.03
"H03956","STATE 13","C7 ","M",59,1008.12
"H03957","STATE 15","C71",,59,1004.07
"H03958","STATE 13","C7 ","M",59,1002.01
"H03959","STATE 14","C71","M",59,997.98
"H03960","STATE 10","C1 ","F",59,985.7
"H03961","STATE 15","C1B","F",59,983.75
"H03962","STATE 02","C1B","M",59,962.13
"H03963","STATE 04","C7 ","M",59,961.88
"H03964","STATE 06","C7 ","M",59,957.68
"H03965","STATE 15","C7B","M",59,938.15
"H03966","STATE 15","C1B","M",59,917.8
"H03967","STATE 06","C1 ","M",59,914.81
"H03968","STATE 15","C71",,59,905.3
"H03969","STATE 15","F7 ","F",59,891.16
"H03970","STATE 13","C11","M",59,882.43
"H03971","STATE 15","C71","M",59,881.93
"H03972","STATE 10","C7B","F",59,876
"H03973","STATE 02","C11","M",59,875
"H03974","STATE 15","C7B","M",59,873.05
"H03975","STATE 15","C1 ","F",59,864.92
"H03976","STATE 13","C71","M",59,862.5
"H03977","STATE 15","C7 ","M",59,852
"H03978","STATE 15","C72","M",59,832.88
"H03979","STATE 12","C11","M",59,826.2
"H03980","STATE 06","C11","M",59,825.75
"H03981","STATE 04","C71","M",59,813.03
"H03982","STATE 01","C7 ","M",59,800
"H03983","STATE 06","C1 ","F",59,790.31
"H03984","STATE 04","C7C","F",59,785.12
"H03985","STATE 02","C71","M",59,781.8
"H03986","STATE 15","C1B","M",59,777.06
"H03987","STATE 02","C71","M",,773.19
"H03988","STATE 04","C7 ","M",59,772.9
"H03989","STATE 15","C71","M",59,757.85
"H03990","STATE 03","C71","M",59,747.81
"H03991","STATE 15","F71","M",59,735
"H03992","STATE 03","C1 ","M",59,719.83
"H03993","STATE 17","C72","M",59,715.37
"H03994","STATE 02","C71","M",59,715
"H03995","STATE 15","C71","F",59,713.42
"H03996","STATE 02","C2 ","F",59,699.6
"H03997","STATE 15","F1 ","M",59,694.44
"H03998","STATE 04","C71","M",59,686.67
"H03999","STATE 06","C7 ","M",59,680.67
"H04000","STATE 17","C7A","M",59,674.3
"H04001","STATE 10","C7A","F",59,664.41
"H04002","STATE 15","C1 ","M",59,663.04
"H04003","STATE 15","C71","M",59,657.54
"H04004","STATE 07","C7B","F",59,651.82
"H04005","STATE 06","C71","F",,651.52
"H04006","STATE 07","C7 ","M",59,644.68
"H04007","STATE 06","C7 ","F",59,629.78
"H04008","STATE 15","C7 ","M",59,616.07
"H04009","STATE 02","C71","F",59,613.19
"H04010","STATE 15","C1 ","M",59,611.81
"H04011","STATE 07","C7 ","F",59,601.13
"H04012","STATE 15","C1 ","M",59,583.96
"H04013","STATE 15","C7B","F",59,575.42
"H04014","STATE 13","C71","F",59,563.79
"H04015","STATE 07","C71","F",59,537.88
"H04016","STATE 07","C7 ",,59,498.32
"H04017","STATE 07","C7 ","F",59,494.06
"H04018","STATE 12","C1 ","M",59,480.36
"H04019","STATE 10","C7A","M",59,477.9
"H04020","STATE 13","C7C","M",59,470.37
"H04021","STATE 04","C7B","F",59,467.1
"H04022","STATE 15","C1B","F",59,446.47
"H04023","STATE 15","C7B","M",59,445.94
"H04024","STATE 17","C7 ","F",59,433.82
"H04025","STATE 03","C1B","M",59,426.54
"H04026","STATE 02","C7 ","M",59,418.18
"H04027","STATE 15","C71","F",59,396.02
"H04028","STATE 15","C71","M",59,384.41
"H04029","STATE 04","C71","F",59,381.93
"H04030","STATE 15","C11","F",59,377.58
"H04031","STATE 06","C7 ","F",59,375.96
"H04032","STATE 03","C7 ","F",59,367.9
"H04033","STATE 04","C7 ","M",59,365.12
"H04034","STATE 02","C11","M",59,345.08
"H04035","STATE 15","C1 ","F",59,339.92
"H04036","STATE 03","C1 ","F",59,338.31
"H04037","STATE 15","C1B","M",59,338.31
"H04038","STATE 10","C7 ","M",59,334.8
"H04039","STATE 15","C71","M",59,332.55
"H04040","STATE 02","C7C","M",59,328.57
"H04041","STATE 15","C11",,59,322.83
"H04042","STATE 06","C71","M",59,321.62
"H04043","STATE 13","C11","F",59,319
"H04044","STATE 15","C7B","M",59,318.06
"H04045","STATE 07","C7 ","F",59,316.37
"H04046","STATE 04","C71","M",59,313.71
"H04047","STATE 17","C71","M",59,313.25
"H04048","STATE 06","C1 ","F",59,306.85
"H04049","STATE 06","C1B","F",59,305.11
"H04050","STATE 17","C71","M",59,294.63
"H04051","STATE 03","C1A","M",59,291.29
"H04052","STATE 15","C1 ","F",59,288.65
"H04053","STATE 15","C1B","M",59,282.2
"H04054","STATE 04","C71","F",59,265.85
"H04055","STATE 02","C7B","F",59,265.64
"H04056","STATE 01","C7 ","M",59,252.89
"H04057","STATE 13","C71","F",59,250
"H04058","STATE 06","C71","M",59,241.4
"H04059","STATE 01","C1 ","F",59,237.89
"H04060","STATE 15","C7 ","M",59,211.53
"H04061","STATE 17","C7B","F",59,208.01
"H04062","STATE 06","C7B","M",59,196.84
"H04063","STATE 17","C71","M",59,196.13
"H04064","STATE 07","C71","F",59,174.16
"H04065","STATE 15","C71","M",59,164.33
"H04066","STATE 04","C7 ","F",59,160.58
"H04067","STATE 13","C1A",,59,145.75
"H04068","STATE 15","C11","M",59,140.21
"H04069","STATE 06","C71","F",59,113.45
"H04070","STATE 07","C71","M",59,26.23
"H04071","STATE 04","C7B","M",58,11093.69
"H04072","STATE 06","C7C","F",58,10451.04
"H04073","STATE 13","C7 ","M",58,
"H04074","STATE 17","C71","F",58,
"H04075","STATE 06","C71","M",58,7859
"H04076","STATE 17","C71","F",,7318.4
"H04077","STATE 15","F71","M",58,7197.4
"H04078","STATE 17","C7 ","M",58,7108.76
"H04079","STATE 02","C1B","F",58,6356.9
"H04080","STATE 06","C1 ","F",58,6205.66
"H04081","STATE 04","C7 ","F",58,6145.45
"H04082","STATE 07","C7B","M",58,5696.74
"H04083","STATE 02","F71","F",58,5448.32
"H04084","STATE 07","C71","M",58,5275.46
"H04085","STATE 02","C11","M",58,5244.93
"H04086","STATE 04","C7B","M",58,5233.99
"H04087","STATE 02","C7B","M",58,
"H04088","STATE 03","C1 ",,58,5082.13
"H04089","STATE 17","C7B","M",58,4854.55
"H04090","STATE 15","C11","M",58,4451.8
"H04091","STATE 07","C7B","F",58,4355.64
"H04092","STATE 17","C7B","F",58,4320.28
"H04093","STATE 07","C7B","M",58,3924.13
"H04094","STATE 15","C11","M",58,3911.44
"H04095","STATE 15","C7B","F",58,3844.34
"H04096","STATE 17","C7B","M",58,3820.97
"H04097","STATE 17","C7 ","F",58,3732.91
"H04098","STATE 06","C7 ","M",58,3630.97
"H04099","STATE 04","C71","M",58,3610.7
"H04100","STATE 15","C1 ","M",58,3534.16
"H04101","STATE 07","C7B","F",58,3519.15
"H04102","STATE 02","C7B","M",58,3326.62
"H04103","STATE 15","C11","F",58,3296.47
"H04104","STATE 01","C11","M",58,3222.45
"H04105","STATE 15","C1 ","M",,3110.79
"H04106","STATE 15","C1B","F",58,2945.22
"H04107","STATE 07","C7B",,58,2891.32
"H04108","STATE 15","C1 ",,58,2836.4
"H04109","STATE 03","C7 ","M",58,2675
"H04110","STATE 02","C1B","F",58,2668.4
"H04111","STATE 17","C72","M",58,2643.26
"H04112","STATE 15","C7B","F",58,2581.07
"H04113","STATE 15","C7 ","M",58,2498.06
"H04114","STATE 01","C1 ","M",58,2484.38
"H04115","STATE 06","C1 ","M",58,2398.8
"H04116","STATE 15","C7A","M",58,2370.58
"H04117","STATE 07","C7 ","M",58,2342.1
"H04118","STATE 04","C72","M",58,2332.12
"H04119","STATE 02","C71","M",58,2240.97
"H04120","STATE 17","C71","M",58,2211.25
"H04121","STATE 02","C71","M",58,2180
"H04122","STATE 02","C71","M",58,2113.65
"H04123","STATE 17","C71","M",58,2093.62
"H04124","STATE 02","C1B","F",58,2065
"H04125","STATE 15","C1B",,58,1993.37
"H04126","STATE 01","C7 ","M",58,1930.21
"H04127","STATE 10","C71","F",58,1820.4
"H04128","STATE 15","C7 ","F",58,1791.87
"H04129","STATE 02","C71","F",58,1751.23
"H04130","STATE 02","C1A","M",58,1733.4
"H04131","STATE 13","C1B","F",58,1704.42
"H04132","STATE 06","C1B","M",58,1683.41
"H04133","STATE 12","C7B","M",58,1655.67
"H04134","STATE 04","C71","F",58,1641.81
"H04135","STATE 06","C7 ","M",58,1636.11
"H04136","STATE 10","C7B","M",58,1590.34
"H04137","STATE 15","C71","M",58,1581.64
"H04138","STATE 02","C1 ","M",58,1563.5
"H04139","STATE 02","C7B","F",58,1562.29
"H04140","STATE 17","C71","M",58,1541.96
"H04141","STATE 17","C7B","M",58,1539.85
"H04142","STATE 15","C1B","F",58,1535
"H04143","STATE 02","C72","M",58,1531.33
"H04144","STATE 02","F71","M",58,1511.79
"H04145","STATE 12","C7 ","M",58,1477.44
"H04146","STATE 06","C11","F",58,1462.72
"H04147","STATE 04","F71","M",58,1445.95
"H04148","STATE 06","C1 ","F",58,1379.11
"H04149","STATE 02","C7 ",,58,1354.03
"H04150","STATE 17","F7 ","M",58,1331.97
"H04151","STATE 04","C7 ","M",58,1320.02
"H04152","STATE 04","C71","F",58,1318.72
"H04153","STATE 15","C7B","F",58,1289.93
"H04154","STATE 15","F71","M",58,1279.57
"H04155","STATE 02","C7 ","M",58,1272.76
"H04156","STATE 02","C7 ","F",58,1264.6
"H04157","STATE 15","C11","M",58,1250.46
"H04158","STATE 15","C7 ","M",58,1235.43
"H04159","STATE 15","C72","M",58,1222.99
"H04160","STATE 14","C11","M",58,1220.86
"H04161","STATE 15","C1B","F",58,1219.4
"H04162","STATE 15","C71","M",58,1211.34
"H04163","STATE 17","C7B","M",58,1202.08
"H04164","STATE 06","C7B","F",58,1201.46
"H04165","STATE 15","C1A","F",58,1190.51
"H04166","STATE 12","C7B","M",58,1185.68
"H04167","STATE 10","C7B","F",58,1173.25
"H04168","STATE 06","C7A","M",58,1173.25
"H04169","STATE 10","F71","M",58,1157.78
"H04170","STATE 15","C7A","F",58,1140.5
"H04171","STATE 10","C71","M",58,1136.21
"H04172","STATE 02","C7B","M",,1128.6
"H04173","STATE 15","C71","F",58,1121.57
"H04174","STATE 04","C7 ","F",,1117.85
"H04175","STATE 17","C71","F",58,1091.93
"H04176","STATE 14","C11","F",58,1086.63
"H04177","STATE 15","C7B","M",58,1076.39
"H04178","STATE 02","C71","F",58,1055.37
"H04179","STATE 10","C1A","M",58,1042.5
"H04180","STATE 17","C71","F",58,1009.03
"H04181","STATE 01","C1 ","M",,1008.05
"H04182","STATE 02","C11","F",58,1000
"H04183","STATE 15","C7 ","M",58,1000
"H04184","STATE 02","C7 ","M",58,977.4
"H04185","STATE 15","C11",,58,971.11
"H04186","STATE 02","C7B","M",58,955.69
"H04187","STATE 17","C7B","M",58,951.55
"H04188","STATE 15","C1 ","F",58,944.24
"H04189","STATE 15","C7B","M",58,943.68
"H04190","STATE 01","F71","M",58,937.36
"H04191","STATE 17","C71","F",58,914.95
"H04192","STATE 02","C7B","M",58,913.97
"H04193","STATE 15","C1 ","F",58,906.54
"H04194","STATE 15","C7B","M",58,901.8
"H04195","STATE 15","C1A","F",58,895.44
"H04196","STATE 15","C71","F",58,893.08
"H04197","STATE 03","C11","F",58,862.15
"H04198","STATE 02","C7 ",,58,850
"H04199","STATE 02","C1B","M",58,845.73
"H04200","STATE 15","C7 ","M",58,843
"H04201","STATE 06","C11",,58,840.2
"H04202","STATE 04","C71","M",58,839.68
"H04203","STATE 02","C11","M",58,821.16
"H04204","STATE 06","C1A","F",58,800.36
"H04205","STATE 15","C71","F",58,789.18
"H04206","STATE 15","C1 ","F",58,787.82
"H04207","STATE 02","C71","F",58,787.49
"H04208","STATE 01","C1C","F",58,763.84
"H04209","STATE 02","C1B","F",58,756.4
"H04210","STATE 13","C7B","F",,754.74
"H04211","STATE 01","C71","M",58,748.1
"H04212","STATE 04","C7B","F",,745.92
"H04213","STATE 12","C71","M",58,735.18
"H04214","STATE 12","C71","F",58,735
"H04215","STATE 15","C1C","M",58,730.82
"H04216","STATE 15","C7B",,58,707.1
"H04217","STATE 02","C7 ","M",58,702.58
"H04218","STATE 06","C11","M",58,689.26
"H04219","STATE 02","C71","M",58,641.93
"H04220","STATE 06","C71","M",58,640.41
"H04221","STATE 04","C7B","M",58,638.95
"H04222","STATE 10","C11","F",,632.67
"H04223","STATE 15","C71","F",58,626.02
"H04224","STATE 10","C11","M",58,625.17
"H04225","STATE 15","C71","F",58,614.54
"H04226","STATE 15","C7B","M",58,599
"H04227","STATE 13","C1 ","F",58,570.83
"H04228","STATE 07","C7B","M",58,567.79
"H04229","STATE 02","C1 ","M",58,566.19
"H04230","STATE 02","C1B","M",,540.6
"H04231","STATE 06","C7 ","M",58,537.74
"H04232","STATE 07","C71","M",58,536.01
"H04233","STATE 04","C7 ","F",58,532.17
"H04234","STATE 03","C71","M",58,531.73
"H04235","STATE 02","C7 ","M",58,515.34
"H04236","STATE 15","C7A","M",58,507.09
"H04237","STATE 04","C7 ","F",58,505.02
"H04238","STATE 02","C71",,58,500
"H04239","STATE 15","C7 ","M",58,500
"H04240","STATE 13","C1B","M",58,494.96
"H04241","STATE 06","C7B","F",58,493.17
"H04242","STATE 03","C1A","M",58,491.68
"H04243","STATE 15","C11","M",58,480.73
"H04244","STATE 02","C1 ","M",58,480
"H04245","STATE 15","C71","M",58,478.27
"H04246","STATE 03","C7 ","F",58,472.75
"H04247","STATE 15","C7B","F",58,458.1
"H04248","STATE 04","C7 ","F",58,444.06
"H04249","STATE 02","C7 ","F",58,437.06
"H04250","STATE 02","F71","M",58,412.49
"H04251","STATE 04","C7 ","M",58,409.11
"H04252","STATE 02","C11","F",58,400
"H04253","STATE 03","C71","F",58,395.27
"H04254","STATE 06","C7A","F",58,386.56
"H04255","STATE 07","C7 ","F",58,384.58
"H04256","STATE 15","C1C","M",58,375
"H04257","STATE 06","C1 ","F",58,372.95
"H04258","STATE 06","C7 ","F",58,367.73
"H04259","STATE 02","C1B","M",58,354.18
"H04260","STATE 15","C1 ","F",58,350.77
"H04261","STATE 06","C1B","M",58,339.74
"H04262","STATE 15","C1B","M",58,338.63
"H04263","STATE 04","C7 ","M",58,309.52
"H04264","STATE 15","F7 ","M",58,306.87
"H04265","STATE 17","C7B","F",58,300.69
"H04266","STATE 02","C1 ","F",58,275.07
"H04267","STATE 15","C71","F",58,273.61
"H04268","STATE 13","C7B","M",58,265.67
"H04269","STATE 15","C7 ",,58,261.64
"H04270","STATE 02","C71","F",58,259.25
"H04271","STATE 03","C1 ","M",58,237.65
"H04272","STATE 13","C1 ","F",58,225.2
"H04273","STATE 03","F11",,58,224.54
"H04274","STATE 15","C1B","M",58,220.28
"H04275","STATE 02","C7B","F",58,217.97
"H04276","STATE 03","C71","M",58,212.85
"H04277","STATE 10","C11","F",58,180.07
"H04278","STATE 13","C71","M",58,167.73
"H04279","STATE 15","C1B","M",58,161.1
"H04280","STATE 02","C7B","M",58,149.26
"H04281","STATE 04","C7B","M",58,148.45
"H04282","STATE 15","C1 ","M",58,123.37
"H04283","STATE 01","C7A","M",58,113.54
"H04284","STATE 15","C7B","F",58,100
"H04285","STATE 15","C7 ","F",58,90
"H04286","STATE 15","C1B","M",58,64.05
"H04287","STATE 02","C7A","M",58,60
"H04288","STATE 03","C72","M",57,21631.29
"H04289","STATE 15","C11","F",57,20334.71
"H04290","STATE 15","C1 ","M",57,10359.7
"H04291","STATE 15","C1A","F",57,10232.63
"H04292","STATE 12","C7C","F",57,9904.92
"H04293","STATE 06","C2 ","M",57,8877.68
"H04294","STATE 06","C7B","M",57,
"H04295","STATE 03","C1B","F",57,7780.9
"H04296","STATE 13","C7B","M",57,6357.31
"H04297","STATE 12","C11","M",,6299.63
"H04298","STATE 02","C7 ","M",57,5673.79
"H04299","STATE 15","C7B","F",57,4767.39
"H04300","STATE 04","C72","M",57,4638.24
"H04301","STATE 15","C7B","F",57,4445
"H04302","STATE 12","C1 ","M",57,4355.94
"H04303","STATE 15","C7B","F",57,4302.28
"H04304","STATE 15","C11","M",57,4108.44
"H04305","STATE 10","C7C","M",57,4075.54
"H04306","STATE 06","C72","M",57,3939.13
"H04307","STATE 06","C1B","M",57,3890.9
"H04308","STATE 15","C7A","M",57,3838.97
"H04309","STATE 17","C7 ",,57,3721.49
"H04310","STATE 12","C1B","F",57,3692.33
"H04311","STATE 15","F71","M",57,3606.75
"H04312","STATE 15","C7 ","M",57,3511.68
"H04313","STATE 15","C71","F",57,3363
"H04314","STATE 06","C1 ","M",57,3309.81
"H04315","STATE 02","C2 ","F",57,3278.75
"H04316","STATE 03","C11","M",,3251.14
"H04317","STATE 17","C71","M",57,3198.5
"H04318","STATE 06","C7A","M",,3144.87
"H04319","STATE 15","C71","M",57,3018.03
"H04320","STATE 06","C7 ","M",57,3014.34
"H04321","STATE 11","C11","M",57,2900.36
"H04322","STATE 01","C7 ","M",57,2756.83
"H04323","STATE 02","C7B","F",57,2750.5
"H04324","STATE 12","C7 ","M",57,2657.28
"H04325","STATE 15","F71","M",57,2626
"H04326","STATE 15","C1B","M",57,2538.97
"H04327","STATE 17","C7 ","F",57,2436.7
"H04328","STATE 02","C1B","F",57,2347.78
"H04329","STATE 15","C71","M",57,2345.69
"H04330","STATE 14","C1 ","M",57,2319.84
"H04331","STATE 15","C1 ","M",57,2269
"H04332","STATE 10","C1 ","M",57,2240.6
"H04333","STATE 15","C71","F",57,2191.83
"H04334","STATE 04","C71","F",57,2184.66
"H04335","STATE 02","C2 ","M",57,2135.15
"H04336","STATE 01","C11","M",,2113.22
"H04337","STATE 02","C11","F",57,2110.29
"H04338","STATE 07","C71","M",57,2101.18
"H04339","STATE 03","F71","M",57,2075.3
"H04340","STATE 15","C11","M",57,2061.63
"H04341","STATE 04","C71","M",57,2055
"H04342","STATE 17","C7 ","F",57,2011.47
"H04343","STATE 04","C72","M",57,1988.24
"H04344","STATE 06","C7 ","M",57,1984.37
"H04345","STATE 15","C1A","M",57,1942.68
"H04346","STATE 06","C7 ","F",57,1938.6
"H04347","STATE 13","C1 ","F",57,1907.76
"H04348","STATE 04","C71","M",57,1849.97
"H04349","STATE 15","C7 ","F",57,1800
"H04350","STATE 17","C71","F",57,1791.95
"H04351","STATE 15","C7 ","M",57,1781.69
"H04352","STATE 02","C71","M",57,1743.5
"H04353","STATE 13","C7B","M",57,1682.04
"H04354","STATE 02","C7B",,57,1668.72
"H04355","STATE 02","C71",,57,1647.33
"H04356","STATE 04","C7 ","M",57,1571.4
"H04357","STATE 15","C1 ","M",57,1550.8
"H04358","STATE 15","C7B","F",57,1513.04
"H04359","STATE 02","C7 ","M",57,1500
"H04360","STATE 06","C71","M",57,1487.98
"H04361","STATE 06","C71","M",57,1483.24
"H04362","STATE 04","C71","M",57,1481.81
"H04363","STATE 10","C1 ","F",57,1476.43
"H04364","STATE 04","C71","M",57,1470
"H04365","STATE 06","C71","F",57,1462.16
"H04366","STATE 04","C7 ",,57,1431.82
"H04367","STATE 15","C11","F",57,1430.24
"H04368","STATE 15","C7B","F",57,1427.37
"H04369","STATE 15","C1B","M",,1415.82
"H04370","STATE 03","C7 ","M",57,1408.43
"H04371","STATE 15","C7 ","M",57,1394.83
"H04372","STATE 02","C11","M",57,1361.13
"H04373","STATE 12","C7B","M",57,1357.61
"H04374","STATE 15","C7 ","F",57,1350
"H04375","STATE 06","C11","M",57,1333.03
"H04376","STATE 17","C7B","M",57,1327.03
"H04377","STATE 17","C7B",,57,1308.5
"H04378","STATE 02","C71","F",57,1278.9
"H04379","STATE 01","C71","M",57,1262.07
"H04380","STATE 07","C7 ","M",57,1249.99
"H04381","STATE 15","C7A","M",57,1247.47
"H04382","STATE 17","C7B","M",57,1229.44
"H04383","STATE 15","C11","M",57,1227.96
"H04384","STATE 02","C71","F",57,1227.21
"H04385","STATE 04","C7 ","M",57,1211.84
"H04386","STATE 12","C1B","F",57,1210.38
"H04387","STATE 04","C7 ","M",57,1185.02
"H04388","STATE 06","C7 ","M",57,1183.6
"H04389","STATE 02","C1B","F",57,1168.72
"H04390","STATE 04","C7 ","M",57,1129.02
"H04391","STATE 02","C7 ","F",57,1097.13
"H04392","STATE 15","C71","M",57,1091.88
"H04393","STATE 15","C7C","M",57,1091.06
"H04394","STATE 06","C2 ","M",57,1088.27
"H04395","STATE 13","C71","M",57,1086.23
"H04396","STATE 04","C71","F",57,1056.58
"H04397","STATE 17","C7 ","M",57,1018.39
"H04398","STATE 10","C71","M",57,1013.93
"H04399","STATE 02","C71","M",57,1000
"H04400","STATE 06","C7 ","M",57,999.89
"H04401","STATE 15","C72","M",57,991.36
"H04402","STATE 03","F7 ","F",57,980.92
"H04403","STATE 17","C7B","M",57,978.03
"H04404","STATE 02","C1 ","F",57,972.95
"H04405","STATE 07","C7 ","M",57,972.06
"H04406","STATE 13","C1 ",,57,950
"H04407","STATE 12","C1 ","M",57,938.1
"H04408","STATE 04","C7A","F",57,932.94
"H04409","STATE 14","F71","F",57,929.62
"H04410","STATE 15","C7C","M",57,922.82
"H04411","STATE 07","C71","F",57,921
"H04412","STATE 02","C1 ","F",57,904.02
"H04413","STATE 15","C71","M",57,900
"H04414","STATE 14","C71","M",57,892.4
"H04415","STATE 01","C1 ","F",57,889.95
"H04416","STATE 15","C1 ","M",57,876.06
"H04417","STATE 06","C11","M",57,842.57
"H04418","STATE 02","C11","M",57,832.3
"H04419","STATE 01","F7 ","F",57,825.69
"H04420","STATE 15","C71","M",57,825.38
"H04421","STATE 15","C7 ","M",57,819.99
"H04422","STATE 02","F71","F",57,818.83
"H04423","STATE 13","C2 ","M",57,815.16
"H04424","STATE 02","C71","M",57,808.5
"H04425","STATE 07","C7B","F",57,807.7
"H04426","STATE 02","C7 ","M",57,807.33
"H04427","STATE 02","C7 ","M",57,807.25
"H04428","STATE 12","C7B","M",57,799.98
"H04429","STATE 04","C7A","M",57,795.08
"H04430","STATE 13","C1B","M",57,785.66
"H04431","STATE 04","C7 ","M",57,781.56
"H04432","STATE 01","C1 ","F",57,756.61
"H04433","STATE 15","C71","F",57,736.25
"H04434","STATE 02","C7 ","M",57,693.87
"H04435","STATE 04","C71","F",57,693.06
"H04436","STATE 15","C1 ","M",57,683.15
"H04437","STATE 04","C7B","F",57,676.68
"H04438","STATE 03","C1 ","M",57,675
"H04439","STATE 13","C11","F",57,661.57
"H04440","STATE 06","C7 ","M",57,660.59
"H04441","STATE 17","C71","F",57,654.26
"H04442","STATE 15","C11","M",57,639.05
"H04443","STATE 03","C1 ","M",57,634.89
"H04444","STATE 06","C7B","M",57,633
"H04445","STATE 13","C2 ","M",57,628.21
"H04446","STATE 15","C11","M",57,625.5
"H04447","STATE 06","C7 ","F",57,625
"H04448","STATE 12","C71","M",57,620.44
"H04449","STATE 02","C71","M",57,619.4
"H04450","STATE 15","C11","M",57,616.75
"H04451","STATE 02","C7B",,57,596.02
"H04452","STATE 10","C1 ","M",57,571.22
"H04453","STATE 02","C71","F",57,564.71
"H04454","STATE 07","F71","M",57,564.13
"H04455","STATE 15","C1 ","M",57,550.47
"H04456","STATE 15","C7B","M",57,549.71
"H04457","STATE 15","C2 ","F",57,548.07
"H04458","STATE 02","C7 ","F",57,530.53
"H04459","STATE 14","C7B","M",57,528.2
"H04460","STATE 03","C1 ","M",57,500
"H04461","STATE 15","C7 ","M",57,499.44
"H04462","STATE 04","C71","F",57,497.83
"H04463","STATE 17","F71","M",57,497.39
"H04464","STATE 15","C7B","M",57,496.51
"H04465","STATE 02","C1 ","M",57,496.25
"H04466","STATE 02","C7 ","M",57,481.52
"H04467","STATE 03","C71","F",57,474.18
"H04468","STATE 07","C7 ","F",57,468.9
"H04469","STATE 02","C7 ","M",57,459.53
"H04470","STATE 15","C71","M",57,459
"H04471","STATE 06","C1 ","M",57,454.34
"H04472","STATE 15","C71","F",57,453.66
"H04473","STATE 02","C71","M",57,450
"H04474","STATE 02","C1B","M",57,448.61
"H04475","STATE 17","F71","M",57,445.42
"H04476","STATE 12","C7B","M",57,432.15
"H04477","STATE 12","C7B","F",57,428.54
"H04478","STATE 15","C7B","F",57,423.45
"H04479","STATE 02","C11","F",57,422.81
"H04480","STATE 15","C1B","M",57,411.76
"H04481","STATE 02","C71","M",57,408.44
"H04482","STATE 06","C1B","F",57,403.82
"H04483","STATE 04","C71","F",57,403.11
"H04484","STATE 15","C1 ","M",57,400
"H04485","STATE 06","C7B","F",57,386.89
"H04486","STATE 14","C71","M",,383.12
"H04487","STATE 12","C7 ","F",57,378.4
"H04488","STATE 06","C2 ","M",57,375
"H04489","STATE 15","C7B","M",,372.76
"H04490","STATE 15","C1 ","F",57,361.18
"H04491","STATE 15","C7 ","M",,360.7
"H04492","STATE 06","C7 ","F",57,343.5
"H04493","STATE 15","C11","M",57,341.58
"H04494","STATE 10","C7 ","M",57,336.99
"H04495","STATE 15","C7A","M",57,332.33
"H04496","STATE 02","C71","M",57,328.18
"H04497","STATE 14","C7 ","F",57,323.32
"H04498","STATE 01","C7 ","M",57,318.12
"H04499","STATE 17","C7 ","F",57,315.12
"H04500","STATE 10","C7B","M",57,290
"H04501","STATE 01","C7 ","F",57,283.22
"H04502","STATE 13","C71","F",57,274.77
"H04503","STATE 03","C1 ","M",57,273.92
"H04504","STATE 04","C7A","F",57,273.81
"H04505","STATE 15","C1C","F",57,263.48
"H04506","STATE 15","C7B","M",57,250.28
"H04507","STATE 17","C7B","F",57,242.63
"H04508","STATE 14","C11","M",57,202.18
"H04509","STATE 15","C7B","F",57,200
"H04510","STATE 15","C11","F",57,172.8
"H04511","STATE 15","C71","M",57,133.24
"H04512","STATE 15","C1 ","F",57,125
"H04513","STATE 02","C7B","F",57,122.81
"H04514","STATE 04","C7 ","M",57,114.72
"H04515","STATE 15","C72","M",57,110.78
"H04516","STATE 03","C7 ","M",57,84.36
"H04517","STATE 15","C71","M",57,79.8
"H04518","STATE 12","C1A","F",57,74.67
"H04519","STATE 02","C71","M",57,65.95
"H04520","STATE 15","C7B","M",57,45.25
"H04521","STATE 04","C7B","M",56,28593.49
"H04522","STATE 02","C7B","F",56,
"H04523","STATE 06","C11","M",56,10847.62
"H04524","STATE 17","C7 ","F",56,10538.65
"H04525","STATE 02","C7 ","F",56,10242.5
"H04526","STATE 15","C71","M",56,9849.02
"H04527","STATE 15","C71","F",56,9709.84
"H04528","STATE 15","C1B","M",56,8903.29
"H04529","STATE 15","C71","F",56,8066.17
"H04530","STATE 17","C7B","M",,7873.9
"H04531","STATE 13","C7B","F",56,7708.2
"H04532","STATE 15","C7 ","F",56,
"H04533","STATE 02","C1B","M",56,
"H04534","STATE 03","C7 ","M",56,6750.86
"H04535","STATE 15","C7B",,56,
"H04536","STATE 07","C7B","F",56,6602.16
"H04537","STATE 06","C1 ","M",56,5758.21
"H04538","STATE 04","C7B","M",56,5511.9
"H04539","STATE 15","C7B","F",56,5341.45
"H04540","STATE 15","C72","M",56,5335.18
"H04541","STATE 15","C71","F",56,5313.25
"H04542","STATE 15","C7B","M",56,
"H04543","STATE 12","C1B","M",56,
"H04544","STATE 17","C7 ","M",56,
"H04545","STATE 15","C7B","F",56,4184.04
"H04546","STATE 17","C71","M",56,4100.6
"H04547","STATE 10","C7B","F",56,4078.6
"H04548","STATE 02","C1B","M",56,4040.41
"H04549","STATE 15","C7 ","F",56,4014.28
"H04550","STATE 04","C71","F",56,3674.37
"H04551","STATE 14","C7 ","M",56,3587.86
"H04552","STATE 04","C71","F",56,3521.63
"H04553","STATE 12","C11","M",56,3521.32
"H04554","STATE 15","C1 ","F",56,3416.34
"H04555","STATE 04","C7B","M",56,3372.97
"H04556","STATE 02","C7 ","M",56,3149.97
"H04557","STATE 15","C11","M",56,3056.01
"H04558","STATE 14","F71","M",56,3045.47
"H04559","STATE 06","C7B","M",56,2960
"H04560","STATE 17","C71","M",56,2946.55
"H04561","STATE 04","C71","F",56,2925
"H04562","STATE 15","C7 ","M",56,2912.28
"H04563","STATE 15","C7B","M",56,2844.29
"H04564","STATE 04","C7 ","M",56,2815.33
"H04565","STATE 12","C1B","M",56,2726.41
"H04566","STATE 06","C11",,56,2708
"H04567","STATE 15","C11","M",56,2685.02
"H04568","STATE 15","C7C","F",56,2666.97
"H04569","STATE 02","C71","M",56,2596.17
"H04570","STATE 04","C71","M",56,2577.29
"H04571","STATE 02","C71","M",56,2565.69
"H04572","STATE 06","C7B","M",56,2560.59
"H04573","STATE 15","C7B","F",56,2549.19
"H04574","STATE 06","C71","F",56,2481.62
"H04575","STATE 01","C11","M",56,2437.24
"H04576","STATE 01","C1 ","F",56,2434.97
"H04577","STATE 15","C71","M",56,2379.24
"H04578","STATE 15","C1B","F",56,2365.15
"H04579","STATE 06","C71","M",56,2354.52
"H04580","STATE 04","C71","F",56,2301.61
"H04581","STATE 03","F1 ","M",56,2277
"H04582","STATE 04","C71","M",56,2271.02
"H04583","STATE 14","C7 ","M",56,2228.4
"H04584","STATE 17","C71","F",56,2192.57
"H04585","STATE 06","C11","M",56,2192.05
"H04586","STATE 15","C1B","F",56,2160.64
"H04587","STATE 10","C72","M",56,2112.63
"H04588","STATE 10","C11","M",56,2083.04
"H04589","STATE 15","C1 ","M",56,2049.18
"H04590","STATE 01","C71","M",56,2000
"H04591","STATE 15","C7 ","M",56,1993.18
"H04592","STATE 03","C1 ","F",56,1982.33
"H04593","STATE 17","C71","F",56,1945.56
"H04594","STATE 10","C7 ","M",56,1942.82
"H04595","STATE 12","C71","M",56,1926.09
"H04596","STATE 06","C71","F",56,1822.79
"H04597","STATE 02","C11","F",,1792.72
"H04598","STATE 07","C7 ","M",56,1758.73
"H04599","STATE 06","C1B","M",56,1758.33
"H04600","STATE 04","C7A",,56,1750.85
"H04601","STATE 07","C7A","M",56,1607.91
"H04602","STATE 02","C71","M",56,1602.1
"H04603","STATE 13","F11","M",56,1566.47
"H04604","STATE 15","C71","M",56,1523.51
"H04605","STATE 15","C1 ","M",,1495.3
"H04606","STATE 12","C1B","M",56,1491.23
"H04607","STATE 15","C7B","M",56,1461.48
"H04608","STATE 03","C1B","M",56,1450.55
"H04609","STATE 06","C7 ","F",56,1450.29
"H04610","STATE 12","C1B","M",56,1431.9
"H04611","STATE 12","C11","F",56,1427.29
"H04612","STATE 15","C1B","M",56,1319.69
"H04613","STATE 06","C7 ","M",56,1302.64
"H04614","STATE 15","C1B","M",56,1281.46
"H04615","STATE 10","C11","M",56,1272.4
"H04616","STATE 04","C7B","M",56,1272.17
"H04617","STATE 14","C1 ","M",56,1264.58
"H04618","STATE 06","C11",,56,1222.12
"H04619","STATE 15","C7 ","F",56,1214.61
"H04620","STATE 06","C71","M",56,1207.39
"H04621","STATE 10","C7C","M",56,1200
"H04622","STATE 04","C7 ","M",56,1183.89
"H04623","STATE 15","C11","M",56,1169.59
"H04624","STATE 12","C1B","M",56,1149.68
"H04625","STATE 17","C71","M",56,1136.08
"H04626","STATE 02","C1 ","M",56,1064.5
"H04627","STATE 15","C7B","M",56,1063.39
"H04628","STATE 02","C71","M",56,1051.75
"H04629","STATE 10","C7B","M",56,1051.13
"H04630","STATE 15","C71","F",,1040.97
"H04631","STATE 15","C11","M",56,1033.32
"H04632","STATE 15","C71","F",56,1027.94
"H04633","STATE 03","C71",,56,1024.13
"H04634","STATE 02","F71","M",56,1009.41
"H04635","STATE 01","C7 ","F",56,1000
"H04636","STATE 10","C7 ","M",56,995
"H04637","STATE 02","C1B","M",56,977.52
"H04638","STATE 17","C7C","M",56,974.03
"H04639","STATE 02","C71","F",56,959.12
"H04640","STATE 04","C7B","M",56,954.98
"H04641","STATE 06","C7 ","M",56,943.64
"H04642","STATE 13","C7B","F",56,935.74
"H04643","STATE 15","C7 ","M",56,933.27
"H04644","STATE 02","C11","M",56,920.29
"H04645","STATE 15","C7 ","M",56,914.69
"H04646","STATE 10","C1A","M",56,913.75
"H04647","STATE 15","C11","M",56,903.09
"H04648","STATE 12","C1B","M",56,894.12
"H04649","STATE 15","C71",,56,890.19
"H04650","STATE 15","C7B","F",56,881.55
"H04651","STATE 02","C1B","M",56,874.49
"H04652","STATE 01","C7 ","M",56,860.1
"H04653","STATE 04","C7 ","M",56,850
"H04654","STATE 07","C71","M",56,844.58
"H04655","STATE 02","C7B","M",56,822.81
"H04656","STATE 12","C1B","M",56,822.19
"H04657","STATE 17","C71","F",56,817.31
"H04658","STATE 15","C1 ","M",56,800
"H04659","STATE 15","C11","F",56,787.38
"H04660","STATE 02","C71","F",56,776.72
"H04661","STATE 04","C7 ","F",56,771.25
"H04662","STATE 02","C11","F",56,762.53
"H04663","STATE 15","C71","M",56,751.65
"H04664","STATE 07","F7 ","M",56,720
"H04665","STATE 03","C1 ","F",56,718.02
"H04666","STATE 10","F71","M",56,710.3
"H04667","STATE 10","C7 ","F",56,697.44
"H04668","STATE 12","C1 ","F",56,696.09
"H04669","STATE 02","C11","M",56,689.66
"H04670","STATE 04","C7C","M",56,688.97
"H04671","STATE 02","C1B","M",56,682.07
"H04672","STATE 04","C7B","M",56,681.17
"H04673","STATE 15","C11","F",56,680.37
"H04674","STATE 01","F7 ","F",56,679
"H04675","STATE 15","C71","M",56,676.51
"H04676","STATE 02","C1A","M",56,666.66
"H04677","STATE 17","C7B","M",56,654.53
"H04678","STATE 15","C1B","F",56,654.5
"H04679","STATE 07","C7B","M",56,650.46
"H04680","STATE 02","C71","M",56,645.01
"H04681","STATE 01","C11","M",56,596.05
"H04682","STATE 15","C7 ","F",56,582.18
"H04683","STATE 15","C71","M",56,578.8
"H04684","STATE 15","C7 ","M",56,574.76
"H04685","STATE 02","C1B","F",56,563.76
"H04686","STATE 15","C7 ","M",56,559.24
"H04687","STATE 15","C7A","F",56,558.83
"H04688","STATE 15","C7 ","F",56,534.02
"H04689","STATE 04","C71","M",56,532.1
"H04690","STATE 07","C71","F",56,523.95
"H04691","STATE 06","C11","M",,523.93
"H04692","STATE 13","C1B","F",56,522.76
"H04693","STATE 15","C7A","M",56,514.73
"H04694","STATE 02","C7B","F",56,513.9
"H04695","STATE 15","C1C",,56,512.2
"H04696","STATE 02","C71","F",56,502.37
"H04697","STATE 15","C72",,56,499.29
"H04698","STATE 15","C71","M",56,498.22
"H04699","STATE 12","C1A","M",56,495.72
"H04700","STATE 15","C11","M",,493.92
"H04701","STATE 07","C71","M",,490.83
"H04702","STATE 15","C1 ","M",56,485.08
"H04703","STATE 15","C7 ","F",56,481.82
"H04704","STATE 06","C1 ","M",56,472.7
"H04705","STATE 17","C71","M",56,472.15
"H04706","STATE 17","C71","M",56,471.38
"H04707","STATE 14","F71","M",56,468.25
"H04708","STATE 15","C2 ","M",56,464.83
"H04709","STATE 03","C71","M",56,463.19
"H04710","STATE 02","C71","F",56,460.84
"H04711","STATE 15","C1B","F",56,460
"H04712","STATE 02","C71","F",56,457.54
"H04713","STATE 15","C11","M",56,453.91
"H04714","STATE 15","C11","M",,443.74
"H04715","STATE 15","C71","M",56,443.1
"H04716","STATE 10","C11","F",56,440.66
"H04717","STATE 04","C7 ","F",56,440.51
"H04718","STATE 04","C7B","M",56,437.26
"H04719","STATE 15","C1 ","M",56,425.32
"H04720","STATE 15","C72","F",56,423.12
"H04721","STATE 06","C1B","M",56,419.38
"H04722","STATE 15","C1 ","M",56,416.94
"H04723","STATE 03","C1 ","M",56,399.58
"H04724","STATE 07","C7 ","M",56,390.37
"H04725","STATE 06","C7A","M",56,383.9
"H04726","STATE 10","C71","M",56,372.75
"H04727","STATE 03","C1 ","M",56,367.89
"H04728","STATE 03","C7 ",,56,361.65
"H04729","STATE 17","C7 ","M",56,350
"H04730","STATE 02","C7B","M",56,348.86
"H04731","STATE 17","C72","F",56,348.15
"H04732","STATE 02","C7 ","F",56,347.79
"H04733","STATE 04","C7 ","M",56,343.5
"H04734","STATE 15","C11","M",56,342.24
"H04735","STATE 02","C1B","F",56,333.05
"H04736","STATE 02","C1 ","M",56,328.91
"H04737","STATE 13","C1A","M",56,327.41
"H04738","STATE 02","C11","M",56,325.48
"H04739","STATE 03","C11","F",56,323.41
"H04740","STATE 02","C11","M",56,308.89
"H04741","STATE 04","C7B","F",56,282.99
"H04742","STATE 13","C1B","M",56,281.08
"H04743","STATE 07","C71","F",56,279.61
"H04744","STATE 02","C7 ","F",56,277
"H04745","STATE 15","C7 ","M",56,276.41
"H04746","STATE 04","C7 ","M",56,268.4
"H04747","STATE 02","C7 ","F",56,251.5
"H04748","STATE 17","C71","M",56,246.12
"H04749","STATE 02","C71","F",56,232.5
"H04750","STATE 04","F71","M",56,228.7
"H04751","STATE 02","C7 ","M",56,218.68
"H04752","STATE 10","C7B","M",56,184.84
"H04753","STATE 07","C72","F",56,178.17
"H04754","STATE 04","C7B","F",56,165.32
"H04755","STATE 10","C1 ","F",56,156.47
"H04756","STATE 04","C7B","M",56,147.91
"H04757","STATE 03","C1 ","M",56,142.33
"H04758","STATE 04","C71",,56,123.1
"H04759","STATE 15","C7 ","F",56,108.18
"H04760","STATE 15","C7B","M",56,78.82
"H04761","STATE 15","C7B","F",56,74.23
"H04762","STATE 17","C71","M",56,63.33
"H04763","STATE 15","C7 ","F",56,17.79
"H04764","STATE 04","C7B","F",55,15279.68
"H04765","STATE 02","C7 ","M",55,12597.12
"H04766","STATE 15","C71","M",55,
"H04767","STATE 12","C1 ","M",55,11156.17
"H04768","STATE 04","C7 ","F",55,10817.49
"H04769","STATE 02","C11","M",55,
"H04770","STATE 12","C71","M",55,10022.78
"H04771","STATE 06","C71","F",55,7967.06
"H04772","STATE 15","C1 ","M",55,7478.84
"H04773","STATE 02","C1 ","M",55,7429.58
"H04774","STATE 02","C7B","M",55,7108.52
"H04775","STATE 07","C71","F",55,7038.61
"H04776","STATE 02","C71","M",55,
"H04777","STATE 06","C7A","M",55,6237.24
"H04778","STATE 03","C1A","M",55,6056.35
"H04779","STATE 04","C7A","M",55,6055
"H04780","STATE 12","C1 ","F",55,5845.4
"H04781","STATE 02","C71",,55,5600.56
"H04782","STATE 17","C71","M",55,5479.6
"H04783","STATE 02","C7 ","M",55,5399.37
"H04784","STATE 03","C7C","M",55,5350.04
"H04785","STATE 06","C71","M",55,5330.06
"H04786","STATE 15","C1B","M",55,4946.5
"H04787","STATE 02","C1 ","F",55,4358.71
"H04788","STATE 17","C71","M",55,4315.43
"H04789","STATE 02","C11","F",55,4043.41
"H04790","STATE 12","C71","M",,3978.91
"H04791","STATE 13","C7B","M",55,3908.7
"H04792","STATE 15","C11","F",,3882.04
"H04793","STATE 15","C7B","F",55,3825.32
"H04794","STATE 15","C1B","M",55,3690.67
"H04795","STATE 02","C7B","F",55,3636.59
"H04796","STATE 15","C71","F",55,3617.05
"H04797","STATE 06","C7 ","M",55,3610.44
"H04798","STATE 02","C1 ","M",55,3607
"H04799","STATE 04","C7B","M",55,3477.55
"H04800","STATE 15","C7B","M",55,3405.77
"H04801","STATE 17","C71","F",55,3351.43
"H04802","STATE 06","C71",,55,3260.21
"H04803","STATE 06","C1B","M",55,3242.11
"H04804","STATE 06","C71","F",55,3237.98
"H04805","STATE 01","C7 ","F",55,3163
"H04806","STATE 15","C7B","F",55,3086.77
"H04807","STATE 13","C71","M",55,2998.88
"H04808","STATE 15","C71","M",55,2975.85
"H04809","STATE 07","C7B","M",55,2958.4
"H04810","STATE 06","C7B","F",55,2881.17
"H04811","STATE 02","C7 ","M",55,2783.5
"H04812","STATE 07","C7 ",,55,2750
"H04813","STATE 04","C71","M",55,2683.21
"H04814","STATE 06","C7 ","F",55,2635.78
"H04815","STATE 02","C7B","F",55,2575.79
"H04816","STATE 04","C71","M",55,2564.01
"H04817","STATE 02","F7 ","M",55,2545.69
"H04818","STATE 06","C7B","M",55,2523.04
"H04819","STATE 06","C1B","M",55,2450.98
"H04820","STATE 02","F71","F",55,2427.42
"H04821","STATE 15","C7B","M",55,2391
"H04822","STATE 15","C71","F",55,2367.3
"H04823","STATE 13","C7B","M",55,2342.4
"H04824","STATE 06","C2 ","M",55,2323.5
"H04825","STATE 02","C1B","M",55,2317.29
"H04826","STATE 04","C71","F",55,2310
"H04827","STATE 15","C7 ","M",55,2303.07
"H04828","STATE 15","C7B","F",55,2275.62
"H04829","STATE 10","C1B","M",55,2251.84
"H04830","STATE 15","C11","F",55,2250
"H04831","STATE 15","C1 ","M",55,2238.12
"H04832","STATE 10","C11","M",,2212.54
"H04833","STATE 06","C7B",,55,2203.34
"H04834","STATE 07","C72","M",55,2188.23
"H04835","STATE 06","C7 ","M",55,2180.9
"H04836","STATE 07","C7B","M",55,2153.58
"H04837","STATE 14","C7 ","M",55,2147.74
"H04838","STATE 02","C7B","F",55,2121.05
"H04839","STATE 04","C7B","F",55,2109.54
"H04840","STATE 06","C7A","F",55,2072.1
"H04841","STATE 04","C7 ","M",55,2016.25
"H04842","STATE 03","C7 ","M",55,2003.9
"H04843","STATE 02","C1 ","M",55,2001.06
"H04844","STATE 03","C1 ","M",55,2000
"H04845","STATE 04","C7C","M",55,2000
"H04846","STATE 15","C11","M",55,2000
"H04847","STATE 15","C7 ","F",,1995.71
"H04848","STATE 04","C71","M",55,1993.42
"H04849","STATE 04","C71","F",55,1984.9
"H04850","STATE 15","C71","M",55,1897.19
"H04851","STATE 17","C7B",,55,1890.06
"H04852","STATE 02","C1B","F",55,1828.32
"H04853","STATE 15","C7B",,55,1812.71
"H04854","STATE 04","C71","F",55,1783.17
"H04855","STATE 04","C71","M",55,1758.45
"H04856","STATE 15","C7 ","M",55,1754.98
"H04857","STATE 02","C7 ","M",55,1744.78
"H04858","STATE 04","C7 ","M",,1740.98
"H04859","STATE 15","C71","M",55,1727.86
"H04860","STATE 01","F11","M",55,1577.2
"H04861","STATE 04","C7B","M",55,1573.21
"H04862","STATE 06","C1 ","F",55,1542.91
"H04863","STATE 15","C7B","M",55,1540.27
"H04864","STATE 02","C71","M",55,1514
"H04865","STATE 15","C7B","M",55,1508.83
"H04866","STATE 15","C71","M",55,1506.79
"H04867","STATE 13","C2 ","M",55,1505.1
"H04868","STATE 14","C11","F",55,1472.66
"H04869","STATE 12","C11","M",55,1462.79
"H04870","STATE 04","C7B","M",55,1442.08
"H04871","STATE 02","F71","M",55,1437.65
"H04872","STATE 04","C7 ","M",55,1401.95
"H04873","STATE 02","C71","F",55,1385.4
"H04874","STATE 17","C71","F",55,1375.48
"H04875","STATE 04","C7B","F",55,1366.27
"H04876","STATE 15","C1C","F",55,1342.57
"H04877","STATE 02","C71","M",55,1342
"H04878","STATE 07","C71","F",55,1332.07
"H04879","STATE 04","C7 ","M",55,1322.9
"H04880","STATE 04","C7B","M",55,1322.03
"H04881","STATE 03","C7 ","M",55,1307.78
"H04882","STATE 15","C1 ","M",55,1297.53
"H04883","STATE 07","C7B","M",55,1292.3
"H04884","STATE 13","F11","M",,1292.26
"H04885","STATE 06","C1 ","M",55,1289.35
"H04886","STATE 07","C7A","M",55,1286.63
"H04887","STATE 02","C71","F",55,1274.36
"H04888","STATE 02","C71","M",55,1260.7
"H04889","STATE 17","F71","M",55,1234.02
"H04890","STATE 15","C1 ","M",55,1230.12
"H04891","STATE 03","C1 ","F",55,1223
"H04892","STATE 02","C1 ","M",55,1222.94
"H04893","STATE 15","C7 ","M",55,1215.89
"H04894","STATE 04","C7 ","M",55,1203.91
"H04895","STATE 06","C1 ","F",55,1201.63
"H04896","STATE 04","C7 ","M",55,1199.21
"H04897","STATE 06","C1 ","M",,1188.26
"H04898","STATE 15","C1B","M",55,1168.23
"H04899","STATE 03","C7 ","M",55,1150
"H04900","STATE 03","C71",,55,1146.53
"H04901","STATE 13","C11","F",55,1134.08
"H04902","STATE 15","C7B","M",55,1129.25
"H04903","STATE 15","C71","M",55,1117.22
"H04904","STATE 02","C1C","M",55,1116.09
"H04905","STATE 15","C1A","F",55,1098.14
"H04906","STATE 15","C71","F",55,1092.98
"H04907","STATE 15","C7B","F",55,1089.32
"H04908","STATE 15","C1B","M",55,1080.92
"H04909","STATE 02","C11","M",,1031.94
"H04910","STATE 15","C7 ","M",55,1021.6
"H04911","STATE 15","C7C","F",55,1013.11
"H04912","STATE 03","C1 ","M",55,1000
"H04913","STATE 10","C7B","F",55,1000
"H04914","STATE 15","C1B","M",55,1000
"H04915","STATE 17","C71","F",55,994.91
"H04916","STATE 17","C71","M",55,992.24
"H04917","STATE 02","C11","M",55,983.06
"H04918","STATE 15","C1B","F",55,956.36
"H04919","STATE 02","C1B","F",55,951.88
"H04920","STATE 02","C7 ","M",55,938.01
"H04921","STATE 02","C1B","F",55,929.75
"H04922","STATE 02","C71","F",55,916.02
"H04923","STATE 17","C71","F",55,914.8
"H04924","STATE 03","C7B","F",55,904.46
"H04925","STATE 15","C7 ","F",55,904.42
"H04926","STATE 07","C7B","M",55,897.51
"H04927","STATE 15","C1B","F",55,887.11
"H04928","STATE 15","C1B","M",55,880
"H04929","STATE 15","C1B","M",55,873.08
"H04930","STATE 06","C11","M",55,868.89
"H04931","STATE 06","C71","F",55,860.14
"H04932","STATE 04","C71","M",55,856.3
"H04933","STATE 02","C7B","M",55,855.17
"H04934","STATE 15","C7 ","M",55,853.75
"H04935","STATE 07","C7B","M",55,852.63
"H04936","STATE 17","C7B","F",55,849.62
"H04937","STATE 03","C7 ","M",55,844.7
"H04938","STATE 15","C7 ","M",55,844.55
"H04939","STATE 02","C71","M",55,843.63
"H04940","STATE 17","C7B","M",55,838.96
"H04941","STATE 12","C7 ","M",55,837.31
"H04942","STATE 04","F7 ","M",55,830.88
"H04943","STATE 04","C7B",,55,830.24
"H04944","STATE 17","C71","M",55,825.64
"H04945","STATE 04","C7B","F",55,819.82
"H04946","STATE 12","C7B","F",55,818.24
"H04947","STATE 13","C1B","F",55,805.92
"H04948","STATE 04","C71","M",55,802.44
"H04949","STATE 13","C11","F",55,797.69
"H04950","STATE 15","C7A","M",55,795.7
"H04951","STATE 02","C7B","M",55,791.52
"H04952","STATE 04","C7C","M",55,785.89
"H04953","STATE 07","C7B","M",55,784.54
"H04954","STATE 15","C11",,55,783.73
"H04955","STATE 15","C71","M",55,769.83
"H04956","STATE 04","C7C","M",55,766.84
"H04957","STATE 17","C71","F",55,762.32
"H04958","STATE 15","C71","F",55,745.73
"H04959","STATE 13","C1B","M",55,742.82
"H04960","STATE 12","C71","F",55,742.7
"H04961","STATE 06","C71","M",55,740.44
"H04962","STATE 15","C1C","M",55,733.77
"H04963","STATE 03","C1 ","M",55,732
"H04964","STATE 12","C1 ","M",55,730.03
"H04965","STATE 15","C1B","M",55,705.62
"H04966","STATE 06","C1B","F",55,695.75
"H04967","STATE 06","C1C","M",55,694.46
"H04968","STATE 14","F71","M",55,665.29
"H04969","STATE 04","C7B","F",55,651.38
"H04970","STATE 15","C1 ","M",55,651.21
"H04971","STATE 06","C1 ","M",55,648.03
"H04972","STATE 15","C7B","M",55,642.43
"H04973","STATE 03","C7 ","M",55,642.23
"H04974","STATE 15","C7 ","F",55,637.26
"H04975","STATE 15","C1 ","F",,633.06
"H04976","STATE 02","C7 ","M",55,622.99
"H04977","STATE 03","C7B","M",,603
"H04978","STATE 15","C7 ","F",55,582.31
"H04979","STATE 06","C11","M",55,581.84
"H04980","STATE 04","C7B","F",55,575.93
"H04981","STATE 15","C1B","M",55,570.74
"H04982","STATE 02","C71","M",55,554.28
"H04983","STATE 17","C7B","M",55,553.71
"H04984","STATE 15","C1C","F",55,549.57
"H04985","STATE 02","C71","M",55,548.2
"H04986","STATE 17","C7B","M",55,529.93
"H04987","STATE 02","C7 ","F",55,527.79
"H04988","STATE 04","C71","M",55,504.71
"H04989","STATE 02","C11","M",,500
"H04990","STATE 03","C7 ","M",55,499.55
"H04991","STATE 04","C71","M",55,497.83
"H04992","STATE 15","C11","M",55,495.54
"H04993","STATE 02","C71","F",55,489.84
"H04994","STATE 15","C11","M",55,461.35
"H04995","STATE 07","C71","M",55,453.99
"H04996","STATE 06","C7 ","F",55,452.07
"H04997","STATE 03","C1 ","F",55,447.25
"H04998","STATE 02","C71","M",55,442.92
"H04999","STATE 15","C7B","F",55,440
"H05000","STATE 02","C1 ","M",55,439.09
"H05001","STATE 15","F1 ","F",55,435.5
"H05002","STATE 04","C71","F",55,434.57
"H05003","STATE 17","C7B","M",55,431.98
"H05004","STATE 03","C7B",,55,429.7
"H05005","STATE 04","C7A","M",55,416.85
"H05006","STATE 15","C11","F",55,409.29
"H05007","STATE 10","C1B","F",55,405.75
"H05008","STATE 12","C1 ","M",55,405.72
"H05009","STATE 06","C7B","F",55,403.01
"H05010","STATE 17","C7B",,55,398.71
"H05011","STATE 02","C11","M",55,395
"H05012","STATE 03","C11","M",55,385.12
"H05013","STATE 17","F71","M",55,378.26
"H05014","STATE 03","C7 ","M",55,377.34
"H05015","STATE 12","C11","F",,373.58
"H05016","STATE 15","C71","M",55,363.32
"H05017","STATE 02","C7 ","M",55,361.54
"H05018","STATE 02","C7B","M",55,356.47
"H05019","STATE 02","C71","F",55,354.2
"H05020","STATE 15","C11","F",55,346.57
"H05021","STATE 06","C2 ","F",55,344.11
"H05022","STATE 04","C71","M",55,342.15
"H05023","STATE 15","C7B","M",55,338.73
"H05024","STATE 15","C7 ","M",55,334.12
"H05025","STATE 01","C11","M",55,329.85
"H05026","STATE 17","C71","M",55,322.14
"H05027","STATE 15","C71","M",55,320.97
"H05028","STATE 04","C7A","M",55,312.11
"H05029","STATE 15","C71",,55,306.9
"H05030","STATE 10","C1 ","M",55,299.36
"H05031","STATE 15","C7 ","M",55,293.92
"H05032","STATE 02","C7 ","F",55,281.15
"H05033","STATE 04","C7A","F",55,252.12
"H05034","STATE 15","C7 ","F",55,250.56
"H05035","STATE 15","C7B","M",55,249.01
"H05036","STATE 15","C7 ","F",55,245.2
"H05037","STATE 06","C11","F",55,241.19
"H05038","STATE 15","C1 ","M",55,224.3
"H05039","STATE 15","C71","M",55,200.03
"H05040","STATE 15","C1 ","F",55,200
"H05041","STATE 04","C7 ","F",55,169.82
"H05042","STATE 06","C7B","M",55,167.14
"H05043","STATE 10","C11","F",55,157.71
"H05044","STATE 02","C7B","M",55,147.26
"H05045","STATE 15","C1 ","F",,138.31
"H05046","STATE 02","C7 ","F",55,120
"H05047","STATE 06","C7 ","M",55,99.22
"H05048","STATE 04","C7B","F",55,95
"H05049","STATE 02","C7 ","M",55,91.79
"H05050","STATE 15","C7B","M",55,91.24
"H05051","STATE 02","C1 ","M",55,75
"H05052","STATE 13","C1B","M",55,56.9
"H05053","STATE 14","C11","M",54,
"H05054","STATE 03","C1B","F",54,
"H05055","STATE 15","C7B","M",54,20736.67
"H05056","STATE 02","C71",,54,16002.49
"H05057","STATE 15","C11","F",54,14483.55
"H05058","STATE 17","C7A","M",54,
"H05059","STATE 12","C11","F",54,11916.58
"H05060","STATE 07","C71","F",54,
"H05061","STATE 12","C7B","F",54,10119.03
"H05062","STATE 03","C11",,54,10103.5
"H05063","STATE 06","C71",,54,9411.8
"H05064","STATE 04","C7 ","F",54,9028.56
"H05065","STATE 03","C1 ","F",54,8378.83
"H05066","STATE 15","C1 ","M",54,8283.19
"H05067","STATE 15","C1 ","F",54,
"H05068","STATE 15","C7 ","M",54,7589.25
"H05069","STATE 04","C7 ","M",54,7419.73
"H05070","STATE 15","C11","F",54,7381.89
"H05071","STATE 02","C72","M",54,7380.58
"H05072","STATE 06","C7A","F",54,
"H05073","STATE 06","C1C","F",54,7275
"H05074","STATE 17","C7B","F",54,6867.53
"H05075","STATE 15","C1B","M",54,6761.27
"H05076","STATE 15","C7B","M",54,6675.67
"H05077","STATE 06","C7A","F",54,6448.75
"H05078","STATE 04","C7B","M",54,6236.03
"H05079","STATE 10","C71","F",54,
"H05080","STATE 06","C7B","M",54,5971.37
"H05081","STATE 17","C7B","M",,5604.53
"H05082","STATE 12","C1C","F",54,5364.71
"H05083","STATE 03","C7 ","M",54,5347.31
"H05084","STATE 12","C1 ","F",54,5263.84
"H05085","STATE 04","C71","F",54,5169.91
"H05086","STATE 10","C1B","M",54,4528.69
"H05087","STATE 15","C7B",,54,4521.52
"H05088","STATE 13","C71","M",54,
"H05089","STATE 06","C1B","F",54,4302.05
"H05090","STATE 17","C71","F",54,4188.6
"H05091","STATE 02","F1 ","F",,4155
"H05092","STATE 07","C71","F",54,4149.92
"H05093","STATE 02","C71","M",54,4088
"H05094","STATE 06","C7 ","F",54,4080.73
"H05095","STATE 15","C7C","F",54,3918.79
"H05096","STATE 04","C7B","M",54,3894.92
"H05097","STATE 06","C11","M",54,3884.72
"H05098","STATE 15","C7A","M",54,3807.25
"H05099","STATE 15","C7C","M",54,3806.43
"H05100","STATE 02","C1 ",,54,3781.2
"H05101","STATE 02","C11","M",54,3740.25
"H05102","STATE 04","C71","M",54,3716.08
"H05103","STATE 02","C71","M",54,3513.56
"H05104","STATE 06","C72","M",54,3473.16
"H05105","STATE 07","C7B","F",54,3435.92
"H05106","STATE 13","C1 ","F",54,3410.38
"H05107","STATE 06","C1 ","M",54,3325
"H05108","STATE 15","C1B","F",54,3261.98
"H05109","STATE 15","C1 ","F",54,3174.5
"H05110","STATE 12","C1B","M",54,3159.02
"H05111","STATE 15","C1B","M",54,3151.33
"H05112","STATE 15","C11",,54,3078.75
"H05113","STATE 10","C7B","M",54,3069.44
"H05114","STATE 17","C7B","M",54,2988.99
"H05115","STATE 15","C1B","M",54,2972.34
"H05116","STATE 15","C71","M",54,2900
"H05117","STATE 02","C7B","M",54,2895.88
"H05118","STATE 06","C7B","M",54,2860.33
"H05119","STATE 06","C7B","F",54,2822.8
"H05120","STATE 02","C7 ","M",54,2807.69
"H05121","STATE 17","C7 ","M",54,2803.84
"H05122","STATE 12","C7B","M",54,2784.48
"H05123","STATE 02","C1B","M",54,2777.68
"H05124","STATE 02","C11","M",,2750.76
"H05125","STATE 14","C11","F",,2739.23
"H05126","STATE 04","C7 ","F",54,2677.34
"H05127","STATE 13","C1B",,54,2624.89
"H05128","STATE 10","C71","F",54,2621.45
"H05129","STATE 12","C11","F",54,2610.87
"H05130","STATE 15","C11","F",54,2503.62
"H05131","STATE 02","C1B","M",54,2464.83
"H05132","STATE 17","C7B","M",54,2398.34
"H05133","STATE 02","C7 ","M",,2326.16
"H05134","STATE 15","C7 ","M",54,2300.47
"H05135","STATE 15","C7 ","F",54,2265.75
"H05136","STATE 17","C71","F",54,2255.61
"H05137","STATE 15","C11","F",,2211.92
"H05138","STATE 02","C1 ","M",54,2176.78
"H05139","STATE 01","C11","M",54,2106.17
"H05140","STATE 15","C1A","F",54,2075.62
"H05141","STATE 17","C7 ","M",54,2043.98
"H05142","STATE 15","C1B","F",54,2005.64
"H05143","STATE 04","C7C","M",54,1993.9
"H05144","STATE 06","C71","F",54,1920.9
"H05145","STATE 02","C7C","M",54,1906.05
"H05146","STATE 02","C71","F",54,1904.13
"H05147","STATE 12","C1B","M",54,1854.96
"H05148","STATE 01","F71","F",54,1805.62
"H05149","STATE 17","F71","M",54,1789.08
"H05150","STATE 03","C7 ","F",54,1757
"H05151","STATE 02","C1 ","M",54,1751.3
"H05152","STATE 15","C71","F",54,1750
"H05153","STATE 07","C71","F",54,1735
"H05154","STATE 06","C1C","M",54,1730.95
"H05155","STATE 15","C7 ","M",54,1662.83
"H05156","STATE 03","C71","M",54,1650
"H05157","STATE 12","C1 ","F",54,1625.78
"H05158","STATE 02","C1B","M",54,1617.41
"H05159","STATE 13","C1 ","M",54,1584.11
"H05160","STATE 15","C7B","M",54,1580.14
"H05161","STATE 17","C71",,54,1577.67
"H05162","STATE 15","C2 ","M",54,1543.47
"H05163","STATE 02","C7 ","M",54,1533.74
"H05164","STATE 12","C71","M",54,1533.42
"H05165","STATE 10","C71",,54,1498.19
"H05166","STATE 17","C71","M",54,1477.9
"H05167","STATE 04","C7B","F",54,1475.99
"H05168","STATE 06","C7 ","M",54,1431.47
"H05169","STATE 02","C1B","F",54,1414.86
"H05170","STATE 04","C71","M",54,1403.93
"H05171","STATE 15","C1C","F",54,1400
"H05172","STATE 04","C7 ","M",54,1386.93
"H05173","STATE 04","C7C","M",54,1377.44
"H05174","STATE 10","C1 ","M",54,1376.94
"H05175","STATE 02","C11","M",54,1371.51
"H05176","STATE 12","C11","F",54,1355.95
"H05177","STATE 02","C11","F",54,1350
"H05178","STATE 15","C1B","F",54,1347.45
"H05179","STATE 02","C7B","M",54,1336
"H05180","STATE 02","C1B","M",54,1326.22
"H05181","STATE 10","C1 ","F",54,1316.5
"H05182","STATE 04","C7B","M",54,1315.58
"H05183","STATE 06","C7B","M",54,1314.5
"H05184","STATE 17","C71","F",54,1297.5
"H05185","STATE 02","C71","M",54,1296.47
"H05186","STATE 04","C7A","F",54,1282.26
"H05187","STATE 15","C7B","M",54,1250.76
"H05188","STATE 02","C7 ","F",54,1242.77
"H05189","STATE 15","C7 ","M",54,1233.97
"H05190","STATE 02","C1B","M",54,1214.09
"H05191","STATE 13","C7B","M",54,1209.99
"H05192","STATE 15","C11","F",54,1182.44
"H05193","STATE 06","C71","M",54,1175.21
"H05194","STATE 15","C11","F",54,1165.61
"H05195","STATE 06","C1B","F",54,1156.66
"H05196","STATE 15","C11","F",54,1141.08
"H05197","STATE 10","C1B","M",54,1122.95
"H05198","STATE 15","C71","F",54,1120.62
"H05199","STATE 02","C11","F",54,1112.82
"H05200","STATE 03","C11","F",54,1109.18
"H05201","STATE 01","C11","M",54,1107.57
"H05202","STATE 15","C7B","M",54,1103.19
"H05203","STATE 06","C71","F",54,1100.94
"H05204","STATE 15","C7B","M",54,1100.68
"H05205","STATE 04","C7B","M",54,1098.9
"H05206","STATE 15","C72","M",54,1096.33
"H05207","STATE 06","C1 ","M",54,1091.96
"H05208","STATE 15","C11","M",54,1087.29
"H05209","STATE 17","F71","F",54,1085.72
"H05210","STATE 07","C71","F",54,1064.4
"H05211","STATE 12","C1 ","F",54,1046.66
"H05212","STATE 12","C1B","M",54,1028.02
"H05213","STATE 15","C7B","F",54,1015.37
"H05214","STATE 10","C71","F",54,1006.99
"H05215","STATE 03","C7B","M",54,991.74
"H05216","STATE 15","C7A","F",54,987.43
"H05217","STATE 15","C11","M",54,985.97
"H05218","STATE 15","C7 ","F",54,982.45
"H05219","STATE 06","C1B","M",54,976.89
"H05220","STATE 15","C1B","F",54,968.9
"H05221","STATE 02","C7B","M",,966.22
"H05222","STATE 06","C7B","F",54,961.35
"H05223","STATE 17","C71","M",54,952.72
"H05224","STATE 15","C11","F",,949.82
"H05225","STATE 15","C7 ","M",54,922.51
"H05226","STATE 02","C1 ","F",54,919.34
"H05227","STATE 17","C71","M",54,908
"H05228","STATE 15","C71","M",54,908
"H05229","STATE 15","C71","M",54,902.67
"H05230","STATE 17","C71","F",54,884.77
"H05231","STATE 15","C72","F",54,878.58
"H05232","STATE 04","C7 ","M",54,874.92
"H05233","STATE 02","C71","F",54,852.08
"H05234","STATE 02","C1B","F",,837.84
"H05235","STATE 06","C7 ","M",54,831.53
"H05236","STATE 17","C71","M",54,829.94
"H05237","STATE 02","C11","F",54,810.88
"H05238","STATE 10","C7B","F",54,807.85
"H05239","STATE 12","C2 ","F",54,806.73
"H05240","STATE 04","C71","M",54,800.69
"H05241","STATE 15","C72","M",54,785.41
"H05242","STATE 12","C1B","M",54,784.92
"H05243","STATE 17","C7B","F",54,782.76
"H05244","STATE 10","C11","M",54,780.15
"H05245","STATE 02","C71","F",54,780
"H05246","STATE 15","C71","F",54,768.91
"H05247","STATE 17","C7 ","F",54,766.17
"H05248","STATE 04","C7 ","M",54,759.63
"H05249","STATE 02","C1B","F",54,754.76
"H05250","STATE 17","C71",,54,748.78
"H05251","STATE 07","C7 ","M",54,746.07
"H05252","STATE 15","C1A","M",54,735.16
"H05253","STATE 10","C7B","M",54,729.24
"H05254","STATE 02","C11",,54,727.54
"H05255","STATE 15","C1 ","F",54,720.9
"H05256","STATE 02","C71","M",54,718.1
"H05257","STATE 15","C7B","F",54,716.76
"H05258","STATE 02","C7 ","F",,709.61
"H05259","STATE 06","C1A","M",54,704.81
"H05260","STATE 12","C71","M",54,691.23
"H05261","STATE 15","C1 ","F",54,686.81
"H05262","STATE 02","C7 ","M",54,684.61
"H05263","STATE 10","C7B","M",54,679.12
"H05264","STATE 12","C1 ","M",,675.65
"H05265","STATE 15","C71","M",54,674.94
"H05266","STATE 15","C7 ","F",54,661.37
"H05267","STATE 15","C2 ","M",54,659.77
"H05268","STATE 02","C2 ","M",54,651.3
"H05269","STATE 15","C2 ","F",54,643.3
"H05270","STATE 17","C71","F",54,634.73
"H05271","STATE 07","C71",,54,630.15
"H05272","STATE 03","C7 ","F",54,626.98
"H05273","STATE 15","C7B","F",54,625.93
"H05274","STATE 03","C11","F",54,623.17
"H05275","STATE 04","C7 ","M",,622.49
"H05276","STATE 15","C1B","M",54,599.8
"H05277","STATE 02","C1 ","F",54,596.15
"H05278","STATE 15","C7 ","M",54,594.12
"H05279","STATE 02","C71","F",54,586.43
"H05280","STATE 06","C7B","M",54,581.44
"H05281","STATE 17","C7 ","M",54,580.33
"H05282","STATE 10","C7C","M",54,578.78
"H05283","STATE 15","C1A","M",54,573.27
"H05284","STATE 13","C71","M",54,570.75
"H05285","STATE 02","C1B","M",54,560.62
"H05286","STATE 15","C71","F",54,549.26
"H05287","STATE 15","C1 ","M",54,545.69
"H05288","STATE 06","C1B","M",54,541.8
"H05289","STATE 13","C7B","M",54,537.28
"H05290","STATE 15","C7 ","F",54,534.92
"H05291","STATE 15","C7 ","M",54,532.12
"H05292","STATE 15","C7A","M",54,530.33
"H05293","STATE 13","C1 ","F",54,528.89
"H05294","STATE 02","C71","M",54,523.89
"H05295","STATE 02","C1B","F",54,523.32
"H05296","STATE 01","C7 ","M",54,516.68
"H05297","STATE 14","C71","M",54,514.68
"H05298","STATE 06","C72","M",54,489.76
"H05299","STATE 15","C7B",,54,489.51
"H05300","STATE 07","C7B","M",54,485.38
"H05301","STATE 02","C7A",,54,483.1
"H05302","STATE 15","C11","F",54,473.25
"H05303","STATE 15","C11","F",54,469.36
"H05304","STATE 15","C7 ","M",54,451.75
"H05305","STATE 13","C1B","F",54,445.85
"H05306","STATE 17","C71","M",54,443.19
"H05307","STATE 02","C71","M",54,441.4
"H05308","STATE 15","C7B","M",54,440.51
"H05309","STATE 03","C11","M",54,439.95
"H05310","STATE 04","C7A","M",54,437.77
"H05311","STATE 02","C71","F",54,437.34
"H05312","STATE 02","F7 ","F",54,435.51
"H05313","STATE 07","C71",,54,422.54
"H05314","STATE 03","C7B",,54,417.39
"H05315","STATE 15","C71","M",54,414.23
"H05316","STATE 01","C7 ","M",54,412.16
"H05317","STATE 04","C7 ","F",54,410.4
"H05318","STATE 02","C1B","M",54,409.91
"H05319","STATE 15","C1C","M",54,403.78
"H05320","STATE 17","C71","F",54,383.63
"H05321","STATE 04","C71","M",54,378.52
"H05322","STATE 15","C71","M",54,360.36
"H05323","STATE 07","C7 ","F",54,357.72
"H05324","STATE 04","C7B","M",54,342.04
"H05325","STATE 12","C7 ","M",54,331.45
"H05326","STATE 02","C1B","M",54,324.9
"H05327","STATE 03","C71","F",54,324.43
"H05328","STATE 17","C7 ","M",54,306.7
"H05329","STATE 06","C7A","F",54,305.48
"H05330","STATE 12","C1 ","M",54,298.22
"H05331","STATE 15","C7B",,54,286
"H05332","STATE 02","C7 ","F",54,272.89
"H05333","STATE 15","C11","F",54,265.23
"H05334","STATE 15","C7 ","F",54,263.34
"H05335","STATE 02","C71","F",54,262.18
"H05336","STATE 04","C7B","M",54,243
"H05337","STATE 04","C7 ","F",54,235.84
"H05338","STATE 15","C71","F",54,233.78
"H05339","STATE 15","C7 ","M",54,227.72
"H05340","STATE 15","C1 ","M",54,226.27
"H05341","STATE 12","C1B","F",54,225
"H05342","STATE 03","C71",,54,225
"H05343","STATE 13","C11","F",54,224.27
"H05344","STATE 15","C72","M",54,218.01
"H05345","STATE 02","C11","F",54,200
"H05346","STATE 15","C71","M",54,194.44
"H05347","STATE 06","C11","F",54,172.26
"H05348","STATE 02","C11","M",54,164.74
"H05349","STATE 15","C7B","F",54,142.74
"H05350","STATE 04","C7B","M",54,140.04
"H05351","STATE 15","C7B","F",54,120
"H05352","STATE 15","C7 ","M",54,65.45
"H05353","STATE 02","C1B","M",54,65
"H05354","STATE 04","C71","M",53,11669.62
"H05355","STATE 13","C11","M",53,11599.69
"H05356","STATE 03","C71","F",53,11334.49
"H05357","STATE 02","C1 ","M",,
"H05358","STATE 17","C7B","M",53,10067.47
"H05359","STATE 04","C71","M",53,9319.94
"H05360","STATE 15","C11","M",53,9200.62
"H05361","STATE 15","C7B","M",53,8938.81
"H05362","STATE 01","C71","M",53,8170.69
"H05363","STATE 15","C11","M",53,8107.8
"H05364","STATE 06","C7 ","M",53,
"H05365","STATE 06","C7 ","F",53,7676.44
"H05366","STATE 04","C7B","M",53,7354.57
"H05367","STATE 17","C71","M",53,7328.82
"H05368","STATE 06","C7C","M",53,7273.75
"H05369","STATE 15","C11","M",53,7173.95
"H05370","STATE 12","C1B","M",53,6872.31
"H05371","STATE 02","C7B","M",53,
"H05372","STATE 15","C1 ","M",53,6400.16
"H05373","STATE 13","C7B","M",53,6055.76
"H05374","STATE 15","C7 ","M",53,
"H05375","STATE 04","C7B","M",53,5572.45
"H05376","STATE 12","C71","M",53,5491.15
"H05377","STATE 15","C1 ","M",53,
"H05378","STATE 02","C7A","F",53,
"H05379","STATE 06","C1B","F",53,4669.41
"H05380","STATE 02","C7B",,53,4617.24
"H05381","STATE 17","C71","F",53,4334.51
"H05382","STATE 12","C7B","F",53,4165.44
"H05383","STATE 04","C7 ","F",53,4150.59
"H05384","STATE 06","C11","M",53,4149.24
"H05385","STATE 06","C7B","M",53,4144.16
"H05386","STATE 02","C71","F",53,4060.6
"H05387","STATE 17","C7B","M",53,4018.01
"H05388","STATE 06","C71","F",53,4010
"H05389","STATE 15","C1C","M",53,3845.11
"H05390","STATE 06","C7 ","M",53,3700.96
"H05391","STATE 02","C1B","F",53,3648
"H05392","STATE 10","C7B","F",53,3605.2
"H05393","STATE 02","C7B","M",53,3569.77
"H05394","STATE 17","C71","F",53,3326.03
"H05395","STATE 17","F7 ","M",53,3295.23
"H05396","STATE 06","C11","M",53,3205.33
"H05397","STATE 15","C1B","F",53,3190.13
"H05398","STATE 04","F71","F",53,3174.71
"H05399","STATE 15","C1B","M",53,3173.7
"H05400","STATE 10","C1B","M",53,3161.97
"H05401","STATE 07","C71","M",53,2992.53
"H05402","STATE 15","C2 ","F",53,2957.68
"H05403","STATE 02","C1B","M",53,2916
"H05404","STATE 17","C71","M",53,2883.9
"H05405","STATE 02","C71","F",53,2878.33
"H05406","STATE 04","C7 ","M",53,2770.7
"H05407","STATE 10","C71","M",53,2748.47
"H05408","STATE 13","C11","F",53,2734.19
"H05409","STATE 03","C71","M",53,2653.78
"H05410","STATE 04","C7 ","M",53,2628.09
"H05411","STATE 02","C1 ","M",53,2618.35
"H05412","STATE 02","C11","M",53,2565.47
"H05413","STATE 15","C7B","F",53,2500
"H05414","STATE 07","C71","F",53,2399.38
"H05415","STATE 15","C11","M",53,2358.47
"H05416","STATE 04","C7 ","F",53,2330.86
"H05417","STATE 15","C7B","F",53,2281.34
"H05418","STATE 17","C7B","M",,2228.07
"H05419","STATE 02","C1B","M",53,2203.89
"H05420","STATE 10","C11","F",,2200.97
"H05421","STATE 15","C7B","M",53,2188.15
"H05422","STATE 13","C1 ","M",53,2187.3
"H05423","STATE 02","C7C","M",53,2144.87
"H05424","STATE 15","C7B","M",53,2141.37
"H05425","STATE 02","C1B","F",53,2105.55
"H05426","STATE 15","C7 ","M",53,2100.56
"H05427","STATE 17","C71","M",53,1922.4
"H05428","STATE 15","C1B","F",53,1916.44
"H05429","STATE 10","C7 ","F",53,1913.63
"H05430","STATE 15","C7A","M",53,1910
"H05431","STATE 06","C7B","F",53,1902.51
"H05432","STATE 03","C7B","F",53,1900
"H05433","STATE 13","C1C","M",53,1809.29
"H05434","STATE 02","C1B","M",53,1784.36
"H05435","STATE 12","C71","F",53,1746.08
"H05436","STATE 06","C11",,,1702.78
"H05437","STATE 15","C11","M",53,1701.53
"H05438","STATE 07","C71","F",53,1700
"H05439","STATE 14","F7 ","M",53,1699.46
"H05440","STATE 10","C1 ","F",,1694.95
"H05441","STATE 15","C71","F",53,1683.05
"H05442","STATE 04","C7 ","M",53,1675.85
"H05443","STATE 02","C1B","F",53,1663.43
"H05444","STATE 06","C1B","F",53,1646
"H05445","STATE 17","C7 ","M",53,1643.2
"H05446","STATE 01","C1 ","M",53,1623.65
"H05447","STATE 15","C7B","M",53,1611.28
"H05448","STATE 04","C7 ","M",53,1607.19
"H05449","STATE 15","C1 ","F",53,1595.62
"H05450","STATE 14","C1 ","M",53,1585.63
"H05451","STATE 01","C11","M",53,1568.21
"H05452","STATE 02","C7B","M",53,1546.18
"H05453","STATE 13","C11","F",53,1533.8
"H05454","STATE 15","C71","F",53,1522.57
"H05455","STATE 15","C7B","M",53,1519.87
"H05456","STATE 04","C7 ","M",,1519.76
"H05457","STATE 15","C1 ","M",53,1514.75
"H05458","STATE 02","C11","F",53,1514.52
"H05459","STATE 15","C7C","M",53,1500
"H05460","STATE 03","F71",,53,1493.44
"H05461","STATE 15","C71","F",53,1486.05
"H05462","STATE 06","C1B","M",53,1464.16
"H05463","STATE 15","C7B","M",53,1442.47
"H05464","STATE 12","C1 ","F",53,1442.32
"H05465","STATE 13","C11","M",53,1406.98
"H05466","STATE 02","C1B","M",53,1400
"H05467","STATE 02","C71",,53,1383.07
"H05468","STATE 06","C1A","M",53,1371.76
"H05469","STATE 01","C11","M",53,1367.13
"H05470","STATE 02","C11","M",53,1353
"H05471","STATE 06","C7C","M",53,1339.86
"H05472","STATE 15","C71","M",53,1338.85
"H05473","STATE 06","C1 ",,53,1338.36
"H05474","STATE 06","C11","M",,1324.74
"H05475","STATE 04","C7B","M",53,1317.3
"H05476","STATE 15","C7 ","M",53,1294.25
"H05477","STATE 06","C1 ","M",53,1257.9
"H05478","STATE 10","C1 ","F",53,1245.25
"H05479","STATE 15","C7B","M",53,1240.74
"H05480","STATE 13","C72","M",53,1231.25
"H05481","STATE 12","C7B","M",53,1222.6
"H05482","STATE 17","C71","M",53,1220.72
"H05483","STATE 04","C71","M",53,1217.24
"H05484","STATE 02","C7B","M",53,1212.65
"H05485","STATE 04","C7B","M",53,1201.33
"H05486","STATE 02","C7 ","M",53,1189.83
"H05487","STATE 02","C7 ","F",53,1179.49
"H05488","STATE 15","C7B","F",53,1151.46
"H05489","STATE 01","C1 ","F",53,1143.37
"H05490","STATE 02","C7 ","F",53,1142.28
"H05491","STATE 07","C71","M",53,1141.11
"H05492","STATE 14","F7 ","M",53,1133.6
"H05493","STATE 17","C7B","F",53,1123.07
"H05494","STATE 15","C7C","M",53,1111.39
"H05495","STATE 17","C7 ","M",53,1101.36
"H05496","STATE 15","C7B","M",53,1100.39
"H05497","STATE 04","C71","F",53,1097.92
"H05498","STATE 02","C7C","M",53,1095.07
"H05499","STATE 17","C71","F",53,1093.36
"H05500","STATE 15","C11","F",53,1084
"H05501","STATE 15","C7B","M",53,1074.51
"H05502","STATE 15","C7B","M",53,1049.61
"H05503","STATE 02","C71","F",53,1039.44
"H05504","STATE 04","C7B","M",53,1038.07
"H05505","STATE 06","C1 ","F",53,1012.67
"H05506","STATE 02","C11","F",53,1011
"H05507","STATE 06","C11",,53,1004.35
"H05508","STATE 06","C1 ","F",53,1000
"H05509","STATE 17","C7B","M",53,994.78
"H05510","STATE 02","C7 ",,53,989.94
"H05511","STATE 03","C1C","M",53,984.28
"H05512","STATE 06","C1B","F",53,972.02
"H05513","STATE 15","C72","M",53,947.26
"H05514","STATE 02","C7B","F",53,936.38
"H05515","STATE 02","C7B","M",53,925
"H05516","STATE 15","C7C","M",53,891.42
"H05517","STATE 03","C11","F",53,883.52
"H05518","STATE 01","C11","M",,881.44
"H05519","STATE 14","C71","M",53,873.68
"H05520","STATE 02","C1 ","M",53,865.47
"H05521","STATE 10","C1B","M",53,860.89
"H05522","STATE 01","C7 ","F",53,857.65
"H05523","STATE 02","C1 ","M",,855.93
"H05524","STATE 06","C1 ","M",53,853.65
"H05525","STATE 02","C11","M",53,851.8
"H05526","STATE 15","C1A","M",53,849.66
"H05527","STATE 03","C71","M",53,843.54
"H05528","STATE 12","C2 ","M",53,838.65
"H05529","STATE 02","C7B","M",53,803.57
"H05530","STATE 17","C7 ","F",53,803.39
"H05531","STATE 15","C11","M",53,803.25
"H05532","STATE 17","C7 ","F",53,803.22
"H05533","STATE 15","C7C","M",53,801.28
"H05534","STATE 15","C1B","M",53,800.89
"H05535","STATE 15","C7B","M",53,781.78
"H05536","STATE 02","C7B","M",53,759.89
"H05537","STATE 07","C71","M",53,752.3
"H05538","STATE 03","C7B","F",53,752.1
"H05539","STATE 02","C7B","M",53,750
"H05540","STATE 15","C71","M",53,750
"H05541","STATE 13","C7 ","M",53,744.87
"H05542","STATE 13","C7B","M",53,741.13
"H05543","STATE 10","C71","F",53,733.78
"H05544","STATE 02","C7 ","M",53,731.99
"H05545","STATE 02","C11","M",53,701.3
"H05546","STATE 15","C1B","M",53,692.58
"H05547","STATE 15","C1B",,53,688.76
"H05548","STATE 13","C1B","M",53,681.24
"H05549","STATE 07","C7 ","F",53,681.04
"H05550","STATE 02","C1C","M",,677.29
"H05551","STATE 07","C71","F",,676.5
"H05552","STATE 01","C7 ","M",53,675
"H05553","STATE 06","C1 ","M",,672.39
"H05554","STATE 02","C71",,53,669.9
"H05555","STATE 12","C7B","M",53,665.44
"H05556","STATE 15","C71","M",53,659.98
"H05557","STATE 12","C11","M",53,659.17
"H05558","STATE 06","C1 ","M",53,659.13
"H05559","STATE 04","C71","F",53,650.38
"H05560","STATE 15","C7B","M",53,640.09
"H05561","STATE 10","C11","M",53,636.71
"H05562","STATE 07","C72","M",53,636.33
"H05563","STATE 17","C7B","M",53,622.27
"H05564","STATE 13","C7 ","M",53,614.92
"H05565","STATE 13","C7B","F",53,608.83
"H05566","STATE 07","C71","F",53,595
"H05567","STATE 15","C7 ","M",53,592.02
"H05568","STATE 13","C11","F",53,591.67
"H05569","STATE 03","C1 ","M",53,587.86
"H05570","STATE 07","C7 ","M",53,587.74
"H05571","STATE 06","C71","M",53,580.05
"H05572","STATE 04","C7 ","M",53,573.03
"H05573","STATE 02","C7B","M",53,572.77
"H05574","STATE 06","C71","M",53,563.86
"H05575","STATE 15","C1 ","M",53,555.58
"H05576","STATE 15","C1B","M",53,547.85
"H05577","STATE 04","C71","F",53,547.09
"H05578","STATE 03","C11","F",53,538.41
"H05579","STATE 03","C71","M",53,525
"H05580","STATE 12","C1B","M",53,520.88
"H05581","STATE 02","C7 ","M",,520.5
"H05582","STATE 02","C7 ","F",53,520.33
"H05583","STATE 03","C7C","M",53,518.87
"H05584","STATE 15","C1 ","M",,513.84
"H05585","STATE 04","C7 ","M",53,511.92
"H05586","STATE 15","C7B","M",53,505.11
"H05587","STATE 15","C11","M",,493.79
"H05588","STATE 04","C7 ","M",53,486.16
"H05589","STATE 17","C7B","F",53,485.77
"H05590","STATE 15","C11","F",53,477.36
"H05591","STATE 06","C7B","M",53,466.36
"H05592","STATE 02","C11","M",53,464.93
"H05593","STATE 15","C11","M",53,458.82
"H05594","STATE 15","C7B","M",53,450.54
"H05595","STATE 14","F7 ","F",53,441.49
"H05596","STATE 03","C71","M",53,439.97
"H05597","STATE 15","C7A","M",53,436.76
"H05598","STATE 17","C7B","M",53,431.98
"H05599","STATE 02","C1 ","F",53,431.5
"H05600","STATE 04","C71","M",53,427.94
"H05601","STATE 02","C2 ","M",53,426.1
"H05602","STATE 03","C7B","M",53,424.28
"H05603","STATE 10","C11","F",53,423.75
"H05604","STATE 03","C1B","M",53,422.95
"H05605","STATE 15","C7C","M",53,416.2
"H05606","STATE 15","C7 ","M",53,412.83
"H05607","STATE 12","C2 ","F",53,410.5
"H05608","STATE 07","C71","M",53,410.14
"H05609","STATE 14","C71","M",53,402.8
"H05610","STATE 15","C7 ","M",53,376.99
"H05611","STATE 02","C11","M",53,350.17
"H05612","STATE 15","C11","F",53,344.1
"H05613","STATE 07","C7B","M",53,342.42
"H05614","STATE 10","C1B","M",53,341
"H05615","STATE 11","C1 ","M",53,337.96
"H05616","STATE 15","C71","M",53,334.53
"H05617","STATE 15","C1B","F",53,325.36
"H05618","STATE 02","C7C","M",53,323.77
"H05619","STATE 02","C7 ","F",53,319.73
"H05620","STATE 06","C7C","M",53,318.09
"H05621","STATE 15","C71","F",53,312.97
"H05622","STATE 04","C7B","F",53,302.1
"H05623","STATE 15","C71","M",53,300
"H05624","STATE 15","F71","M",53,299.74
"H05625","STATE 06","C7B","M",53,289
"H05626","STATE 04","C7B","M",53,288.43
"H05627","STATE 15","C1 ","M",53,287.03
"H05628","STATE 02","C11","F",53,280.67
"H05629","STATE 15","C7B","M",53,274.3
"H05630","STATE 17","C71","M",53,266.05
"H05631","STATE 02","C11","M",53,259.43
"H05632","STATE 10","C71","F",53,228.05
"H05633","STATE 14","C71","M",,206.7
"H05634","STATE 06","C71","F",53,186.56
"H05635","STATE 17","C7 ","F",53,165
"H05636","STATE 15","C1C","F",53,150
"H05637","STATE 04","F71","M",53,142.2
"H05638","STATE 04","C71","M",53,113.92
"H05639","STATE 04","C7B","M",53,113.33
"H05640","STATE 02","C1B","M",53,97.04
"H05641","STATE 15","C7 ","M",53,84.79
"H05642","STATE 14","C1B","F",53,74.72
"H05643","STATE 02","C1C","F",53,53.8
"H05644","STATE 03","F7 ","M",53,50
"H05645","STATE 15","C1 ","M",53,47.76
"H05646","STATE 02","C71","M",53,41.75
"H05647","STATE 04","C7 ","F",53,32
"H05648","STATE 15","C11","M",53,31.57
"H05649","STATE 04","C7B","M",52,16208.05
"H05650","STATE 04","C7B","M",52,
"H05651","STATE 01","C1 ","M",52,15845
"H05652","STATE 15","C7C","M",52,14908.67
"H05653","STATE 13","C11","M",52,
"H05654","STATE 15","C72","M",52,10154.37
"H05655","STATE 06","C7B","M",52,9668.22
"H05656","STATE 10","C71","M",52,8869.98
"H05657","STATE 15","C11","F",52,7964.72
"H05658","STATE 04","C71","M",52,
"H05659","STATE 17","C71","M",52,7524.01
"H05660","STATE 12","C11","M",52,
"H05661","STATE 02","C7 ","M",52,6832.98
"H05662","STATE 12","C7C","F",52,6210.85
"H05663","STATE 15","C1A","F",52,6055.33
"H05664","STATE 02","C71","M",52,5882
"H05665","STATE 10","C1B","F",52,5811.16
"H05666","STATE 02","C1 ","F",52,
"H05667","STATE 15","C72","M",52,5598.05
"H05668","STATE 15","C1B","M",52,
"H05669","STATE 02","C7B","M",52,
"H05670","STATE 15","C11","M",,5143.65
"H05671","STATE 10","C7 ","M",52,4872.03
"H05672","STATE 13","C1B","M",52,4809.75
"H05673","STATE 15","C7 ","F",52,4536.19
"H05674","STATE 15","C1B","M",52,4234.65
"H05675","STATE 10","C11","F",52,4171.55
"H05676","STATE 17","C7 ","M",52,4155.69
"H05677","STATE 15","C1 ","M",52,4120.68
"H05678","STATE 17","C7 ","M",52,4118.55
"H05679","STATE 06","C7B","F",52,4112.56
"H05680","STATE 04","C7B","M",52,4078.3
"H05681","STATE 15","C1B","F",52,4000
"H05682","STATE 15","C71","F",52,3942.63
"H05683","STATE 06","C1 ","M",52,3820.68
"H05684","STATE 07","C71","M",52,3740.13
"H05685","STATE 13","C1B","M",52,3696
"H05686","STATE 02","C7C","M",52,3675
"H05687","STATE 01","C1 ",,52,3660.97
"H05688","STATE 12","C1B","F",52,3626.77
"H05689","STATE 03","C7 ","M",52,3570.96
"H05690","STATE 15","C72","M",52,3332.79
"H05691","STATE 12","C11","F",52,3321.59
"H05692","STATE 15","C71","M",52,3302.34
"H05693","STATE 10","C7B","F",52,3285.5
"H05694","STATE 07","C71","M",52,3283.81
"H05695","STATE 15","C11","F",,3265.31
"H05696","STATE 02","C71","F",52,3240
"H05697","STATE 04","C7B","M",52,3239.11
"H05698","STATE 04","C7B","M",52,3211.1
"H05699","STATE 04","C72","M",52,3204.38
"H05700","STATE 15","C1 ","M",52,3199.62
"H05701","STATE 14","C11","M",52,3100.58
"H05702","STATE 13","C71","M",52,3085.09
"H05703","STATE 15","C1B","M",52,3070.28
"H05704","STATE 03","C7B","F",52,3043.57
"H05705","STATE 02","F1 ","F",52,3038.81
"H05706","STATE 17","C7A","F",52,3022.65
"H05707","STATE 13","C7B","M",52,3021.88
"H05708","STATE 14","F71","M",52,2965.24
"H05709","STATE 04","F71","M",,2941.5
"H05710","STATE 13","C11","M",52,2908.31
"H05711","STATE 15","C1 ","M",52,2895.89
"H05712","STATE 12","C7 ","M",52,2873.55
"H05713","STATE 04","C71","M",52,2802.98
"H05714","STATE 15","C1C","M",52,2713.54
"H05715","STATE 15","C7B","M",52,2710.63
"H05716","STATE 15","C11","F",52,2668.81
"H05717","STATE 17","C7 ",,52,2634.39
"H05718","STATE 06","C7 ","M",52,2594.2
"H05719","STATE 15","C7 ","F",52,2563.43
"H05720","STATE 15","C7 ","F",52,2558.85
"H05721","STATE 10","C1 ","M",52,2528.7
"H05722","STATE 02","C11","F",52,2520.09
"H05723","STATE 17","C71","M",52,2500.47
"H05724","STATE 10","C71","F",52,2482.18
"H05725","STATE 17","F71","M",52,2442.97
"H05726","STATE 03","F11","M",,2420.85
"H05727","STATE 17","C72",,52,2384.36
"H05728","STATE 03","C11",,52,2372.51
"H05729","STATE 04","C71","F",52,2348.28
"H05730","STATE 15","C71","M",52,2319.89
"H05731","STATE 06","C1B","F",52,2313.46
"H05732","STATE 10","C11","M",52,2305.79
"H05733","STATE 13","C1B","M",52,2268.35
"H05734","STATE 06","C11","M",52,2264.77
"H05735","STATE 13","C11","M",52,2262.15
"H05736","STATE 15","C71","M",52,2255.89
"H05737","STATE 02","C71","M",52,2231.99
"H05738","STATE 04","C71","M",52,2148.8
"H05739","STATE 02","C71","M",52,2127.22
"H05740","STATE 02","C7 ","M",52,2100
"H05741","STATE 13","C11","F",52,2095.41
"H05742","STATE 17","C7B","M",52,2094.49
"H05743","STATE 10","C7B","M",52,2040.35
"H05744","STATE 02","C11","F",52,2027.99
"H05745","STATE 14","C71","M",,2011.49
"H05746","STATE 07","C71","M",52,1987.68
"H05747","STATE 06","C1 ","F",52,1978.97
"H05748","STATE 06","C11","F",52,1967.97
"H05749","STATE 15","C71","M",52,1962.91
"H05750","STATE 15","C1 ","M",52,1907.39
"H05751","STATE 15","C7 ","F",52,1869.49
"H05752","STATE 03","C71","M",52,1836.11
"H05753","STATE 13","C1 ","M",52,1788.06
"H05754","STATE 15","C7 ","F",52,1787.42
"H05755","STATE 06","C11","F",52,1770.63
"H05756","STATE 03","C7B","F",52,1769.15
"H05757","STATE 15","C71","M",52,1764.12
"H05758","STATE 15","C11","M",52,1758.73
"H05759","STATE 14","C7 ","M",52,1722.29
"H05760","STATE 06","C7A","M",52,1720.09
"H05761","STATE 04","C7B","M",52,1712.08
"H05762","STATE 15","C1 ","M",52,1694.74
"H05763","STATE 15","C1B","M",52,1665.54
"H05764","STATE 15","C1 ","M",52,1640.69
"H05765","STATE 15","C7C","M",52,1637.69
"H05766","STATE 12","C7B","M",52,1625.17
"H05767","STATE 15","C2 ","F",52,1625
"H05768","STATE 17","C71","M",52,1620.73
"H05769","STATE 15","C7B","M",52,1579.72
"H05770","STATE 02","C72","M",52,1577.23
"H05771","STATE 15","C7B","F",52,1573.23
"H05772","STATE 06","C11","F",52,1541.52
"H05773","STATE 15","C1 ","M",52,1530.84
"H05774","STATE 15","C71","M",52,1523.72
"H05775","STATE 04","C7C","M",52,1513.5
"H05776","STATE 07","C7 ","M",52,1492.96
"H05777","STATE 17","C71","F",52,1478.53
"H05778","STATE 06","C11","F",52,1460.1
"H05779","STATE 15","C7 ","M",52,1450
"H05780","STATE 06","C1 ","F",52,1445.96
"H05781","STATE 07","C7 ","M",52,1401.84
"H05782","STATE 15","C7B","M",52,1400.81
"H05783","STATE 15","C11","F",52,1400.4
"H05784","STATE 07","C71","F",52,1391.13
"H05785","STATE 15","C7B","M",52,1376.27
"H05786","STATE 02","C11","M",,1373.47
"H05787","STATE 02","C11","F",52,1372.21
"H05788","STATE 10","C71","M",52,1315.06
"H05789","STATE 15","C7C","M",52,1307.41
"H05790","STATE 15","C72","M",52,1298.91
"H05791","STATE 12","C1A","M",52,1294.87
"H05792","STATE 06","C11","F",52,1266.11
"H05793","STATE 17","C7B","M",52,1263.16
"H05794","STATE 17","C7 ","F",52,1240.42
"H05795","STATE 02","C7B","M",52,1238.39
"H05796","STATE 15","C11","F",52,1234.08
"H05797","STATE 06","C11","F",52,1229
"H05798","STATE 12","C7B","M",52,1226.12
"H05799","STATE 06","C1 ","F",52,1222.12
"H05800","STATE 06","C71","M",52,1194.96
"H05801","STATE 06","C71","F",52,1190.97
"H05802","STATE 15","F71","F",52,1177.49
"H05803","STATE 15","C7 ","M",52,1162.61
"H05804","STATE 06","C1C","M",52,1156.4
"H05805","STATE 04","F7 ","M",52,1151.64
"H05806","STATE 01","C71","M",52,1144.92
"H05807","STATE 02","C7A","F",52,1139.93
"H05808","STATE 15","C11","M",52,1123.1
"H05809","STATE 15","C71","M",52,1086.61
"H05810","STATE 13","C7B","M",52,1085.43
"H05811","STATE 15","C71","M",52,1071.9
"H05812","STATE 12","C1A","M",52,1059.72
"H05813","STATE 02","C1 ","M",52,1057.79
"H05814","STATE 15","C7B","M",52,1045.28
"H05815","STATE 04","C71","M",52,1044.7
"H05816","STATE 17","C7 ","F",52,1035.59
"H05817","STATE 15","C71","M",52,1028.9
"H05818","STATE 15","C7B","F",52,1014.09
"H05819","STATE 15","C2 ","F",52,1007.02
"H05820","STATE 15","C71","M",52,996.19
"H05821","STATE 02","C71","M",52,975.43
"H05822","STATE 06","C1B","M",52,967.19
"H05823","STATE 02","C7 ","M",52,962.15
"H05824","STATE 07","C7B","M",52,961.26
"H05825","STATE 12","C1B","M",52,952.64
"H05826","STATE 10","C1B","F",52,951.8
"H05827","STATE 02","C7B","M",52,949.22
"H05828","STATE 02","C7B","M",52,948.53
"H05829","STATE 15","C72","M",52,942.38
"H05830","STATE 02","C1 ","F",52,937.31
"H05831","STATE 06","C7B","M",52,930.88
"H05832","STATE 13","C1B","F",52,927.36
"H05833","STATE 17","C7C","F",52,919.99
"H05834","STATE 06","C7 ","F",52,913.34
"H05835","STATE 03","C71",,52,913.08
"H05836","STATE 04","C71","M",52,896.83
"H05837","STATE 15","C71","M",52,896.16
"H05838","STATE 02","C1A","M",52,895.01
"H05839","STATE 02","C71","F",52,894.54
"H05840","STATE 04","C7 ","F",52,894.35
"H05841","STATE 15","C11","F",52,888.6
"H05842","STATE 02","C71","M",52,880.5
"H05843","STATE 02","C7B","F",52,877.83
"H05844","STATE 15","C71","M",52,871.59
"H05845","STATE 03","C1 ","M",52,868.7
"H05846","STATE 17","C71","M",52,865.15
"H05847","STATE 17","C7B","M",52,850.29
"H05848","STATE 02","C71","M",52,848.25
"H05849","STATE 06","C1 ","F",52,837.33
"H05850","STATE 15","C1B","F",52,831.03
"H05851","STATE 15","C71","M",52,828.26
"H05852","STATE 15","C7 ","F",52,816.3
"H05853","STATE 10","C7B","M",52,810
"H05854","STATE 04","C7 ","M",52,806.24
"H05855","STATE 02","C7B","F",,800
"H05856","STATE 03","C71",,52,800
"H05857","STATE 10","C1 ","M",52,797.04
"H05858","STATE 03","C7 ","F",52,789.28
"H05859","STATE 15","C1C","M",52,783.29
"H05860","STATE 03","C11","M",52,779.49
"H05861","STATE 15","C7 ",,52,778.22
"H05862","STATE 15","C71","F",52,777.74
"H05863","STATE 15","C7 ","F",52,775
"H05864","STATE 07","C7B","M",52,771.06
"H05865","STATE 15","C7B","M",52,765.49
"H05866","STATE 03","C1 ","M",,763.53
"H05867","STATE 15","C7B","M",52,762.63
"H05868","STATE 15","C71","M",52,755.29
"H05869","STATE 03","C11","F",52,752.32
"H05870","STATE 15","C11","M",52,750
"H05871","STATE 02","C1B","M",52,744.69
"H05872","STATE 13","C1B","M",52,741
"H05873","STATE 07","C71","F",52,739.14
"H05874","STATE 03","C7B","M",52,732.64
"H05875","STATE 15","C7B","F",52,727.11
"H05876","STATE 06","C71","M",52,727.02
"H05877","STATE 04","C7 ","F",52,721.25
"H05878","STATE 02","C7B","F",52,720.61
"H05879","STATE 17","C7A","F",,717.05
"H05880","STATE 15","C71","M",52,708.94
"H05881","STATE 06","C7B","F",52,706.04
"H05882","STATE 02","C71","M",52,675
"H05883","STATE 03","C7C","M",52,675
"H05884","STATE 15","C1B","M",52,674.44
"H05885","STATE 02","C1B","F",52,671.72
"H05886","STATE 04","C7B","F",52,669.45
"H05887","STATE 15","C72","M",52,663.88
"H05888","STATE 07","C7 ","F",52,650
"H05889","STATE 04","C7 ","M",52,648.93
"H05890","STATE 15","C1 ",,52,647
"H05891","STATE 06","C1 ","M",52,631.71
"H05892","STATE 04","C7C","M",52,628.83
"H05893","STATE 06","C7B","M",52,627.8
"H05894","STATE 15","C7 ","M",52,627.19
"H05895","STATE 02","C7 ","M",52,613.22
"H05896","STATE 15","C71","M",52,612.29
"H05897","STATE 15","C7 ","F",52,600
"H05898","STATE 03","C1B","F",52,597.08
"H05899","STATE 14","C11","M",52,596.1
"H05900","STATE 02","C7 ","F",52,589.6
"H05901","STATE 10","C1B","M",52,588.47
"H05902","STATE 15","C1A","M",52,588.32
"H05903","STATE 15","C1 ","F",52,578.97
"H05904","STATE 15","C71","M",52,564.22
"H05905","STATE 15","F1 ","F",52,562.82
"H05906","STATE 06","C7C","M",52,558.45
"H05907","STATE 15","C71","M",52,556.82
"H05908","STATE 04","C7A","F",52,547.9
"H05909","STATE 02","C11","M",52,538.16
"H05910","STATE 06","C7 ","M",52,528.83
"H05911","STATE 01","C7 ","M",52,523.73
"H05912","STATE 01","C71","M",52,504.91
"H05913","STATE 17","C71","M",52,504.63
"H05914","STATE 15","C71","F",52,504.47
"H05915","STATE 02","C1B","M",52,500
"H05916","STATE 04","C7B","M",52,497.37
"H05917","STATE 04","C7 ","M",52,497
"H05918","STATE 02","C11","M",52,496.92
"H05919","STATE 06","C1 ","M",52,490
"H05920","STATE 02","C71","F",52,487.8
"H05921","STATE 12","C7B","F",52,487.51
"H05922","STATE 02","C1B","F",52,483.74
"H05923","STATE 02","C7 ","M",52,470.99
"H05924","STATE 03","C7 ",,52,464.86
"H05925","STATE 15","C1B","F",52,459.88
"H05926","STATE 04","C72","M",,442.7
"H05927","STATE 03","C7B","M",52,436.37
"H05928","STATE 10","C7B","M",52,428.52
"H05929","STATE 15","C1 ","M",52,427.46
"H05930","STATE 04","C7B","M",52,427.35
"H05931","STATE 02","C1B","F",52,427.3
"H05932","STATE 06","C1 ","F",,420
"H05933","STATE 02","C1B","M",52,405.33
"H05934","STATE 03","C7B","F",52,403.56
"H05935","STATE 10","C71","M",52,403.14
"H05936","STATE 03","C1B","M",52,401.79
"H05937","STATE 17","C71","F",52,400.47
"H05938","STATE 15","C71","F",52,400
"H05939","STATE 15","C71","M",52,399.57
"H05940","STATE 15","C11","F",52,398.25
"H05941","STATE 12","C2 ","F",52,392.09
"H05942","STATE 07","C71","M",52,384.77
"H05943","STATE 15","C71","M",52,381.94
"H05944","STATE 02","F7 ","M",52,381.39
"H05945","STATE 15","C1B",,52,381.25
"H05946","STATE 15","C1B","M",52,362.15
"H05947","STATE 07","C7B","M",52,356.87
"H05948","STATE 04","C71","M",52,355.86
"H05949","STATE 04","C71","M",52,354.8
"H05950","STATE 10","C11","M",52,351.12
"H05951","STATE 02","C1 ","M",52,350
"H05952","STATE 07","F71","F",52,336
"H05953","STATE 02","C7B","F",52,324.54
"H05954","STATE 12","C1B","F",52,322.48
"H05955","STATE 02","C1B","M",52,312.28
"H05956","STATE 02","C1B","F",52,310.9
"H05957","STATE 06","C1B","M",52,296.86
"H05958","STATE 12","C1B","M",52,295.32
"H05959","STATE 06","C7 ","M",,291.08
"H05960","STATE 15","C7 ","F",52,291.01
"H05961","STATE 15","C2 ","F",52,287.02
"H05962","STATE 17","C7 ","F",52,272.48
"H05963","STATE 02","C1B",,52,267.27
"H05964","STATE 07","C71","F",52,260.61
"H05965","STATE 06","C1 ","F",,258.09
"H05966","STATE 02","C7 ","M",52,250
"H05967","STATE 15","C2 ","F",52,235.95
"H05968","STATE 02","C1B","M",52,227.61
"H05969","STATE 15","C11","F",52,204.29
"H05970","STATE 02","C1B","M",52,200
"H05971","STATE 15","C1B","M",,198.61
"H05972","STATE 06","C1B","F",52,175
"H05973","STATE 15","C71","F",52,170.73
"H05974","STATE 04","C71","F",52,125
"H05975","STATE 15","C7 ","F",52,123.32
"H05976","STATE 06","C1A","F",52,90.64
"H05977","STATE 07","C71",,52,85.38
"H05978","STATE 15","C11","F",52,42.59
"H05979","STATE 15","C11","M",52,9.5
"H05980","STATE 13","C1B","M",51,16140.95
"H05981","STATE 02","C71","M",51,12582.27
"H05982","STATE 02","C7B","M",51,
"H05983","STATE 17","C71","F",51,11055.99
"H05984","STATE 12","C1B","F",51,10836.4
"H05985","STATE 10","C1B","M",51,10218.82
"H05986","STATE 02","C11","M",51,
"H05987","STATE 13","C7B","M",51,9523.22
"H05988","STATE 10","C1 ","F",51,8687.61
"H05989","STATE 12","C1B","M",51,
"H05990","STATE 15","C7 ","F",51,7807.72
"H05991","STATE 17","C71","F",51,7758.57
"H05992","STATE 13","C7B","M",51,
"H05993","STATE 15","C7 ","M",51,6937.9
"H05994","STATE 04","C71","F",51,6890.65
"H05995","STATE 10","C1 ","M",51,
"H05996","STATE 04","C7A","M",51,6731.46
"H05997","STATE 14","C11","F",51,6706.5
"H05998","STATE 12","C1A","F",51,6500.9
"H05999","STATE 06","C7B","F",51,
"H06000","STATE 15","C7B","M",51,6345.53
"H06001","STATE 06","C7B","M",51,6193.21
"H06002","STATE 02","C7B","M",51,6083.65
"H06003","STATE 06","C1B","M",51,5906.95
"H06004","STATE 15","C7C",,51,5691.37
"H06005","STATE 02","C1B","M",51,5643.51
"H06006","STATE 15","C11","M",51,5489.32
"H06007","STATE 10","C11","M",51,
"H06008","STATE 17","C71","M",51,5124.67
"H06009","STATE 10","C1B","F",51,5031.57
"H06010","STATE 15","C7B","F",51,4990.66
"H06011","STATE 15","C7B","F",51,4933.88
"H06012","STATE 15","C1B","M",51,4914.98
"H06013","STATE 17","C7B","M",51,4912.47
"H06014","STATE 15","C1B","M",,4885.31
"H06015","STATE 03","C11","M",51,4778
"H06016","STATE 13","C7B","M",51,4648.92
"H06017","STATE 06","C7 ","F",51,4617.68
"H06018","STATE 06","C1 ","M",51,4531.64
"H06019","STATE 15","C71","F",51,4460.55
"H06020","STATE 06","C7C","F",,
"H06021","STATE 15","C7 ","F",51,4345.64
"H06022","STATE 10","C1C","M",51,4216.14
"H06023","STATE 02","C7C","F",51,4158.09
"H06024","STATE 17","C71","M",51,4157.65
"H06025","STATE 06","C7B","M",51,4097.87
"H06026","STATE 10","C1 ","M",51,4043.29
"H06027","STATE 04","C71","M",,3864
"H06028","STATE 13","C7 ","M",51,3858.47
"H06029","STATE 07","C71","F",51,3846.6
"H06030","STATE 02","C11","M",51,3759.82
"H06031","STATE 17","C71","F",51,3729.71
"H06032","STATE 15","C11","F",51,3650.51
"H06033","STATE 02","C1B","F",51,3562.93
"H06034","STATE 04","C7 ","F",51,3407.25
"H06035","STATE 03","C7 ","F",51,3375.12
"H06036","STATE 02","C71","M",51,3311.53
"H06037","STATE 06","C7A",,51,3296.29
"H06038","STATE 15","C7 ",,51,3280.39
"H06039","STATE 02","C71","M",51,3259.71
"H06040","STATE 12","C7B","F",51,3181.1
"H06041","STATE 02","C1B","M",51,3139.38
"H06042","STATE 15","C71","M",51,3110.34
"H06043","STATE 06","C7 ","F",51,3037.06
"H06044","STATE 07","C7A","F",51,3012.69
"H06045","STATE 07","C7 ","F",51,2971.4
"H06046","STATE 17","F71","M",51,2953.78
"H06047","STATE 03","C7B","F",51,2885.43
"H06048","STATE 02","C11",,51,2883.95
"H06049","STATE 17","C71","F",,2883.17
"H06050","STATE 14","C11","F",51,2784.06
"H06051","STATE 15","C1 ","M",51,2771.98
"H06052","STATE 10","C7B","F",51,2742.6
"H06053","STATE 02","C1B","M",51,2737.75
"H06054","STATE 17","C71","F",51,2693.15
"H06055","STATE 04","C7 ","F",51,2676.31
"H06056","STATE 17","C71","M",51,2649.87
"H06057","STATE 02","C7 ","F",51,2637.04
"H06058","STATE 12","C71","F",51,2636.06
"H06059","STATE 04","C71","M",51,2630.23
"H06060","STATE 15","C7 ","M",51,2624
"H06061","STATE 02","C7B","F",51,2620
"H06062","STATE 13","C7 ","M",51,2618.61
"H06063","STATE 15","C7B","F",51,2613.43
"H06064","STATE 10","C71","M",51,2612.98
"H06065","STATE 12","C11","M",51,2572.15
"H06066","STATE 02","C71","M",51,2568.88
"H06067","STATE 15","C1 ","M",51,2545
"H06068","STATE 06","C1B",,51,2530.16
"H06069","STATE 17","C71","M",51,2497.95
"H06070","STATE 02","C1 ","F",51,2465.76
"H06071","STATE 06","C7B",,51,2465
"H06072","STATE 04","C7 ","F",51,2455.58
"H06073","STATE 13","C7 ","M",51,2449.76
"H06074","STATE 15","C1A","M",51,2395.98
"H06075","STATE 06","C7B","F",,2375.51
"H06076","STATE 03","C7 ","M",51,2330.36
"H06077","STATE 02","C1 ","M",51,2305
"H06078","STATE 07","C7 ","F",51,2299.6
"H06079","STATE 17","C7B","F",51,2285.29
"H06080","STATE 07","C71","M",51,2263.37
"H06081","STATE 02","C7B","M",51,2232.12
"H06082","STATE 06","C7B","M",51,2230.84
"H06083","STATE 12","C1B","M",51,2182.08
"H06084","STATE 06","C1 ","F",51,2149
"H06085","STATE 06","C11","M",51,2131
"H06086","STATE 13","C7B","F",51,2107.68
"H06087","STATE 02","C7B","F",51,2100
"H06088","STATE 15","C7 ","F",51,2036.48
"H06089","STATE 17","C71","F",51,2011.07
"H06090","STATE 10","C71","M",51,1973.7
"H06091","STATE 15","C71","M",51,1942.91
"H06092","STATE 14","C11","M",51,1899.84
"H06093","STATE 15","C11","F",51,1899
"H06094","STATE 15","C71","M",51,1895.52
"H06095","STATE 13","C7C","M",51,1885.16
"H06096","STATE 04","C71","F",51,1862.47
"H06097","STATE 02","C7B","M",51,1821.77
"H06098","STATE 06","C1A","M",51,1812.69
"H06099","STATE 01","C7 ","M",51,1784.33
"H06100","STATE 03","C7 ","M",51,1776.97
"H06101","STATE 14","C71","M",51,1774.02
"H06102","STATE 10","C7C","M",51,1767.51
"H06103","STATE 03","F71","F",51,1764
"H06104","STATE 04","C7B","M",51,1755.97
"H06105","STATE 01","C7 ","M",51,1745.59
"H06106","STATE 03","C71","M",51,1732.5
"H06107","STATE 12","C1 ","M",51,1709.33
"H06108","STATE 15","C7C","M",51,1695.68
"H06109","STATE 15","C1B","M",51,1637.78
"H06110","STATE 15","C1B","M",51,1623.82
"H06111","STATE 03","C7 ","M",51,1603.93
"H06112","STATE 02","C7 ","F",51,1600.38
"H06113","STATE 10","C1 ","M",51,1593
"H06114","STATE 14","C7 ","M",51,1572.94
"H06115","STATE 04","C7 ","M",51,1558.24
"H06116","STATE 06","C7B",,51,1553.72
"H06117","STATE 14","C71","F",51,1552.58
"H06118","STATE 12","C11","F",51,1552.3
"H06119","STATE 04","C7A","M",51,1549.73
"H06120","STATE 04","F71","M",51,1540.04
"H06121","STATE 15","C71","F",51,1515.16
"H06122","STATE 15","C11","F",51,1513.24
"H06123","STATE 13","C7B","M",51,1501.77
"H06124","STATE 07","C7 ","M",51,1500
"H06125","STATE 02","C7B","F",51,1466.35
"H06126","STATE 13","C71","F",51,1460.05
"H06127","STATE 02","C71","M",51,1454.49
"H06128","STATE 12","C1B","M",51,1449.51
"H06129","STATE 04","C7B","M",51,1432.1
"H06130","STATE 15","C7 ","M",51,1430.98
"H06131","STATE 06","C1 ","M",51,1426.3
"H06132","STATE 15","C11","M",51,1403.65
"H06133","STATE 17","C72","F",51,1400
"H06134","STATE 15","C1B","M",51,1390.79
"H06135","STATE 06","C71","F",51,1374
"H06136","STATE 06","C1 ","M",51,1365.5
"H06137","STATE 04","C7B","M",51,1352.71
"H06138","STATE 17","C7B","F",51,1351.65
"H06139","STATE 03","C71","M",51,1314.22
"H06140","STATE 14","C1 ","M",51,1274.23
"H06141","STATE 06","C7B","M",51,1268.49
"H06142","STATE 02","C7 ",,51,1268.1
"H06143","STATE 13","C7A","M",51,1263.03
"H06144","STATE 03","C7 ","F",51,1261.14
"H06145","STATE 04","C7 ","F",51,1237.92
"H06146","STATE 15","C7C","M",51,1235.76
"H06147","STATE 07","C7 ","F",51,1234.85
"H06148","STATE 15","C1B","F",51,1216.36
"H06149","STATE 15","C1B","F",51,1200.15
"H06150","STATE 14","C7 ","M",51,1196.85
"H06151","STATE 10","C7 ","M",51,1185.21
"H06152","STATE 02","F1 ","M",51,1170.23
"H06153","STATE 15","C1B","M",51,1152.73
"H06154","STATE 15","C11","M",,1148.76
"H06155","STATE 17","C71","M",51,1147.64
"H06156","STATE 01","C7 ","M",51,1137.42
"H06157","STATE 12","C1B","M",51,1123.29
"H06158","STATE 02","C1 ","F",51,1116.57
"H06159","STATE 15","C7A","M",51,1103.79
"H06160","STATE 04","C7B","F",51,1094.62
"H06161","STATE 04","C7C","F",51,1086.87
"H06162","STATE 03","C11","M",51,1082.09
"H06163","STATE 13","C1A","F",51,1077.83
"H06164","STATE 15","C7B","F",51,1074.61
"H06165","STATE 14","C71","F",51,1071.95
"H06166","STATE 04","C7 ","M",51,1064.18
"H06167","STATE 15","C1B","F",51,1048.92
"H06168","STATE 17","C7 ","F",51,1044.75
"H06169","STATE 15","C7 ","F",51,1040.44
"H06170","STATE 15","C1C",,51,1019.18
"H06171","STATE 15","C7B","F",51,1013.06
"H06172","STATE 02","C7 ","M",51,995.3
"H06173","STATE 15","C71","F",51,995.03
"H06174","STATE 17","C71","M",51,989.29
"H06175","STATE 13","C7B","F",51,973.11
"H06176","STATE 04","C7B","F",51,972.85
"H06177","STATE 15","C7 ","M",51,970.7
"H06178","STATE 04","F71","F",51,968.8
"H06179","STATE 02","C11","F",51,968.58
"H06180","STATE 15","C11","M",51,965
"H06181","STATE 04","C7 ","M",51,958.04
"H06182","STATE 15","C7B","M",51,944
"H06183","STATE 03","C7 ","M",51,941.92
"H06184","STATE 02","C7C","M",51,925.51
"H06185","STATE 15","C11",,51,919.7
"H06186","STATE 15","C7B",,51,908.1
"H06187","STATE 06","C71","F",51,900.27
"H06188","STATE 01","C71","M",51,894.5
"H06189","STATE 17","F71","M",51,894.33
"H06190","STATE 15","C71","F",51,874.04
"H06191","STATE 12","C1B","M",51,873.15
"H06192","STATE 02","C1B","F",51,870.75
"H06193","STATE 04","C71","F",51,866.37
"H06194","STATE 13","C1 ","F",51,863.08
"H06195","STATE 12","C2 ","M",51,862.33
"H06196","STATE 15","C1B","M",51,860.56
"H06197","STATE 15","C11","F",51,857.87
"H06198","STATE 02","C7B","F",51,854.1
"H06199","STATE 02","C71","F",51,852.32
"H06200","STATE 17","C7B","F",51,840.58
"H06201","STATE 15","C7 ","M",51,835.13
"H06202","STATE 15","C71","M",51,833.33
"H06203","STATE 15","C7B","F",51,824.05
"H06204","STATE 15","C7B","M",51,812.41
"H06205","STATE 17","C71","M",51,808.49
"H06206","STATE 06","C7 ","M",51,804.64
"H06207","STATE 07","C71","F",51,803.48
"H06208","STATE 03","C7B","F",51,802.66
"H06209","STATE 02","C71",,51,785
"H06210","STATE 12","C1 ","M",51,783.52
"H06211","STATE 04","C71","F",51,769.15
"H06212","STATE 15","C11","M",51,768.07
"H06213","STATE 06","C7B","F",51,765.74
"H06214","STATE 02","C7B","F",51,762
"H06215","STATE 13","C11","F",51,750
"H06216","STATE 01","C71","M",51,748.73
"H06217","STATE 06","C7 ","F",51,747.82
"H06218","STATE 03","F1 ","M",,746.67
"H06219","STATE 15","C1 ","F",51,736.48
"H06220","STATE 15","C71","M",51,730.49
"H06221","STATE 06","C1B","M",51,718.75
"H06222","STATE 04","C7B","M",51,715.64
"H06223","STATE 15","C11","F",51,714.74
"H06224","STATE 02","C71","F",51,713.73
"H06225","STATE 04","C7B","F",51,710.57
"H06226","STATE 06","C1 ","M",51,703.96
"H06227","STATE 07","C71","F",51,701.15
"H06228","STATE 06","C7 ","M",51,700.59
"H06229","STATE 15","C7 ","F",51,698.45
"H06230","STATE 06","C7 ","M",51,694.7
"H06231","STATE 04","C7B","M",51,692.34
"H06232","STATE 03","C7 ","F",51,689.92
"H06233","STATE 14","F71","M",51,689.9
"H06234","STATE 06","C1 ","F",51,681.91
"H06235","STATE 15","C7 ","F",51,660.76
"H06236","STATE 02","C11","F",,645.97
"H06237","STATE 15","C1B","M",51,645.92
"H06238","STATE 14","C11","M",51,629.94
"H06239","STATE 02","C72","F",51,628.96
"H06240","STATE 02","C71","F",51,628.77
"H06241","STATE 15","C7B","M",51,622.64
"H06242","STATE 17","C71","M",51,612.03
"H06243","STATE 06","C7B","F",51,611.57
"H06244","STATE 15","C71","M",51,593.91
"H06245","STATE 15","C71","M",51,590.39
"H06246","STATE 15","C1B",,51,581.33
"H06247","STATE 17","C7 ","M",51,570.67
"H06248","STATE 06","C11","F",51,568.31
"H06249","STATE 13","C2 ","F",51,568.01
"H06250","STATE 15","C1B","M",51,567.11
"H06251","STATE 15","C71","F",51,564.48
"H06252","STATE 17","C7 ","M",51,562.85
"H06253","STATE 10","C7A","M",51,560.2
"H06254","STATE 02","C11","M",51,550.15
"H06255","STATE 03","C7 ",,51,545.4
"H06256","STATE 02","C7B","F",51,542.28
"H06257","STATE 06","C1A","M",51,540.39
"H06258","STATE 15","C71","M",51,536.77
"H06259","STATE 02","C72","F",51,528.44
"H06260","STATE 15","C7B","M",51,524.56
"H06261","STATE 17","C71","M",51,511.5
"H06262","STATE 15","C7B","M",51,511.17
"H06263","STATE 02","C11","F",51,507.76
"H06264","STATE 15","C1B",,51,505.78
"H06265","STATE 03","C72","M",51,501.15
"H06266","STATE 06","C7 ","M",51,499.51
"H06267","STATE 12","C71","F",51,499.29
"H06268","STATE 03","C7 ","F",51,497.6
"H06269","STATE 06","C1 ","M",51,493.58
"H06270","STATE 17","C71","M",51,493.3
"H06271","STATE 06","C7A","M",51,488.96
"H06272","STATE 04","C71","M",51,485.95
"H06273","STATE 15","C1 ","F",51,485.05
"H06274","STATE 03","C7 ","F",51,479.69
"H06275","STATE 13","C11","M",51,476.67
"H06276","STATE 12","C1 ","M",51,468.9
"H06277","STATE 15","C7B","M",51,452.45
"H06278","STATE 15","C7B","M",51,448.77
"H06279","STATE 06","C7 ","M",51,436.59
"H06280","STATE 02","C71","F",51,431.88
"H06281","STATE 02","C71","M",51,419.27
"H06282","STATE 15","C1 ","M",51,411.45
"H06283","STATE 06","C1 ","M",51,404.7
"H06284","STATE 03","C7 ","F",51,400.25
"H06285","STATE 03","C71","M",51,395.22
"H06286","STATE 02","C7B","F",51,395.15
"H06287","STATE 06","C1B","F",51,392.7
"H06288","STATE 06","C7 ","M",,389.87
"H06289","STATE 02","C7B","F",51,382.74
"H06290","STATE 15","C2 ","M",51,381.07
"H06291","STATE 07","C71","M",51,364.49
"H06292","STATE 10","C1 ","F",51,348.75
"H06293","STATE 15","C11","F",51,346.11
"H06294","STATE 15","C1A","M",51,343.12
"H06295","STATE 14","C1 ","F",51,343.01
"H06296","STATE 07","C71",,51,337.12
"H06297","STATE 12","C7B","F",51,326.75
"H06298","STATE 06","C7B","F",51,323.12
"H06299","STATE 02","C1 ","F",51,311.11
"H06300","STATE 02","C1 ","F",51,309.02
"H06301","STATE 17","C7B","F",51,308.6
"H06302","STATE 15","F7 ","M",51,307.11
"H06303","STATE 14","C7 ","M",51,306.68
"H06304","STATE 15","C1B","M",51,260.94
"H06305","STATE 15","C71","M",51,257.18
"H06306","STATE 06","C1 ","M",51,256.44
"H06307","STATE 15","C11","F",51,255.15
"H06308","STATE 13","C1 ","F",51,245.28
"H06309","STATE 15","C11","F",51,216.05
"H06310","STATE 02","C7C","F",51,214.5
"H06311","STATE 10","C11","F",51,204
"H06312","STATE 15","C71","M",51,200
"H06313","STATE 15","C7B","M",51,182.86
"H06314","STATE 15","C1B","M",51,159.25
"H06315","STATE 10","C7 ","M",51,157.29
"H06316","STATE 15","C1 ","M",51,155.55
"H06317","STATE 15","C7A","F",51,100.51
"H06318","STATE 17","C71","M",51,100
"H06319","STATE 04","C7B","M",51,97.61
"H06320","STATE 06","C7 ","M",51,97
"H06321","STATE 15","C71","M",51,94.49
"H06322","STATE 06","C7 ","M",51,76.55
"H06323","STATE 13","C1A","F",51,73.29
"H06324","STATE 13","C7 ","M",51,65.44
"H06325","STATE 17","C7B",,51,64.19
"H06326","STATE 06","C1 ","F",51,61.34
"H06327","STATE 13","C7B","M",51,55
"H06328","STATE 15","C71","F",50,16493.89
"H06329","STATE 06","C1A","M",50,12840.97
"H06330","STATE 04","C7B","F",50,11882.08
"H06331","STATE 02","C7 ","M",50,11714
"H06332","STATE 14","C71","M",50,9886.05
"H06333","STATE 15","C1B","M",50,9126.38
"H06334","STATE 15","C1B","M",50,8695.91
"H06335","STATE 02","C71","M",50,
"H06336","STATE 15","C1B","F",50,8332.26
"H06337","STATE 02","C71","F",50,8247.68
"H06338","STATE 03","C11","F",50,8185.88
"H06339","STATE 02","C11","M",50,8116.02
"H06340","STATE 07","C7 ","F",50,7681.88
"H06341","STATE 07","C71","F",50,7617.74
"H06342","STATE 15","C7B","M",50,7470.43
"H06343","STATE 15","C7B","M",50,7453.37
"H06344","STATE 02","C7 ","F",50,7346.8
"H06345","STATE 06","C1B","F",50,7271.87
"H06346","STATE 15","C72","M",50,7020.35
"H06347","STATE 13","C7B","F",50,6953.43
"H06348","STATE 06","C1B","F",50,6852.97
"H06349","STATE 12","C1 ","M",,6353.97
"H06350","STATE 15","C71","M",50,6224.4
"H06351","STATE 12","C7B","M",50,
"H06352","STATE 12","C71","M",50,
"H06353","STATE 04","C72","M",50,6080.52
"H06354","STATE 10","C7B","M",50,6004.24
"H06355","STATE 02","C71",,50,
"H06356","STATE 17","C7 ",,50,5736.48
"H06357","STATE 03","C71","M",50,5559.99
"H06358","STATE 10","C11","M",50,
"H06359","STATE 15","C1 ","F",,5467.37
"H06360","STATE 04","C7B","F",50,5405.21
"H06361","STATE 02","C71","F",50,5170.83
"H06362","STATE 15","C71","M",50,
"H06363","STATE 03","C11","F",50,4836.97
"H06364","STATE 15","C7C","M",,4799.3
"H06365","STATE 13","C11","M",50,4731.81
"H06366","STATE 04","C7 ","M",50,4651.87
"H06367","STATE 02","C71","M",50,4507.41
"H06368","STATE 17","C7B","M",50,4469.17
"H06369","STATE 10","C1B","F",50,4462.81
"H06370","STATE 17","C7B","F",50,4453.94
"H06371","STATE 07","C71","M",50,4406.27
"H06372","STATE 02","C11","F",50,
"H06373","STATE 15","C1B","F",50,4179.35
"H06374","STATE 10","C7C","M",50,4155.74
"H06375","STATE 12","C11","M",50,4134.56
"H06376","STATE 12","C71","F",50,4129.02
"H06377","STATE 02","C1A","F",50,4068.18
"H06378","STATE 06","C71","M",50,4013.95
"H06379","STATE 06","C7A","M",50,3950.69
"H06380","STATE 17","C71","F",50,3933.49
"H06381","STATE 06","C1 ","F",50,3920.72
"H06382","STATE 02","F7 ","F",50,3883
"H06383","STATE 06","C1B","M",50,3875.35
"H06384","STATE 03","C7 ","M",50,3807.25
"H06385","STATE 13","C11","F",50,3803.6
"H06386","STATE 02","C1B","M",50,3700
"H06387","STATE 15","C11","M",50,3598.43
"H06388","STATE 06","C1 ","M",50,3520.36
"H06389","STATE 06","C1 ","M",50,3492
"H06390","STATE 13","C1 ","F",50,3481.56
"H06391","STATE 06","C7 ","F",50,3479.04
"H06392","STATE 17","C71","F",50,3454.42
"H06393","STATE 07","C71","M",50,3453.87
"H06394","STATE 02","C2 ","F",50,3362.5
"H06395","STATE 17","C7B","F",50,3356.72
"H06396","STATE 15","C1A","M",50,3337.63
"H06397","STATE 06","C71","M",50,3311.42
"H06398","STATE 06","C7 ","F",50,3311.37
"H06399","STATE 17","C71","M",50,3296.37
"H06400","STATE 15","C11","M",50,3263.54
"H06401","STATE 06","C71","M",50,3208.03
"H06402","STATE 02","C1 ","M",50,3191.16
"H06403","STATE 04","C7A","F",50,3189.51
"H06404","STATE 10","C1B","F",50,3160
"H06405","STATE 10","C1B","F",50,3084.31
"H06406","STATE 15","C7B","F",50,3083.87
"H06407","STATE 04","C7B","F",50,3015.35
"H06408","STATE 13","C1B","M",50,3002.12
"H06409","STATE 06","C71","M",50,2987.49
"H06410","STATE 17","C7 ","M",50,2976.8
"H06411","STATE 15","C71","M",50,2952.27
"H06412","STATE 10","C7B","M",50,2940.26
"H06413","STATE 10","C11","F",50,2897.28
"H06414","STATE 07","C71","F",50,2850
"H06415","STATE 06","C7A","M",50,2829.38
"H06416","STATE 15","C7 ","M",50,2826.44
"H06417","STATE 12","C7B","M",50,2814.95
"H06418","STATE 02","C11","M",50,2732.69
"H06419","STATE 10","C1B","M",50,2704.34
"H06420","STATE 04","C71","M",50,2695.52
"H06421","STATE 02","C2 ","M",50,2689.84
"H06422","STATE 11","C2 ","M",50,2679.83
"H06423","STATE 15","C7 ","M",50,2675.56
"H06424","STATE 06","C11","F",50,2607.72
"H06425","STATE 02","C1B","M",50,2579.5
"H06426","STATE 07","C7B","M",50,2545.65
"H06427","STATE 02","C7B","M",50,2514.96
"H06428","STATE 14","C71","F",50,2500
"H06429","STATE 15","C7 ","F",50,2500
"H06430","STATE 02","C7 ","F",50,2483.38
"H06431","STATE 02","C1B","M",50,2479.37
"H06432","STATE 15","C2 ","M",50,2472.16
"H06433","STATE 02","C2 ","M",50,2464.86
"H06434","STATE 10","C1B","M",50,2456.67
"H06435","STATE 15","C11","M",50,2445.76
"H06436","STATE 06","C7B","M",50,2421.33
"H06437","STATE 06","C7B","M",50,2397.27
"H06438","STATE 01","C11","F",50,2381.3
"H06439","STATE 15","C1 ","M",50,2372.43
"H06440","STATE 06","C71","M",50,2369.84
"H06441","STATE 07","C7C","M",50,2355
"H06442","STATE 02","C1B","F",50,2354.25
"H06443","STATE 02","C1B","M",50,2353.79
"H06444","STATE 06","C1A","F",50,2334.63
"H06445","STATE 03","C1 ","M",50,2334.15
"H06446","STATE 14","C11","M",50,2315.66
"H06447","STATE 14","C11",,50,2249.16
"H06448","STATE 02","C11","M",50,2231.46
"H06449","STATE 15","C7B","F",50,2226
"H06450","STATE 04","C71","M",50,2195.29
"H06451","STATE 02","C71","M",50,2193.83
"H06452","STATE 02","C1 ","F",50,2174.44
"H06453","STATE 12","C71","F",50,2154.34
"H06454","STATE 06","C1 ","M",,2152.01
"H06455","STATE 13","C7B","M",50,2146.29
"H06456","STATE 13","C1B",,50,2136.97
"H06457","STATE 13","C7B","F",,2125.43
"H06458","STATE 14","C7 ","M",50,2113.8
"H06459","STATE 15","C7 ","M",50,2109.56
"H06460","STATE 15","C7B","F",50,2082.47
"H06461","STATE 02","C1 ","F",,2078.19
"H06462","STATE 02","C7B","M",50,2045.36
"H06463","STATE 02","C7B","M",50,2007
"H06464","STATE 15","C11","F",50,2006.62
"H06465","STATE 13","C71","M",50,1997.5
"H06466","STATE 06","C11","M",50,1997.36
"H06467","STATE 02","F7 ","F",,1986.5
"H06468","STATE 06","C11",,50,1972.13
"H06469","STATE 07","C71","M",50,1927.92
"H06470","STATE 10","C7B","F",50,1922.13
"H06471","STATE 02","C1 ","M",,1900.36
"H06472","STATE 04","C1C","F",50,1893.43
"H06473","STATE 17","C7 ","F",50,1880.55
"H06474","STATE 17","C71","M",50,1877.04
"H06475","STATE 07","C71","F",50,1871.45
"H06476","STATE 02","C7B","M",50,1852.39
"H06477","STATE 02","C1A","M",50,1851.72
"H06478","STATE 13","C71","F",50,1835.11
"H06479","STATE 17","C71","M",50,1835
"H06480","STATE 06","C11","F",50,1808
"H06481","STATE 14","F7 ","M",50,1805.64
"H06482","STATE 10","C11","M",50,1799.75
"H06483","STATE 06","C7 ","M",50,1799.66
"H06484","STATE 04","C7 ","F",50,1758.08
"H06485","STATE 17","C7B","M",50,1737.09
"H06486","STATE 07","C71","M",50,1729.19
"H06487","STATE 10","C11","M",50,1727.14
"H06488","STATE 04","C7B","F",50,1722.39
"H06489","STATE 04","C71","F",50,1718.52
"H06490","STATE 02","C71","M",50,1716.48
"H06491","STATE 06","C7 ","M",50,1713.09
"H06492","STATE 15","C71","M",50,1682.32
"H06493","STATE 15","C1B","M",50,1664.75
"H06494","STATE 04","C7 ","F",50,1659.39
"H06495","STATE 02","C7B","F",50,1656.74
"H06496","STATE 02","C11","M",50,1638.61
"H06497","STATE 15","C11","F",50,1635
"H06498","STATE 04","C1B","F",50,1624.7
"H06499","STATE 10","C1B","F",50,1603.73
"H06500","STATE 15","C7 ","M",50,1586.12
"H06501","STATE 15","C1B","M",50,1563.22
"H06502","STATE 15","C11","F",50,1562.74
"H06503","STATE 02","C7 ","M",50,1554.65
"H06504","STATE 17","C7B","M",,1542.63
"H06505","STATE 15","C71","M",50,1540.89
"H06506","STATE 15","C1 ","M",50,1532.37
"H06507","STATE 15","C1B","F",50,1525.54
"H06508","STATE 07","C7 ","M",50,1522.28
"H06509","STATE 15","C7B","F",50,1515.82
"H06510","STATE 15","C1B","M",50,1508.02
"H06511","STATE 04","C7B","F",50,1504.31
"H06512","STATE 13","C7B","F",50,1493.88
"H06513","STATE 02","C7 ","M",50,1482.41
"H06514","STATE 12","C1 ","F",50,1467.47
"H06515","STATE 15","C7B","F",50,1450.66
"H06516","STATE 11","C1B","F",50,1450
"H06517","STATE 03","C7C","M",50,1438.06
"H06518","STATE 03","C71","M",50,1436.79
"H06519","STATE 04","C7B","M",50,1434.74
"H06520","STATE 02","C11","M",50,1434.16
"H06521","STATE 02","C7 ","M",50,1425.75
"H06522","STATE 13","C7 ","M",50,1417.96
"H06523","STATE 06","C7B","F",50,1408.97
"H06524","STATE 10","C71","F",50,1407.91
"H06525","STATE 06","C11","F",50,1400
"H06526","STATE 14","C71","M",50,1375.26
"H06527","STATE 15","C7B","M",,1350
"H06528","STATE 02","C7B","M",50,1348.14
"H06529","STATE 10","C1B","M",50,1339.19
"H06530","STATE 04","C71","M",50,1321.31
"H06531","STATE 12","C1B","M",50,1311.36
"H06532","STATE 01","C11","M",50,1266.74
"H06533","STATE 04","C71","M",50,1263.97
"H06534","STATE 04","C7B","F",50,1263.22
"H06535","STATE 14","C7 ","M",50,1261.83
"H06536","STATE 12","C1B",,50,1261.15
"H06537","STATE 10","C11",,50,1259.68
"H06538","STATE 15","C71","M",50,1250
"H06539","STATE 12","C1B","F",50,1247.34
"H06540","STATE 06","C7 ","F",50,1234.27
"H06541","STATE 12","C2 ",,50,1220.37
"H06542","STATE 17","C71","M",50,1205.26
"H06543","STATE 17","C71","M",50,1204.08
"H06544","STATE 14","C1 ","M",50,1202.04
"H06545","STATE 04","C7B","F",50,1200
"H06546","STATE 12","C1B","F",50,1185.21
"H06547","STATE 02","C7 ","F",50,1184.54
"H06548","STATE 13","C11","M",50,1180.45
"H06549","STATE 07","C7B",,50,1178.97
"H06550","STATE 02","C7B","M",50,1162.77
"H06551","STATE 02","C7B","F",50,1157.56
"H06552","STATE 06","C1B","F",50,1156.38
"H06553","STATE 15","C11","M",50,1155.18
"H06554","STATE 04","C7B","M",50,1154.64
"H06555","STATE 02","C1 ","M",50,1152.08
"H06556","STATE 02","C1B",,50,1150.72
"H06557","STATE 02","C1B","F",50,1139.36
"H06558","STATE 06","C1B","M",50,1121.22
"H06559","STATE 01","C11","M",50,1120
"H06560","STATE 02","C1C","F",50,1118.96
"H06561","STATE 04","C7C","M",50,1091.06
"H06562","STATE 06","C71","M",50,1084.3
"H06563","STATE 02","C1B","F",50,1071.7
"H06564","STATE 07","C7B","M",50,1071.44
"H06565","STATE 15","C1 ","M",50,1070.34
"H06566","STATE 10","C1 ","F",50,1056.89
"H06567","STATE 15","C1B","F",50,1040.58
"H06568","STATE 13","C1 ","M",50,1038.76
"H06569","STATE 15","C71","F",50,1037.08
"H06570","STATE 15","C1B","M",50,1029.67
"H06571","STATE 15","C1 ","M",50,1024.8
"H06572","STATE 15","C2 ","M",50,1021.35
"H06573","STATE 02","C7B","F",50,1019.76
"H06574","STATE 07","C11","F",50,1012.73
"H06575","STATE 15","C1 ","M",,1000.17
"H06576","STATE 03","C1A","F",50,1000
"H06577","STATE 13","C1B","F",50,992.95
"H06578","STATE 06","C7 ","M",50,991.26
"H06579","STATE 06","C1B","F",,989
"H06580","STATE 17","C7A","F",50,983.23
"H06581","STATE 15","C2 ","M",,977.32
"H06582","STATE 13","C71","M",50,970
"H06583","STATE 17","C71","F",50,960.4
"H06584","STATE 07","C7 ","M",50,958.87
"H06585","STATE 15","C7B","M",50,956.84
"H06586","STATE 04","C7C","M",50,954.26
"H06587","STATE 06","C1A","F",50,949.15
"H06588","STATE 17","C7C","F",50,948.35
"H06589","STATE 02","C7B","F",50,946.91
"H06590","STATE 15","C7B","F",50,942.04
"H06591","STATE 17","C7 ","F",50,941.73
"H06592","STATE 10","C1 ","M",50,939.13
"H06593","STATE 02","C7B","M",50,935.97
"H06594","STATE 06","C1A","M",50,925.48
"H06595","STATE 06","C1B","M",50,922.15
"H06596","STATE 06","C1 ","F",50,914.11
"H06597","STATE 15","C11","F",50,912.89
"H06598","STATE 06","C7B","M",50,891.16
"H06599","STATE 04","C71","F",50,891
"H06600","STATE 04","C71","M",50,885.61
"H06601","STATE 15","C1B","M",50,885.1
"H06602","STATE 15","C11","F",50,882.83
"H06603","STATE 15","C7C","M",50,870.77
"H06604","STATE 06","C11","F",50,867.75
"H06605","STATE 15","C72","M",50,865.94
"H06606","STATE 15","C1B","F",50,864.02
"H06607","STATE 07","C71","M",50,862.57
"H06608","STATE 15","C71","M",50,855.74
"H06609","STATE 03","C11","F",50,852.2
"H06610","STATE 15","C7A","F",50,844.3
"H06611","STATE 02","F71","M",50,841.01
"H06612","STATE 02","C11","F",50,838.87
"H06613","STATE 15","C71","M",50,838.76
"H06614","STATE 12","C1B","M",50,832.63
"H06615","STATE 17","C7A","F",50,831.27
"H06616","STATE 01","C7 ","M",50,829.64
"H06617","STATE 12","C1B","M",50,828.38
"H06618","STATE 02","C71","M",50,824.95
"H06619","STATE 06","C1B","F",50,824.84
"H06620","STATE 06","C1A","F",50,811.23
"H06621","STATE 07","C71","F",50,806.22
"H06622","STATE 15","C71","M",50,804.24
"H06623","STATE 15","C7 ","F",50,800
"H06624","STATE 12","C1B","F",50,789.69
"H06625","STATE 03","C71","F",,789.1
"H06626","STATE 13","C1B","F",50,788.11
"H06627","STATE 15","C1B","M",50,780.86
"H06628","STATE 15","C7 ","M",50,780.68
"H06629","STATE 07","C7 ","M",50,779.14
"H06630","STATE 15","C1B","F",50,777.6
"H06631","STATE 15","C71",,50,775.79
"H06632","STATE 17","C71","M",50,765.09
"H06633","STATE 06","C1 ","M",50,764.52
"H06634","STATE 04","F7 ","M",50,757.8
"H06635","STATE 15","C7B","M",50,754.3
"H06636","STATE 15","C1B","F",50,753.73
"H06637","STATE 01","C7C","M",50,738.11
"H06638","STATE 06","C7 ","F",50,734.38
"H06639","STATE 02","C7B","M",50,728.19
"H06640","STATE 06","C1B","F",50,725.77
"H06641","STATE 12","C7B","M",50,722.25
"H06642","STATE 03","C71","M",50,704.04
"H06643","STATE 15","C71","M",50,700
"H06644","STATE 03","C71","M",50,694.8
"H06645","STATE 06","C1 ","M",50,688.07
"H06646","STATE 15","C71","F",50,687.81
"H06647","STATE 02","C1B","M",,686.98
"H06648","STATE 15","C1B","M",50,684.48
"H06649","STATE 04","C1 ","F",50,682.45
"H06650","STATE 04","C71","F",50,680.24
"H06651","STATE 10","F11","F",,678.18
"H06652","STATE 15","C1 ","M",50,677.6
"H06653","STATE 01","C1 ","M",50,673.86
"H06654","STATE 06","C11","M",50,670.39
"H06655","STATE 03","C1 ","M",50,665.21
"H06656","STATE 12","C1 ",,50,663.79
"H06657","STATE 02","C1B","F",50,656.78
"H06658","STATE 15","C1B","M",,653.36
"H06659","STATE 10","C1 ","F",50,651.74
"H06660","STATE 03","C7 ","F",50,646.52
"H06661","STATE 12","C7B","M",50,641.94
"H06662","STATE 15","C71","F",50,641.79
"H06663","STATE 04","C71",,50,627.49
"H06664","STATE 17","C71","F",50,624.79
"H06665","STATE 04","C7B","F",50,621.86
"H06666","STATE 06","C1B","F",50,606.83
"H06667","STATE 15","C1B","M",50,597.92
"H06668","STATE 15","C7B","F",50,594.07
"H06669","STATE 15","C71","M",,588.94
"H06670","STATE 06","C2 ",,50,584.08
"H06671","STATE 17","C1B","F",50,582.32
"H06672","STATE 15","C7 ","M",50,576.69
"H06673","STATE 07","C71","F",50,573.56
"H06674","STATE 02","C71","M",50,564.16
"H06675","STATE 03","C71","F",50,563.61
"H06676","STATE 10","C7B","F",50,560
"H06677","STATE 15","C71","F",50,549.52
"H06678","STATE 06","C7 ","M",50,540.88
"H06679","STATE 03","C71","F",50,533.72
"H06680","STATE 17","C71","M",50,531.21
"H06681","STATE 04","C72","F",50,519.62
"H06682","STATE 14","C71","M",50,519.54
"H06683","STATE 06","C1 ","M",50,517.19
"H06684","STATE 02","C1 ","M",50,512.5
"H06685","STATE 04","C71","F",50,497.26
"H06686","STATE 15","C7 ","M",50,493.95
"H06687","STATE 02","C1B","M",50,487.66
"H06688","STATE 13","C1B","F",50,480.61
"H06689","STATE 02","C71","M",50,480.1
"H06690","STATE 15","C71","M",50,479.54
"H06691","STATE 15","C1 ","M",50,470
"H06692","STATE 02","C11","F",50,468.33
"H06693","STATE 14","C1 ","F",,459.41
"H06694","STATE 04","C71","M",50,455.16
"H06695","STATE 10","C7 ","M",50,453.55
"H06696","STATE 06","C11","M",50,448.56
"H06697","STATE 13","C1 ","F",50,446.88
"H06698","STATE 10","C7B","M",50,445.8
"H06699","STATE 03","C1B","M",50,441.8
"H06700","STATE 01","C1 ","F",50,436.91
"H06701","STATE 04","C71","M",50,431.77
"H06702","STATE 14","C1 ","M",50,428.38
"H06703","STATE 06","C1B","F",50,426.42
"H06704","STATE 06","C1A","F",50,422.5
"H06705","STATE 10","C1B","F",50,421.99
"H06706","STATE 02","C7 ","F",50,416.09
"H06707","STATE 15","C1 ","M",50,413.77
"H06708","STATE 15","C1 ",,,413.44
"H06709","STATE 15","C11","M",50,413.3
"H06710","STATE 15","C1B","F",50,409.23
"H06711","STATE 15","C7B","F",50,403.01
"H06712","STATE 12","C1B","F",50,401.8
"H06713","STATE 15","C11","F",50,384.41
"H06714","STATE 01","C1 ","M",50,384.34
"H06715","STATE 14","F71","F",50,383.57
"H06716","STATE 15","C1 ","F",50,383.13
"H06717","STATE 06","C71","M",50,382.77
"H06718","STATE 13","C7B","F",50,382.13
"H06719","STATE 10","C11","F",50,382.04
"H06720","STATE 04","C7 ","M",50,377.6
"H06721","STATE 06","C1 ","F",50,375.89
"H06722","STATE 07","C7B","M",50,375.07
"H06723","STATE 02","C71","M",50,370.64
"H06724","STATE 02","C1B","F",50,367.92
"H06725","STATE 04","C7B","M",50,361.8
"H06726","STATE 15","C1 ","F",50,351.62
"H06727","STATE 02","C71","M",50,350
"H06728","STATE 02","C11","M",50,328.64
"H06729","STATE 03","C11","F",50,327.68
"H06730","STATE 07","C71",,50,326.43
"H06731","STATE 15","C1B","M",50,319.94
"H06732","STATE 04","C71","F",50,319.79
"H06733","STATE 13","C7B","M",50,308.47
"H06734","STATE 13","C1C","M",50,282.69
"H06735","STATE 15","C1A","M",50,281.69
"H06736","STATE 03","C71","F",50,276.78
"H06737","STATE 03","C7B","F",50,271.14
"H06738","STATE 04","C71","M",50,269.92
"H06739","STATE 10","C7B","M",50,269.87
"H06740","STATE 15","C7B","F",50,269.28
"H06741","STATE 03","C1B","F",50,264.34
"H06742","STATE 15","C1B","F",50,262.68
"H06743","STATE 10","C71","F",50,261.45
"H06744","STATE 06","C7 ","M",50,261
"H06745","STATE 06","C1 ","F",50,259.3
"H06746","STATE 15","C11","F",50,250
"H06747","STATE 15","C11","M",50,250
"H06748","STATE 15","C7B","M",50,249.22
"H06749","STATE 04","C7 ","M",50,246
"H06750","STATE 04","C7 ","M",50,245.79
"H06751","STATE 15","C1B","F",50,242.79
"H06752","STATE 15","C1A",,,227.5
"H06753","STATE 02","C1B","F",50,209.7
"H06754","STATE 15","C11","F",50,207.85
"H06755","STATE 15","C7 ","M",50,200
"H06756","STATE 02","C7B","M",50,198.07
"H06757","STATE 06","C1C","M",50,195.6
"H06758","STATE 04","C7 ","F",50,180.58
"H06759","STATE 03","C1 ","F",50,175
"H06760","STATE 15","C1B","F",50,161.48
"H06761","STATE 17","C11","F",50,160
"H06762","STATE 17","C71","F",50,152.72
"H06763","STATE 15","C1B","F",50,136.45
"H06764","STATE 06","C1B","M",50,129
"H06765","STATE 06","C7B","M",,117.84
"H06766","STATE 15","C1C","M",50,103.87
"H06767","STATE 06","C1B","M",50,64.62
"H06768","STATE 17","C7B","F",50,47.41
"H06769","STATE 15","C71","M",50,39.31
"H06770","STATE 02","C71","M",50,35
"H06771","STATE 17","C7B","F",50,27.46
"H06772","STATE 01","C71",,50,25
"H06773","STATE 15","C7B","M",50,21.58
"H00001","STATE 14","C6 ","M",97,1134.44
"H00002","STATE 15","C6 ","M",,3761.24
"H00005","STATE 15","F6 ","M",59,650
