"claim_no","claim_amount_true"
"H00001",1134.44
"H00002",3761.24
"H00003",7842.31
"H00004",2384.67
"H00005",650
"H00006",391.12
"H00007",3775.83
"H00008",415.35
"H00009",2283.56
"H00010",665.48
"H00011",414
"H00012",285.94
"H00013",3488.99
"H00014",2428
"H00015",2049.26
"H00016",1129.89
"H00017",654
"H00018",366.28
"H00019",132.5
"H00020",3890.07
"H00021",2927.76
"H00022",2345.71
"H00023",984.89
"H00024",438.04
"H00025",295.99
"H00026",268.5
"H00027",11756.34
"H00028",8693.25
"H00029",7261.51
"H00030",5663.66
"H00031",3746.15
"H00032",2607.82
"H00033",2402
"H00034",2342.32
"H00035",2104.31
"H00036",1882.33
"H00037",1418
"H00038",1400
"H00039",1103.32
"H00040",1092.1
"H00041",1038.88
"H00042",1013.06
"H00043",802.91
"H00044",656.54
"H00045",296.97
"H00046",267.43
"H00047",249.1
"H00048",187.79
"H00049",59113.78
"H00050",3681.48
"H00051",2836.69
"H00052",2495.7
"H00053",2250
"H00054",1903.21
"H00055",1678.27
"H00056",1553.42
"H00057",1157.42
"H00058",1074.51
"H00059",935.26
"H00060",915.77
"H00061",877.24
"H00062",854.67
"H00063",785.25
"H00064",645.46
"H00065",580.67
"H00066",487.7
"H00067",479.37
"H00068",328.09
"H00069",275
"H00070",264.13
"H00071",55
"H00072",14833.3
"H00073",3909.14
"H00074",3876.6
"H00075",3845
"H00076",3106.54
"H00077",3025
"H00078",2750
"H00079",2612.74
"H00080",2057.77
"H00081",1861.25
"H00082",1773.92
"H00083",1500
"H00084",1259.89
"H00085",1250.85
"H00086",1146.25
"H00087",1030.83
"H00088",1008
"H00089",900
"H00090",825.2
"H00091",824.85
"H00092",672.2
"H00093",669.5
"H00094",664.34
"H00095",646.08
"H00096",641.15
"H00097",586.43
"H00098",581.64
"H00099",428.97
"H00100",408.39
"H00101",8594.93
"H00102",5664.35
"H00103",4494.59
"H00104",4330.29
"H00105",4235.53
"H00106",3953.84
"H00107",3841.66
"H00108",3584.5
"H00109",3121.37
"H00110",2730.03
"H00111",2700.03
"H00112",2434.85
"H00113",1812.46
"H00114",1683.52
"H00115",1665.51
"H00116",1414.2
"H00117",1250.4
"H00118",1145.95
"H00119",1015.02
"H00120",897.81
"H00121",865.9
"H00122",800.16
"H00123",711.34
"H00124",705
"H00125",670.34
"H00126",580
"H00127",540.07
"H00128",532.04
"H00129",528.32
"H00130",518.55
"H00131",470.77
"H00132",245.82
"H00133",239.37
"H00134",206.1
"H00135",78.34
"H00136",30
"H00137",6384
"H00138",4623.97
"H00139",4467.92
"H00140",3266.49
"H00141",2798.26
"H00142",2500
"H00143",2474.4
"H00144",2090.07
"H00145",2031.61
"H00146",1973.82
"H00147",1892.19
"H00148",1887.92
"H00149",1702.24
"H00150",1541.1
"H00151",1354.93
"H00152",1302.65
"H00153",1302.13
"H00154",1263.51
"H00155",1092.8
"H00156",1045
"H00157",1008.53
"H00158",879.3
"H00159",811.51
"H00160",701.52
"H00161",625.52
"H00162",557.18
"H00163",519.75
"H00164",499.59
"H00165",499.28
"H00166",484.03
"H00167",435
"H00168",402.32
"H00169",376
"H00170",365.26
"H00171",357
"H00172",351.38
"H00173",333.37
"H00174",329.16
"H00175",322.34
"H00176",318.07
"H00177",239.4
"H00178",196.1
"H00179",122.41
"H00180",71.19
"H00181",12234.82
"H00182",10829.25
"H00183",10630.81
"H00184",10524.64
"H00185",7238.13
"H00186",7186.92
"H00187",6854.02
"H00188",6710.3
"H00189",6130.31
"H00190",4338.29
"H00191",4277.12
"H00192",3783.74
"H00193",3735.9
"H00194",3610.27
"H00195",3549.95
"H00196",3425.62
"H00197",3376.9
"H00198",3206.76
"H00199",2788.24
"H00200",2764.49
"H00201",2724.04
"H00202",2334.58
"H00203",2300
"H00204",2269
"H00205",2249.45
"H00206",2169.88
"H00207",2015.32
"H00208",1929.81
"H00209",1924.69
"H00210",1638.49
"H00211",1209.52
"H00212",1200
"H00213",1134.63
"H00214",1061.8
"H00215",1056.18
"H00216",1006.41
"H00217",989.28
"H00218",970.31
"H00219",945.8
"H00220",899.13
"H00221",892.6
"H00222",865.12
"H00223",782.2
"H00224",774.68
"H00225",742.91
"H00226",683.57
"H00227",666.33
"H00228",649.74
"H00229",628.19
"H00230",503.78
"H00231",498.74
"H00232",444.39
"H00233",405.39
"H00234",382.33
"H00235",304.22
"H00236",274.8
"H00237",248.49
"H00238",195.3
"H00239",193.23
"H00240",187.72
"H00241",179.55
"H00242",135.67
"H00243",101.16
"H00244",86.43
"H00245",14639.15
"H00246",11010.46
"H00247",10174.4
"H00248",9475.74
"H00249",9437.95
"H00250",8124.98
"H00251",7833.52
"H00252",7610
"H00253",7326.67
"H00254",6986.85
"H00255",6746.98
"H00256",5301.72
"H00257",4831.97
"H00258",4476.68
"H00259",4076.88
"H00260",3740.21
"H00261",3596.5
"H00262",3043
"H00263",2606.03
"H00264",2589.5
"H00265",2528.13
"H00266",2501.97
"H00267",2322.72
"H00268",2133.62
"H00269",1944.45
"H00270",1879.54
"H00271",1522.65
"H00272",1491.69
"H00273",1485.52
"H00274",1472.05
"H00275",1314.4
"H00276",1223.3
"H00277",1106.86
"H00278",1032.14
"H00279",1015.62
"H00280",953.72
"H00281",937.96
"H00282",906.62
"H00283",836.78
"H00284",820.64
"H00285",774.87
"H00286",696.57
"H00287",687.56
"H00288",685.88
"H00289",581.7
"H00290",570.89
"H00291",548.94
"H00292",522.75
"H00293",517.97
"H00294",504.46
"H00295",491.4
"H00296",479
"H00297",462.17
"H00298",451.53
"H00299",426.19
"H00300",403.61
"H00301",398.95
"H00302",393
"H00303",368.32
"H00304",363.75
"H00305",359.44
"H00306",356.07
"H00307",343.25
"H00308",340.03
"H00309",339.51
"H00310",305.69
"H00311",288.3
"H00312",266.8
"H00313",224.6
"H00314",186.97
"H00315",143.7
"H00316",125
"H00317",12124.64
"H00318",11051.5
"H00319",11043.09
"H00320",8324.07
"H00321",7885.15
"H00322",7834.57
"H00323",7415.03
"H00324",6180.88
"H00325",4369.38
"H00326",3992.63
"H00327",3651.67
"H00328",3634.26
"H00329",3599.2
"H00330",3505.61
"H00331",3112.89
"H00332",3092.83
"H00333",2683.16
"H00334",2606
"H00335",2520
"H00336",2500
"H00337",2460.3
"H00338",2253.16
"H00339",2229.05
"H00340",2130.6
"H00341",2049
"H00342",1994.56
"H00343",1921.22
"H00344",1701.82
"H00345",1472.87
"H00346",1468.48
"H00347",1444.89
"H00348",1392.52
"H00349",1368.76
"H00350",1346.36
"H00351",1335.27
"H00352",1304.64
"H00353",1275
"H00354",1264.87
"H00355",1231.08
"H00356",1073.61
"H00357",1028.87
"H00358",997.05
"H00359",944.7
"H00360",910.68
"H00361",904.68
"H00362",872.18
"H00363",868.69
"H00364",801.39
"H00365",772.23
"H00366",764.1
"H00367",730.53
"H00368",714.55
"H00369",708.92
"H00370",701.82
"H00371",688.67
"H00372",685.59
"H00373",640.86
"H00374",596
"H00375",565.39
"H00376",557.57
"H00377",549.96
"H00378",515
"H00379",505
"H00380",495.48
"H00381",461.84
"H00382",456.56
"H00383",447.66
"H00384",362.63
"H00385",359.41
"H00386",358.47
"H00387",358.46
"H00388",354.29
"H00389",354.27
"H00390",332.84
"H00391",331.59
"H00392",322.41
"H00393",264.6
"H00394",262.81
"H00395",250
"H00396",244.11
"H00397",226.41
"H00398",119.98
"H00399",53.7
"H00400",9619.48
"H00401",9377.82
"H00402",7487.11
"H00403",7444.98
"H00404",6621.64
"H00405",6460.23
"H00406",6282.92
"H00407",5871.55
"H00408",5792.79
"H00409",5748.28
"H00410",5540.07
"H00411",5390.83
"H00412",4318.67
"H00413",4218.09
"H00414",4173.63
"H00415",4043.46
"H00416",3367.26
"H00417",3234.22
"H00418",3118.5
"H00419",3023
"H00420",2983.48
"H00421",2815.14
"H00422",2495.8
"H00423",2362.89
"H00424",2288
"H00425",2007.78
"H00426",1936.69
"H00427",1816.41
"H00428",1595.67
"H00429",1553.53
"H00430",1500
"H00431",1463.34
"H00432",1441.76
"H00433",1388.48
"H00434",1384.13
"H00435",1298.89
"H00436",1278.84
"H00437",1176.97
"H00438",1139.6
"H00439",1113.15
"H00440",1111.55
"H00441",1061.67
"H00442",1061.34
"H00443",1039.33
"H00444",1029
"H00445",1007.6
"H00446",1000
"H00447",958.34
"H00448",952.05
"H00449",921.93
"H00450",870.19
"H00451",821.81
"H00452",806.61
"H00453",761.19
"H00454",746.89
"H00455",733.99
"H00456",724.77
"H00457",713.42
"H00458",688.55
"H00459",688.3
"H00460",685.13
"H00461",644.87
"H00462",640.85
"H00463",638.2
"H00464",618.13
"H00465",595.65
"H00466",512.28
"H00467",507.31
"H00468",502.28
"H00469",489.86
"H00470",489.1
"H00471",485.66
"H00472",443.1
"H00473",420.14
"H00474",411.9
"H00475",293.75
"H00476",257.41
"H00477",248.86
"H00478",189.84
"H00479",188.61
"H00480",152.41
"H00481",150.01
"H00482",117.4
"H00483",68
"H00484",42.32
"H00485",12714.43
"H00486",10116.07
"H00487",9704.25
"H00488",8523.02
"H00489",7063.08
"H00490",5881.62
"H00491",4962.54
"H00492",4635
"H00493",4516.61
"H00494",4387.11
"H00495",4288.59
"H00496",4098.25
"H00497",3334.19
"H00498",3076.32
"H00499",2866.99
"H00500",2786.21
"H00501",2679.55
"H00502",2591.51
"H00503",2500
"H00504",2440.38
"H00505",2425
"H00506",2330
"H00507",2266
"H00508",2203.94
"H00509",2186.7
"H00510",2144.46
"H00511",1972.9
"H00512",1949.14
"H00513",1887.98
"H00514",1852.5
"H00515",1834.35
"H00516",1765.83
"H00517",1722.82
"H00518",1705
"H00519",1699.52
"H00520",1595.28
"H00521",1539.07
"H00522",1494.41
"H00523",1476.43
"H00524",1465.95
"H00525",1460.96
"H00526",1460.2
"H00527",1458.13
"H00528",1371.66
"H00529",1370.45
"H00530",1349.86
"H00531",1327.24
"H00532",1256.02
"H00533",1253.41
"H00534",1216.32
"H00535",1172.96
"H00536",1119.52
"H00537",1115.91
"H00538",1077.66
"H00539",1072.24
"H00540",1064.77
"H00541",1051.47
"H00542",1025.02
"H00543",1018.5
"H00544",990.07
"H00545",988.75
"H00546",987.73
"H00547",987
"H00548",966.85
"H00549",961.55
"H00550",924.61
"H00551",904.84
"H00552",887.04
"H00553",856.26
"H00554",853.88
"H00555",822.2
"H00556",782.44
"H00557",729.32
"H00558",706.22
"H00559",700
"H00560",699.49
"H00561",677.76
"H00562",646.17
"H00563",629.84
"H00564",604.75
"H00565",601.23
"H00566",596.32
"H00567",563.78
"H00568",563.58
"H00569",527.81
"H00570",500.37
"H00571",492.56
"H00572",477.96
"H00573",459
"H00574",414.34
"H00575",408.9
"H00576",407.66
"H00577",397.99
"H00578",397.51
"H00579",380
"H00580",377.36
"H00581",368.93
"H00582",356.25
"H00583",329.98
"H00584",319.67
"H00585",317.56
"H00586",309.39
"H00587",297.49
"H00588",294.84
"H00589",279.1
"H00590",244.4
"H00591",201.81
"H00592",200
"H00593",196
"H00594",176.07
"H00595",169.5
"H00596",161.43
"H00597",154.75
"H00598",146.11
"H00599",79.59
"H00600",28083.99
"H00601",15566.84
"H00602",13193.1
"H00603",9811.3
"H00604",8493.76
"H00605",6132.24
"H00606",5037.9
"H00607",4885.08
"H00608",3978.09
"H00609",3846.07
"H00610",3809.83
"H00611",3334.21
"H00612",3222.66
"H00613",2997.83
"H00614",2750
"H00615",2607.81
"H00616",2511.41
"H00617",2254.87
"H00618",2179.51
"H00619",2149.17
"H00620",1975
"H00621",1897.85
"H00622",1857.92
"H00623",1697.72
"H00624",1619.1
"H00625",1513.56
"H00626",1500.65
"H00627",1488.14
"H00628",1442.94
"H00629",1437.68
"H00630",1350.04
"H00631",1237.06
"H00632",1200
"H00633",1122.33
"H00634",1113.38
"H00635",1082.25
"H00636",1059.58
"H00637",1037.14
"H00638",1000.03
"H00639",957.72
"H00640",954.6
"H00641",953.15
"H00642",917.88
"H00643",903.93
"H00644",870.6
"H00645",860.34
"H00646",849.68
"H00647",846.97
"H00648",842.8
"H00649",818.55
"H00650",787.62
"H00651",783.6
"H00652",766.4
"H00653",743.42
"H00654",706.58
"H00655",703.76
"H00656",677.88
"H00657",673.76
"H00658",663.17
"H00659",640.4
"H00660",633.48
"H00661",619.06
"H00662",605.43
"H00663",600
"H00664",544.9
"H00665",497.35
"H00666",465.45
"H00667",454.65
"H00668",419.18
"H00669",408.73
"H00670",399.29
"H00671",371.6
"H00672",370.79
"H00673",366.19
"H00674",342.08
"H00675",312.58
"H00676",308.7
"H00677",298.62
"H00678",220
"H00679",220
"H00680",208.85
"H00681",206.05
"H00682",189.06
"H00683",175
"H00684",160.2
"H00685",133.75
"H00686",130.94
"H00687",105.5
"H00688",81.24
"H00689",75
"H00690",65.84
"H00691",35.45
"H00692",35
"H00693",25
"H00694",23015.61
"H00695",9526.8
"H00696",8323.31
"H00697",7085.35
"H00698",6857.5
"H00699",6751.49
"H00700",6419.37
"H00701",6291.84
"H00702",5999.42
"H00703",5601.33
"H00704",5502.07
"H00705",5262.48
"H00706",4921.14
"H00707",4904.64
"H00708",4096.58
"H00709",3749.91
"H00710",3708.88
"H00711",3471.25
"H00712",3334.65
"H00713",3126.33
"H00714",3009.29
"H00715",2458.07
"H00716",2425.62
"H00717",2360.95
"H00718",2360.87
"H00719",2173.7
"H00720",2011.26
"H00721",1954.97
"H00722",1937.14
"H00723",1764.25
"H00724",1755.95
"H00725",1724.86
"H00726",1690.5
"H00727",1614
"H00728",1515.02
"H00729",1445.35
"H00730",1443.65
"H00731",1433.45
"H00732",1404.12
"H00733",1288.76
"H00734",1279.43
"H00735",1271.81
"H00736",1250
"H00737",1176.91
"H00738",1170.56
"H00739",1160.63
"H00740",1113.92
"H00741",1098.37
"H00742",1051.93
"H00743",1048.32
"H00744",998.28
"H00745",987.19
"H00746",959.81
"H00747",928.81
"H00748",914.62
"H00749",897.41
"H00750",891.44
"H00751",853.46
"H00752",830.26
"H00753",821.48
"H00754",821
"H00755",818.79
"H00756",796.55
"H00757",779.25
"H00758",773.72
"H00759",705.2
"H00760",659
"H00761",658.98
"H00762",651.57
"H00763",646.79
"H00764",616.53
"H00765",603.09
"H00766",600.83
"H00767",586.25
"H00768",584.61
"H00769",557.96
"H00770",525
"H00771",485.9
"H00772",481
"H00773",466.8
"H00774",457.64
"H00775",450.11
"H00776",437.03
"H00777",417.04
"H00778",403.97
"H00779",399.9
"H00780",395.01
"H00781",371.63
"H00782",365.5
"H00783",363.93
"H00784",355
"H00785",319.48
"H00786",317.5
"H00787",302.45
"H00788",300
"H00789",299.63
"H00790",297.28
"H00791",295.27
"H00792",280.05
"H00793",275.43
"H00794",233.42
"H00795",218.48
"H00796",196.81
"H00797",146.56
"H00798",115.61
"H00799",100
"H00800",94.5
"H00801",50
"H00802",37.9
"H00803",21986.1
"H00804",15128.09
"H00805",14651.31
"H00806",13068.69
"H00807",10661.97
"H00808",6754.81
"H00809",6308.16
"H00810",5071.99
"H00811",4911.64
"H00812",4894.66
"H00813",4869.12
"H00814",4809.52
"H00815",4602.83
"H00816",4502.15
"H00817",4335.74
"H00818",4114.24
"H00819",4033.65
"H00820",3611.65
"H00821",3604.81
"H00822",3404.67
"H00823",3057.71
"H00824",3045.7
"H00825",2983.13
"H00826",2884.46
"H00827",2805.09
"H00828",2742.24
"H00829",2591.33
"H00830",2536.93
"H00831",2529.89
"H00832",2497.72
"H00833",2473.5
"H00834",2419.75
"H00835",2382.7
"H00836",2272.12
"H00837",2266.97
"H00838",2189.59
"H00839",2008.04
"H00840",1917.5
"H00841",1897.25
"H00842",1858.52
"H00843",1830.94
"H00844",1800.65
"H00845",1712.42
"H00846",1672.67
"H00847",1658.12
"H00848",1625.13
"H00849",1597.37
"H00850",1502.91
"H00851",1465.08
"H00852",1389.18
"H00853",1356.31
"H00854",1347.74
"H00855",1321.88
"H00856",1321.7
"H00857",1308
"H00858",1307.37
"H00859",1305
"H00860",1303.88
"H00861",1294.47
"H00862",1290.15
"H00863",1281.3
"H00864",1277.87
"H00865",1233.72
"H00866",1135
"H00867",1109.37
"H00868",1077.95
"H00869",1072.58
"H00870",1070.04
"H00871",1002.7
"H00872",981.86
"H00873",980.83
"H00874",958.41
"H00875",954.54
"H00876",929.82
"H00877",843.98
"H00878",817.62
"H00879",774.78
"H00880",766.39
"H00881",728.2
"H00882",712
"H00883",699.5
"H00884",695.16
"H00885",647.34
"H00886",640.23
"H00887",636.65
"H00888",634.48
"H00889",614.62
"H00890",603.23
"H00891",601.69
"H00892",549.12
"H00893",532.49
"H00894",523
"H00895",500
"H00896",485.1
"H00897",484.76
"H00898",477.84
"H00899",475
"H00900",475
"H00901",471.52
"H00902",463.96
"H00903",462.93
"H00904",460.22
"H00905",446.74
"H00906",439.89
"H00907",430.38
"H00908",429.28
"H00909",388.71
"H00910",357.29
"H00911",353.7
"H00912",353.51
"H00913",338.47
"H00914",327.13
"H00915",316.93
"H00916",276.67
"H00917",224.7
"H00918",169.67
"H00919",150.5
"H00920",120.32
"H00921",114.13
"H00922",112.78
"H00923",108.69
"H00924",85
"H00925",52.4
"H00926",50
"H00927",12698.8
"H00928",12151.86
"H00929",10036.66
"H00930",6250.84
"H00931",6031.2
"H00932",5941.02
"H00933",5273.85
"H00934",5186.82
"H00935",4875.39
"H00936",4474
"H00937",4451.39
"H00938",4164.34
"H00939",4126.23
"H00940",3998.3
"H00941",3968.51
"H00942",3895.6
"H00943",3591.6
"H00944",3549.9
"H00945",3538.43
"H00946",3392.58
"H00947",3342.06
"H00948",3103.18
"H00949",2783.42
"H00950",2512.6
"H00951",2412.71
"H00952",2277.98
"H00953",2264.59
"H00954",2262.76
"H00955",2180.01
"H00956",2083.86
"H00957",1988.29
"H00958",1979.14
"H00959",1879.51
"H00960",1873.96
"H00961",1792.54
"H00962",1745.82
"H00963",1654.87
"H00964",1607.6
"H00965",1543.36
"H00966",1536.05
"H00967",1475.44
"H00968",1436
"H00969",1424.44
"H00970",1403.26
"H00971",1395.58
"H00972",1342.83
"H00973",1285
"H00974",1278.57
"H00975",1238
"H00976",1208.67
"H00977",1206.5
"H00978",1180.56
"H00979",1130
"H00980",1081.71
"H00981",1074.87
"H00982",1033.84
"H00983",1013.81
"H00984",1013.34
"H00985",964.72
"H00986",950
"H00987",921.86
"H00988",886.31
"H00989",884
"H00990",877.43
"H00991",815.8
"H00992",797.07
"H00993",790.84
"H00994",782.38
"H00995",733
"H00996",692.12
"H00997",684.72
"H00998",671.59
"H00999",655
"H01000",638.17
"H01001",610
"H01002",601.29
"H01003",598.48
"H01004",560
"H01005",556.89
"H01006",543.62
"H01007",541.02
"H01008",522.31
"H01009",508.83
"H01010",498.9
"H01011",471.2
"H01012",464.58
"H01013",457.11
"H01014",446.94
"H01015",438.34
"H01016",435.98
"H01017",422.3
"H01018",420.31
"H01019",410.21
"H01020",394.82
"H01021",375
"H01022",361.37
"H01023",361.02
"H01024",350.95
"H01025",335.83
"H01026",298.36
"H01027",296.6
"H01028",280
"H01029",268.92
"H01030",264.6
"H01031",243.14
"H01032",202.04
"H01033",200
"H01034",171.7
"H01035",149.04
"H01036",134.04
"H01037",60
"H01038",40
"H01039",39.07
"H01040",26.42
"H01041",11624.51
"H01042",5778.48
"H01043",5107
"H01044",4537.4
"H01045",4314.82
"H01046",4156.17
"H01047",3907
"H01048",3759.64
"H01049",3758.66
"H01050",3685.6
"H01051",3680.74
"H01052",3633.92
"H01053",3454.22
"H01054",3203.35
"H01055",3184.84
"H01056",3138.2
"H01057",3094.47
"H01058",3060.69
"H01059",2879.38
"H01060",2773.29
"H01061",2329.88
"H01062",2227.87
"H01063",2171.93
"H01064",2137.81
"H01065",2112.41
"H01066",2095.09
"H01067",2084
"H01068",2017.45
"H01069",2000
"H01070",1915.77
"H01071",1836.79
"H01072",1759.52
"H01073",1727.85
"H01074",1700
"H01075",1644.11
"H01076",1606.83
"H01077",1550
"H01078",1539.82
"H01079",1470.35
"H01080",1447.24
"H01081",1367.93
"H01082",1354.81
"H01083",1344.7
"H01084",1321.42
"H01085",1271.55
"H01086",1252.25
"H01087",1250.04
"H01088",1232.67
"H01089",1229.01
"H01090",1194.26
"H01091",1160.56
"H01092",1145.85
"H01093",1145.34
"H01094",1138.5
"H01095",1093.31
"H01096",1063.48
"H01097",1048.43
"H01098",1046.07
"H01099",1040
"H01100",1011.24
"H01101",1010.94
"H01102",910.38
"H01103",897.27
"H01104",885.34
"H01105",862.83
"H01106",836.97
"H01107",809.6
"H01108",802.51
"H01109",781.14
"H01110",768.02
"H01111",759.55
"H01112",750
"H01113",744.2
"H01114",714.16
"H01115",713.52
"H01116",700
"H01117",698.14
"H01118",686.13
"H01119",675
"H01120",657.75
"H01121",652.98
"H01122",644.49
"H01123",617.89
"H01124",604.45
"H01125",593.94
"H01126",585.79
"H01127",575.36
"H01128",569.33
"H01129",562.88
"H01130",562.32
"H01131",562.32
"H01132",555.34
"H01133",542.39
"H01134",533.11
"H01135",528.09
"H01136",497.62
"H01137",477
"H01138",459.1
"H01139",443.92
"H01140",438.42
"H01141",435.5
"H01142",426.21
"H01143",424.13
"H01144",387.3
"H01145",380.14
"H01146",375.85
"H01147",369.68
"H01148",366.8
"H01149",365.9
"H01150",365
"H01151",337.3
"H01152",335.92
"H01153",317.2
"H01154",279.52
"H01155",265.25
"H01156",253.75
"H01157",250
"H01158",242.1
"H01159",242.04
"H01160",223.77
"H01161",184.39
"H01162",176.57
"H01163",148.65
"H01164",142.29
"H01165",136.49
"H01166",127.32
"H01167",98.5
"H01168",9270.85
"H01169",6317.26
"H01170",5700.37
"H01171",5340.71
"H01172",4880.68
"H01173",4408.88
"H01174",4222.4
"H01175",4184.46
"H01176",4082.49
"H01177",4061.29
"H01178",3877.24
"H01179",3748.89
"H01180",3744.25
"H01181",3502.5
"H01182",3144.21
"H01183",3099.64
"H01184",2973.95
"H01185",2950.93
"H01186",2936.81
"H01187",2922.24
"H01188",2808.92
"H01189",2631.23
"H01190",2612.16
"H01191",2589.13
"H01192",2532.61
"H01193",2450.64
"H01194",2310.7
"H01195",2294.04
"H01196",2200
"H01197",2172
"H01198",2154.02
"H01199",2126.38
"H01200",2049.36
"H01201",1941
"H01202",1846.1
"H01203",1807.01
"H01204",1688.78
"H01205",1661.77
"H01206",1655.12
"H01207",1622.86
"H01208",1531.05
"H01209",1530.85
"H01210",1503.97
"H01211",1491.06
"H01212",1439.9
"H01213",1421.18
"H01214",1298.34
"H01215",1270.9
"H01216",1253.3
"H01217",1225.7
"H01218",1201.93
"H01219",1196.69
"H01220",1178.9
"H01221",1155.36
"H01222",1132.08
"H01223",1126.5
"H01224",1118.91
"H01225",1053.29
"H01226",1042.1
"H01227",994.41
"H01228",980.44
"H01229",918.29
"H01230",911.34
"H01231",905.62
"H01232",887.51
"H01233",876.39
"H01234",871.18
"H01235",843.91
"H01236",818.01
"H01237",815
"H01238",762.72
"H01239",755.9
"H01240",749.64
"H01241",741.49
"H01242",735.27
"H01243",726.19
"H01244",725.71
"H01245",722.02
"H01246",716.96
"H01247",714.05
"H01248",710.94
"H01249",708.22
"H01250",694.8
"H01251",684.29
"H01252",672.53
"H01253",648.06
"H01254",648.06
"H01255",628.74
"H01256",625.1
"H01257",615.44
"H01258",601.29
"H01259",593.46
"H01260",581.34
"H01261",575.93
"H01262",554.27
"H01263",552.07
"H01264",550.2
"H01265",538.08
"H01266",529.18
"H01267",516.81
"H01268",513.42
"H01269",481.31
"H01270",476.64
"H01271",475.84
"H01272",449.24
"H01273",436.66
"H01274",393.64
"H01275",383.88
"H01276",365.23
"H01277",364.53
"H01278",355.59
"H01279",329.17
"H01280",328.79
"H01281",320.41
"H01282",312.7
"H01283",305.85
"H01284",302.54
"H01285",300
"H01286",278.6
"H01287",278.55
"H01288",256.32
"H01289",250.35
"H01290",248.68
"H01291",244.7
"H01292",243.44
"H01293",240.9
"H01294",236.2
"H01295",235.92
"H01296",222.53
"H01297",216.14
"H01298",200.39
"H01299",192.87
"H01300",152.71
"H01301",131
"H01302",84.08
"H01303",49.95
"H01304",28.46
"H01305",15096.47
"H01306",13058.85
"H01307",9366.59
"H01308",7777.69
"H01309",6950.54
"H01310",6297.15
"H01311",6233.63
"H01312",6129.28
"H01313",5844.67
"H01314",5816.51
"H01315",5519.14
"H01316",5203.42
"H01317",5169.76
"H01318",5145.57
"H01319",4578.06
"H01320",4489.12
"H01321",4317.72
"H01322",4316.14
"H01323",4063.07
"H01324",4023.74
"H01325",3990
"H01326",3959.08
"H01327",3274.13
"H01328",2930
"H01329",2805.41
"H01330",2779.44
"H01331",2437.85
"H01332",2380.84
"H01333",2353.86
"H01334",2342.02
"H01335",2257.08
"H01336",2224.66
"H01337",2143.11
"H01338",2112.46
"H01339",2103.54
"H01340",2100
"H01341",2069.15
"H01342",2000
"H01343",1904.4
"H01344",1901.28
"H01345",1806.66
"H01346",1723.11
"H01347",1694.26
"H01348",1689.06
"H01349",1599.08
"H01350",1537.38
"H01351",1536.55
"H01352",1505
"H01353",1500
"H01354",1448.67
"H01355",1386.41
"H01356",1371.85
"H01357",1276.36
"H01358",1270.17
"H01359",1264.44
"H01360",1249.17
"H01361",1235.67
"H01362",1224.79
"H01363",1203.81
"H01364",1187.42
"H01365",1173.79
"H01366",1168.37
"H01367",1113.74
"H01368",1103.23
"H01369",1100
"H01370",1043.4
"H01371",1035.13
"H01372",1027.16
"H01373",1021.64
"H01374",1011.23
"H01375",993.59
"H01376",913.58
"H01377",907.45
"H01378",904.5
"H01379",903
"H01380",900
"H01381",864.04
"H01382",820.03
"H01383",805.37
"H01384",796.37
"H01385",787.03
"H01386",773.42
"H01387",756.68
"H01388",756.47
"H01389",754.95
"H01390",737.92
"H01391",730.41
"H01392",723.51
"H01393",704.92
"H01394",700
"H01395",667.91
"H01396",644.9
"H01397",605.8
"H01398",600
"H01399",596.1
"H01400",590.58
"H01401",583.76
"H01402",580.32
"H01403",579.63
"H01404",569.38
"H01405",559.85
"H01406",544.85
"H01407",534.47
"H01408",520.43
"H01409",500
"H01410",495
"H01411",474.16
"H01412",449.12
"H01413",426.54
"H01414",416.3
"H01415",406.35
"H01416",392
"H01417",376.46
"H01418",321.06
"H01419",282.03
"H01420",275.94
"H01421",265.08
"H01422",253.55
"H01423",248.3
"H01424",229.13
"H01425",211.87
"H01426",206.03
"H01427",196.09
"H01428",192.03
"H01429",170.97
"H01430",165.31
"H01431",91.27
"H01432",71.86
"H01433",50
"H01434",12261.67
"H01435",8867.37
"H01436",8787.5
"H01437",7205.79
"H01438",6441.62
"H01439",6013.74
"H01440",5819.71
"H01441",4903.68
"H01442",4804.22
"H01443",4791.88
"H01444",4634.09
"H01445",4587.39
"H01446",4229.61
"H01447",4147.09
"H01448",3887.19
"H01449",3700
"H01450",3394.17
"H01451",3179.28
"H01452",3171.66
"H01453",3000
"H01454",2893.53
"H01455",2690.8
"H01456",2631.19
"H01457",2627.61
"H01458",2593
"H01459",2503.09
"H01460",2477.47
"H01461",2403.63
"H01462",2393.73
"H01463",2391.88
"H01464",2366.44
"H01465",2282.76
"H01466",2270.25
"H01467",2249.34
"H01468",2163
"H01469",2143.02
"H01470",2040
"H01471",2026.3
"H01472",2014.6
"H01473",1916.21
"H01474",1911.22
"H01475",1901.01
"H01476",1896.72
"H01477",1773.94
"H01478",1683.05
"H01479",1673.91
"H01480",1622.95
"H01481",1591.4
"H01482",1525.52
"H01483",1477.61
"H01484",1451.83
"H01485",1411.83
"H01486",1405.19
"H01487",1396.28
"H01488",1382.61
"H01489",1327.69
"H01490",1308.73
"H01491",1211.21
"H01492",1209.08
"H01493",1170
"H01494",1133.56
"H01495",1120.14
"H01496",1108.5
"H01497",1105.04
"H01498",1100.76
"H01499",1095.92
"H01500",1083.25
"H01501",1077.67
"H01502",1036.74
"H01503",1035.58
"H01504",986.12
"H01505",984.11
"H01506",978.43
"H01507",972.45
"H01508",961.89
"H01509",932.41
"H01510",904.23
"H01511",893.56
"H01512",893.03
"H01513",855.15
"H01514",843.69
"H01515",841.85
"H01516",838.57
"H01517",828.13
"H01518",821.63
"H01519",774.64
"H01520",773.68
"H01521",771.51
"H01522",754.31
"H01523",745.61
"H01524",740.38
"H01525",736.7
"H01526",726.69
"H01527",724.77
"H01528",709.59
"H01529",706.2
"H01530",694.91
"H01531",693.13
"H01532",672.78
"H01533",661.55
"H01534",651.27
"H01535",621.56
"H01536",586.14
"H01537",584.83
"H01538",579.85
"H01539",564.93
"H01540",564.05
"H01541",551.78
"H01542",549.77
"H01543",540
"H01544",539.08
"H01545",537.65
"H01546",522.94
"H01547",516.06
"H01548",505.2
"H01549",503.49
"H01550",500
"H01551",497.85
"H01552",495.81
"H01553",492.69
"H01554",491.63
"H01555",485.84
"H01556",480
"H01557",471.9
"H01558",471.19
"H01559",468.2
"H01560",446.71
"H01561",441.8
"H01562",419.15
"H01563",403.3
"H01564",398.99
"H01565",398.1
"H01566",384.97
"H01567",378.57
"H01568",375
"H01569",365.89
"H01570",359.83
"H01571",358.7
"H01572",348.09
"H01573",346.63
"H01574",343.15
"H01575",339.72
"H01576",337.78
"H01577",336.83
"H01578",294.83
"H01579",284.54
"H01580",228
"H01581",221.3
"H01582",196.14
"H01583",177.6
"H01584",177.42
"H01585",168.53
"H01586",152.12
"H01587",149.85
"H01588",146.25
"H01589",139.79
"H01590",131.76
"H01591",73.54
"H01592",50
"H01593",41.12
"H01594",22.79
"H01595",33137.5
"H01596",16161.53
"H01597",15031.42
"H01598",11511.81
"H01599",9960.93
"H01600",7293.43
"H01601",7017.57
"H01602",6613.76
"H01603",6466.1
"H01604",6283.59
"H01605",6258.64
"H01606",5794.99
"H01607",4750
"H01608",4710.29
"H01609",4551.51
"H01610",4188.37
"H01611",4184.44
"H01612",4006.3
"H01613",3816.26
"H01614",3754.51
"H01615",3495.14
"H01616",3324.48
"H01617",3140.66
"H01618",3090.25
"H01619",3065
"H01620",3029.44
"H01621",3000
"H01622",2840.67
"H01623",2542.46
"H01624",2541.47
"H01625",2525.65
"H01626",2504.55
"H01627",2313.75
"H01628",2276.74
"H01629",2176.36
"H01630",2137.4
"H01631",2110.88
"H01632",2106.46
"H01633",2093.36
"H01634",2050.74
"H01635",1983.49
"H01636",1971.75
"H01637",1956
"H01638",1914.81
"H01639",1870.58
"H01640",1789.15
"H01641",1747.35
"H01642",1725.53
"H01643",1717.59
"H01644",1692.18
"H01645",1655.51
"H01646",1650
"H01647",1622.73
"H01648",1599.63
"H01649",1559.85
"H01650",1552.65
"H01651",1550
"H01652",1533.34
"H01653",1521.74
"H01654",1518.12
"H01655",1516.48
"H01656",1497.35
"H01657",1396.66
"H01658",1379.9
"H01659",1366.86
"H01660",1365.8
"H01661",1311.22
"H01662",1310.25
"H01663",1188.97
"H01664",1188.74
"H01665",1185.87
"H01666",1159.03
"H01667",1117.01
"H01668",1116.25
"H01669",1115.89
"H01670",1110.83
"H01671",1098.29
"H01672",1094.48
"H01673",1093.93
"H01674",1088.73
"H01675",1074.35
"H01676",1045.19
"H01677",1043.75
"H01678",1016.43
"H01679",1013.28
"H01680",939.24
"H01681",860.67
"H01682",858.41
"H01683",856.43
"H01684",848.87
"H01685",831.8
"H01686",828.41
"H01687",796.8
"H01688",770.73
"H01689",764.62
"H01690",759.57
"H01691",746.6
"H01692",730
"H01693",726.13
"H01694",705.76
"H01695",698.2
"H01696",668.74
"H01697",659.07
"H01698",653.18
"H01699",636.15
"H01700",613.65
"H01701",610.16
"H01702",591.15
"H01703",588.19
"H01704",582.62
"H01705",551.4
"H01706",544.11
"H01707",540.38
"H01708",527.11
"H01709",524.69
"H01710",500
"H01711",477.8
"H01712",471.35
"H01713",470.84
"H01714",439.45
"H01715",419.92
"H01716",417.97
"H01717",404
"H01718",394.48
"H01719",393.5
"H01720",386.35
"H01721",379.28
"H01722",378.67
"H01723",368.45
"H01724",362.46
"H01725",360.83
"H01726",332.72
"H01727",331.57
"H01728",312.7
"H01729",309.67
"H01730",292.44
"H01731",267.68
"H01732",265.23
"H01733",264.91
"H01734",261.64
"H01735",260.56
"H01736",248.69
"H01737",243.38
"H01738",235.51
"H01739",225.16
"H01740",224.66
"H01741",221.7
"H01742",221.04
"H01743",217.44
"H01744",217.21
"H01745",210
"H01746",195
"H01747",189.57
"H01748",187.73
"H01749",171.35
"H01750",162.59
"H01751",150.95
"H01752",137.1
"H01753",123.92
"H01754",120.76
"H01755",111.3
"H01756",103.75
"H01757",98.22
"H01758",96.45
"H01759",75
"H01760",51.37
"H01761",50
"H01762",50
"H01763",22.55
"H01764",20.93
"H01765",15
"H01766",13303.17
"H01767",11511.72
"H01768",8034.83
"H01769",7751.01
"H01770",7135.59
"H01771",6768.71
"H01772",6593.17
"H01773",6463.21
"H01774",6267.53
"H01775",6210.66
"H01776",6090.02
"H01777",5812.6
"H01778",5344.67
"H01779",5175.2
"H01780",4924.74
"H01781",4635.37
"H01782",4543.95
"H01783",3872.81
"H01784",3806.45
"H01785",3510.27
"H01786",3387.75
"H01787",3103.56
"H01788",2978.34
"H01789",2968.49
"H01790",2960.83
"H01791",2909.74
"H01792",2718.87
"H01793",2570.92
"H01794",2489.27
"H01795",2436.6
"H01796",2390
"H01797",2299.2
"H01798",2274.7
"H01799",2194.43
"H01800",2152.38
"H01801",2097.21
"H01802",1945.2
"H01803",1881.4
"H01804",1837.28
"H01805",1824.53
"H01806",1812.15
"H01807",1765.57
"H01808",1727.33
"H01809",1700.22
"H01810",1676.39
"H01811",1676
"H01812",1655.87
"H01813",1643.5
"H01814",1627
"H01815",1618.47
"H01816",1578.3
"H01817",1505.43
"H01818",1484.96
"H01819",1424.51
"H01820",1379.86
"H01821",1364.79
"H01822",1362.3
"H01823",1353.43
"H01824",1331.73
"H01825",1308.64
"H01826",1288.68
"H01827",1265.9
"H01828",1238.87
"H01829",1235.07
"H01830",1217.1
"H01831",1215.4
"H01832",1206.44
"H01833",1172.96
"H01834",1153.12
"H01835",1140.02
"H01836",1114.88
"H01837",1097.59
"H01838",1097.41
"H01839",1069.46
"H01840",1031.69
"H01841",1016
"H01842",1015
"H01843",1002.85
"H01844",989.53
"H01845",923.79
"H01846",913.17
"H01847",910.01
"H01848",900
"H01849",869.93
"H01850",861.79
"H01851",857.4
"H01852",856.81
"H01853",841.73
"H01854",812.98
"H01855",797.42
"H01856",787.22
"H01857",784.39
"H01858",769.13
"H01859",766.9
"H01860",763.66
"H01861",759.15
"H01862",757.19
"H01863",756.38
"H01864",750
"H01865",738.51
"H01866",731.03
"H01867",730.59
"H01868",700
"H01869",696.83
"H01870",693.96
"H01871",681.14
"H01872",680.01
"H01873",679.2
"H01874",678.49
"H01875",673.93
"H01876",636.7
"H01877",629.68
"H01878",623.89
"H01879",597.06
"H01880",593.14
"H01881",579.38
"H01882",579.18
"H01883",576.57
"H01884",564.6
"H01885",562.05
"H01886",555.61
"H01887",544.14
"H01888",543.54
"H01889",541.67
"H01890",527.34
"H01891",525.23
"H01892",525.14
"H01893",516.87
"H01894",500
"H01895",499.91
"H01896",497.22
"H01897",465.04
"H01898",451.31
"H01899",445.92
"H01900",439.08
"H01901",394
"H01902",364.63
"H01903",342.24
"H01904",335.58
"H01905",332.06
"H01906",331.96
"H01907",315.53
"H01908",315
"H01909",309.53
"H01910",308.96
"H01911",298.19
"H01912",296.64
"H01913",296.61
"H01914",280.36
"H01915",276.41
"H01916",271.36
"H01917",221.76
"H01918",220.76
"H01919",216.67
"H01920",151.75
"H01921",111.99
"H01922",87
"H01923",10
"H01924",21404.96
"H01925",19348.67
"H01926",17381.23
"H01927",14958.11
"H01928",13835.56
"H01929",10527.4
"H01930",8899.39
"H01931",8785.14
"H01932",7851.75
"H01933",7751.55
"H01934",7240.46
"H01935",6686.93
"H01936",5711.53
"H01937",5705.38
"H01938",4784.73
"H01939",4140.34
"H01940",3804.44
"H01941",3760.07
"H01942",3649.93
"H01943",3100.86
"H01944",3000
"H01945",2839.35
"H01946",2819.38
"H01947",2757.83
"H01948",2664.91
"H01949",2604.35
"H01950",2565.84
"H01951",2498.83
"H01952",2498.36
"H01953",2390.4
"H01954",2261.71
"H01955",2221.87
"H01956",2139.9
"H01957",2098.31
"H01958",2000
"H01959",1908.4
"H01960",1815.31
"H01961",1708.23
"H01962",1642.47
"H01963",1639.82
"H01964",1600
"H01965",1588.1
"H01966",1556.03
"H01967",1505.2
"H01968",1500.48
"H01969",1470.11
"H01970",1460.86
"H01971",1428
"H01972",1412
"H01973",1400.07
"H01974",1397.89
"H01975",1388.57
"H01976",1363.23
"H01977",1347.91
"H01978",1308.68
"H01979",1292.04
"H01980",1273.97
"H01981",1232.48
"H01982",1200
"H01983",1132.41
"H01984",1124.34
"H01985",1113.37
"H01986",1100
"H01987",1078.04
"H01988",1007.6
"H01989",998.93
"H01990",998.69
"H01991",993.19
"H01992",986.4
"H01993",975.5
"H01994",972.95
"H01995",964.22
"H01996",948.7
"H01997",931.33
"H01998",905.03
"H01999",898.55
"H02000",843.56
"H02001",841.13
"H02002",834.82
"H02003",822.1
"H02004",812.89
"H02005",798.43
"H02006",784.78
"H02007",762.22
"H02008",761.22
"H02009",754.56
"H02010",733.64
"H02011",724.08
"H02012",710.2
"H02013",707.61
"H02014",707.4
"H02015",685.71
"H02016",683.06
"H02017",675.47
"H02018",674.7
"H02019",667
"H02020",646.16
"H02021",622.53
"H02022",620.8
"H02023",611.58
"H02024",610.66
"H02025",608.88
"H02026",604.95
"H02027",600.59
"H02028",587.51
"H02029",580.48
"H02030",569.8
"H02031",532.14
"H02032",498.42
"H02033",494.21
"H02034",490.25
"H02035",489.73
"H02036",479.66
"H02037",472.72
"H02038",465.5
"H02039",460.22
"H02040",457.31
"H02041",446.57
"H02042",426.3
"H02043",425.76
"H02044",396.76
"H02045",376.06
"H02046",369.59
"H02047",354.86
"H02048",329.91
"H02049",316.5
"H02050",295.69
"H02051",280.45
"H02052",272.83
"H02053",272.01
"H02054",268.6
"H02055",258.5
"H02056",254.2
"H02057",252
"H02058",246.96
"H02059",237.39
"H02060",191.09
"H02061",172.95
"H02062",170.46
"H02063",149.63
"H02064",111.56
"H02065",64
"H02066",53.98
"H02067",50
"H02068",60000
"H02069",17240.81
"H02070",15210.32
"H02071",11392.59
"H02072",9872.23
"H02073",9756.78
"H02074",8866.14
"H02075",7523.88
"H02076",5638.67
"H02077",4643.8
"H02078",4619
"H02079",4592.5
"H02080",4586
"H02081",4161.48
"H02082",4016.56
"H02083",4000
"H02084",3864.06
"H02085",3741.14
"H02086",3725.26
"H02087",3523.9
"H02088",3500
"H02089",3437.17
"H02090",3401.33
"H02091",3123.61
"H02092",3064.5
"H02093",3007.96
"H02094",2963.39
"H02095",2848.08
"H02096",2773.08
"H02097",2533
"H02098",2431.79
"H02099",2378.85
"H02100",2235.69
"H02101",2202.5
"H02102",2192.98
"H02103",2182.08
"H02104",2143.83
"H02105",2066.24
"H02106",2061.95
"H02107",2025
"H02108",2003.4
"H02109",1888.25
"H02110",1863.54
"H02111",1856.45
"H02112",1821.66
"H02113",1752.16
"H02114",1731
"H02115",1709.08
"H02116",1686.2
"H02117",1650
"H02118",1648.41
"H02119",1613.75
"H02120",1601.01
"H02121",1599.07
"H02122",1592.26
"H02123",1552.37
"H02124",1548
"H02125",1543.88
"H02126",1502.55
"H02127",1441.86
"H02128",1430.52
"H02129",1428.87
"H02130",1424.07
"H02131",1381.16
"H02132",1376.59
"H02133",1346.31
"H02134",1342.04
"H02135",1336.26
"H02136",1251.4
"H02137",1248.01
"H02138",1194.82
"H02139",1160.5
"H02140",1136.97
"H02141",1117.99
"H02142",1117.82
"H02143",1112.54
"H02144",1085
"H02145",1079.39
"H02146",1065.7
"H02147",1058.27
"H02148",1047.49
"H02149",1036.1
"H02150",990.86
"H02151",958.45
"H02152",950.61
"H02153",947.71
"H02154",945.56
"H02155",945.39
"H02156",943.31
"H02157",935.17
"H02158",902.1
"H02159",900
"H02160",883.75
"H02161",880.82
"H02162",880.2
"H02163",875.28
"H02164",871.16
"H02165",863.43
"H02166",858.42
"H02167",851.49
"H02168",835.05
"H02169",800
"H02170",787.04
"H02171",783.53
"H02172",742.15
"H02173",731.35
"H02174",728.53
"H02175",713.55
"H02176",701.89
"H02177",698.49
"H02178",695.53
"H02179",690.92
"H02180",689.11
"H02181",685
"H02182",675
"H02183",673.51
"H02184",672.31
"H02185",663.91
"H02186",656.93
"H02187",654.75
"H02188",651.09
"H02189",645.8
"H02190",642.82
"H02191",633.79
"H02192",626.38
"H02193",624.26
"H02194",623.89
"H02195",617.4
"H02196",609.74
"H02197",606.36
"H02198",596.99
"H02199",585.36
"H02200",573.4
"H02201",559
"H02202",552.16
"H02203",548.6
"H02204",535
"H02205",514.71
"H02206",498.42
"H02207",498.11
"H02208",488.23
"H02209",488.16
"H02210",484.1
"H02211",460.33
"H02212",458
"H02213",443.95
"H02214",440.86
"H02215",439.54
"H02216",431.98
"H02217",400
"H02218",400
"H02219",399.75
"H02220",394.49
"H02221",390
"H02222",376.14
"H02223",332.52
"H02224",321.6
"H02225",299.25
"H02226",297.41
"H02227",288.96
"H02228",280.9
"H02229",264.7
"H02230",253.59
"H02231",249.87
"H02232",245.93
"H02233",237.37
"H02234",234.2
"H02235",223.23
"H02236",209.83
"H02237",172.06
"H02238",164.7
"H02239",161.2
"H02240",138.86
"H02241",128
"H02242",104.95
"H02243",101.25
"H02244",100
"H02245",85.5
"H02246",75
"H02247",68.74
"H02248",30
"H02249",24624.44
"H02250",14104
"H02251",9562.71
"H02252",9234.78
"H02253",8381.6
"H02254",8123.33
"H02255",7389.16
"H02256",6410.64
"H02257",6386.3
"H02258",6090.75
"H02259",5905.64
"H02260",5382.57
"H02261",5311.27
"H02262",5158.65
"H02263",5035.93
"H02264",5004.55
"H02265",4689.9
"H02266",4625.47
"H02267",4523.97
"H02268",4518.7
"H02269",4387.4
"H02270",4243.57
"H02271",3637.01
"H02272",3594.7
"H02273",3354.04
"H02274",3254.87
"H02275",3250
"H02276",2935.61
"H02277",2882.67
"H02278",2786.41
"H02279",2524.92
"H02280",2370.82
"H02281",2364.45
"H02282",2364.24
"H02283",2354.21
"H02284",2350
"H02285",2343
"H02286",2226.66
"H02287",2144
"H02288",2119.74
"H02289",2044.59
"H02290",2017.19
"H02291",1963.85
"H02292",1846.01
"H02293",1843.84
"H02294",1843.41
"H02295",1815.95
"H02296",1815.83
"H02297",1784.47
"H02298",1707.92
"H02299",1695.67
"H02300",1694.59
"H02301",1692.96
"H02302",1644.78
"H02303",1589.7
"H02304",1589.45
"H02305",1560.42
"H02306",1501.05
"H02307",1402.18
"H02308",1379.16
"H02309",1369.74
"H02310",1301.51
"H02311",1246.51
"H02312",1237.83
"H02313",1172.82
"H02314",1165.76
"H02315",1152.17
"H02316",1150.87
"H02317",1144.04
"H02318",1060.6
"H02319",1054.03
"H02320",1050
"H02321",1048.69
"H02322",1046.32
"H02323",1000
"H02324",1000
"H02325",983.48
"H02326",968.31
"H02327",961.54
"H02328",946.38
"H02329",924.7
"H02330",918.99
"H02331",914.26
"H02332",897.96
"H02333",874.67
"H02334",866.26
"H02335",847.65
"H02336",846.39
"H02337",834.83
"H02338",825.66
"H02339",817.5
"H02340",797.92
"H02341",797.06
"H02342",774.88
"H02343",764.19
"H02344",749.38
"H02345",748.45
"H02346",692.37
"H02347",682.85
"H02348",677.66
"H02349",676
"H02350",670.27
"H02351",658.28
"H02352",647.18
"H02353",604.95
"H02354",585.34
"H02355",568.02
"H02356",565.02
"H02357",559.98
"H02358",550
"H02359",539.26
"H02360",529.28
"H02361",518.95
"H02362",513.66
"H02363",499.18
"H02364",491.87
"H02365",471.03
"H02366",464.51
"H02367",456.87
"H02368",440.87
"H02369",437.38
"H02370",436.87
"H02371",401.05
"H02372",398.2
"H02373",388.03
"H02374",386.96
"H02375",386.12
"H02376",377.54
"H02377",374.71
"H02378",357.94
"H02379",356.9
"H02380",356.06
"H02381",348.75
"H02382",344.66
"H02383",340.34
"H02384",326.4
"H02385",321.73
"H02386",320.56
"H02387",320.27
"H02388",316
"H02389",310.17
"H02390",309.77
"H02391",303
"H02392",300
"H02393",298.52
"H02394",262.08
"H02395",200
"H02396",198.98
"H02397",174.71
"H02398",148.39
"H02399",135
"H02400",128.18
"H02401",127.09
"H02402",70.98
"H02403",49.95
"H02404",47.52
"H02405",23231.54
"H02406",11458.07
"H02407",9112.54
"H02408",8969.76
"H02409",8300.31
"H02410",7827.74
"H02411",6594.66
"H02412",6261.92
"H02413",5861.5
"H02414",5624.94
"H02415",5381.14
"H02416",4808.51
"H02417",4532.02
"H02418",4495.48
"H02419",4263.99
"H02420",4229
"H02421",3887.76
"H02422",3864.39
"H02423",3697.38
"H02424",3656.77
"H02425",3404.82
"H02426",3348.34
"H02427",3140.79
"H02428",3008.21
"H02429",2945.63
"H02430",2928.92
"H02431",2688.04
"H02432",2547.5
"H02433",2545.12
"H02434",2496.15
"H02435",2407.52
"H02436",2300.04
"H02437",2276.5
"H02438",2200.63
"H02439",2194.65
"H02440",2180.31
"H02441",2170.84
"H02442",2129.17
"H02443",2106.39
"H02444",2102.34
"H02445",2096.64
"H02446",2064.12
"H02447",2062.48
"H02448",2017.28
"H02449",1977.88
"H02450",1918.8
"H02451",1845.23
"H02452",1761.6
"H02453",1761.25
"H02454",1730.61
"H02455",1695.14
"H02456",1678.17
"H02457",1651.86
"H02458",1646.25
"H02459",1638.31
"H02460",1609.5
"H02461",1482.45
"H02462",1480.93
"H02463",1475.42
"H02464",1455.9
"H02465",1454.96
"H02466",1441.56
"H02467",1432.32
"H02468",1404.71
"H02469",1355.5
"H02470",1348.93
"H02471",1288
"H02472",1253.03
"H02473",1238.2
"H02474",1216.8
"H02475",1211.25
"H02476",1189.96
"H02477",1164.3
"H02478",1113.94
"H02479",1112.19
"H02480",1090.41
"H02481",1075.68
"H02482",1040.42
"H02483",979.54
"H02484",940.28
"H02485",925.47
"H02486",925
"H02487",905.7
"H02488",886.45
"H02489",882.54
"H02490",875.6
"H02491",862.02
"H02492",852.22
"H02493",850
"H02494",850
"H02495",817.63
"H02496",808.2
"H02497",802.74
"H02498",740.68
"H02499",735.66
"H02500",700
"H02501",700
"H02502",691.53
"H02503",666.6
"H02504",665.5
"H02505",665.46
"H02506",648.98
"H02507",645.37
"H02508",639.49
"H02509",637.65
"H02510",613.75
"H02511",604.33
"H02512",600.11
"H02513",589.01
"H02514",578.69
"H02515",572.44
"H02516",571.84
"H02517",538.34
"H02518",536.96
"H02519",524
"H02520",515.3
"H02521",498.48
"H02522",486.28
"H02523",481.38
"H02524",479.01
"H02525",477.16
"H02526",475.16
"H02527",470
"H02528",463.58
"H02529",455.7
"H02530",443.19
"H02531",442.33
"H02532",442.09
"H02533",420.68
"H02534",417.18
"H02535",414.95
"H02536",412.47
"H02537",399.13
"H02538",385.2
"H02539",383.73
"H02540",369.02
"H02541",367
"H02542",351.35
"H02543",348.75
"H02544",346.79
"H02545",323
"H02546",322.5
"H02547",318.04
"H02548",313.48
"H02549",296.48
"H02550",292.39
"H02551",283.61
"H02552",253.12
"H02553",251.09
"H02554",244.23
"H02555",238.23
"H02556",221.75
"H02557",182.48
"H02558",181.35
"H02559",156.05
"H02560",151.92
"H02561",132
"H02562",100
"H02563",37.68
"H02564",32
"H02565",14753.58
"H02566",12420.05
"H02567",11545.27
"H02568",11288.76
"H02569",10175.27
"H02570",8544.82
"H02571",7910.74
"H02572",7362.9
"H02573",7113.71
"H02574",6691.83
"H02575",6307.3
"H02576",6277.84
"H02577",6203.72
"H02578",6149.33
"H02579",5305.82
"H02580",4939.5
"H02581",4786.51
"H02582",4730.23
"H02583",4669.13
"H02584",4655.5
"H02585",4330.47
"H02586",4325.98
"H02587",4305.96
"H02588",4175.95
"H02589",4093.72
"H02590",3945.47
"H02591",3418.02
"H02592",3365.38
"H02593",3229.29
"H02594",3200.29
"H02595",3167.49
"H02596",3077.45
"H02597",2893.39
"H02598",2868.32
"H02599",2865.53
"H02600",2797.4
"H02601",2775.76
"H02602",2653.4
"H02603",2580.07
"H02604",2572.22
"H02605",2551.38
"H02606",2434.38
"H02607",2194.21
"H02608",2149.87
"H02609",2135.86
"H02610",1939.67
"H02611",1911.4
"H02612",1835
"H02613",1712.27
"H02614",1712.13
"H02615",1711.12
"H02616",1680.86
"H02617",1606.17
"H02618",1516.88
"H02619",1488.46
"H02620",1484.85
"H02621",1455.09
"H02622",1449.03
"H02623",1425.58
"H02624",1396.61
"H02625",1377.31
"H02626",1360.8
"H02627",1346.19
"H02628",1320.95
"H02629",1275.19
"H02630",1247.2
"H02631",1179.22
"H02632",1165.93
"H02633",1108.42
"H02634",1097.72
"H02635",1092.47
"H02636",1086.77
"H02637",1035.16
"H02638",1028.73
"H02639",1001.76
"H02640",1000
"H02641",1000
"H02642",994.45
"H02643",993.15
"H02644",989.59
"H02645",987
"H02646",977.46
"H02647",974.34
"H02648",970.83
"H02649",970.57
"H02650",928.69
"H02651",927.2
"H02652",925.05
"H02653",901.06
"H02654",891.09
"H02655",882.77
"H02656",878.48
"H02657",875.87
"H02658",869.62
"H02659",829.65
"H02660",825.34
"H02661",822.31
"H02662",818.44
"H02663",811.97
"H02664",809.59
"H02665",805.95
"H02666",787.5
"H02667",784.36
"H02668",740.61
"H02669",732.37
"H02670",726.58
"H02671",724.4
"H02672",709.73
"H02673",679.51
"H02674",670.77
"H02675",641.4
"H02676",639.35
"H02677",638.99
"H02678",631.16
"H02679",626.3
"H02680",599.47
"H02681",577.45
"H02682",575.48
"H02683",570.37
"H02684",546.32
"H02685",540.51
"H02686",536.11
"H02687",533.33
"H02688",523.61
"H02689",515.28
"H02690",513.92
"H02691",505.79
"H02692",487.52
"H02693",473.93
"H02694",473.91
"H02695",470.76
"H02696",464.59
"H02697",463.87
"H02698",460.36
"H02699",458.78
"H02700",455.71
"H02701",443.52
"H02702",429.27
"H02703",426.67
"H02704",417.22
"H02705",415.68
"H02706",379.86
"H02707",373.08
"H02708",370.78
"H02709",348.53
"H02710",339.86
"H02711",339.24
"H02712",321.78
"H02713",319.56
"H02714",318.05
"H02715",312.52
"H02716",312.12
"H02717",307.89
"H02718",303.24
"H02719",301.73
"H02720",291.92
"H02721",288.4
"H02722",281.04
"H02723",278.45
"H02724",266.5
"H02725",257.01
"H02726",240.86
"H02727",208.09
"H02728",201.72
"H02729",189.9
"H02730",165.72
"H02731",150
"H02732",134.4
"H02733",129.18
"H02734",121.78
"H02735",106
"H02736",66.78
"H02737",49.89
"H02738",43
"H02739",26146.16
"H02740",13241.45
"H02741",7487.94
"H02742",7296.2
"H02743",6356.61
"H02744",6017.22
"H02745",5476.56
"H02746",5408.38
"H02747",5232.51
"H02748",5217.91
"H02749",4980.09
"H02750",4929.65
"H02751",4398.4
"H02752",4381.34
"H02753",4023.27
"H02754",3966.43
"H02755",3895.54
"H02756",3850
"H02757",3817.04
"H02758",3609.66
"H02759",3371.68
"H02760",3331.45
"H02761",3131.11
"H02762",3045.66
"H02763",2815.07
"H02764",2641.49
"H02765",2625.58
"H02766",2615.88
"H02767",2532.6
"H02768",2428.1
"H02769",2373.49
"H02770",2348.81
"H02771",2344.69
"H02772",2284.45
"H02773",2241.67
"H02774",2179.29
"H02775",2102.41
"H02776",2075
"H02777",2063.7
"H02778",2063
"H02779",1948.32
"H02780",1914.81
"H02781",1890.01
"H02782",1884.83
"H02783",1879
"H02784",1858.45
"H02785",1855.85
"H02786",1848.28
"H02787",1812.47
"H02788",1729.67
"H02789",1727.9
"H02790",1711.62
"H02791",1667.74
"H02792",1577.78
"H02793",1528.3
"H02794",1511.97
"H02795",1511
"H02796",1450
"H02797",1431.81
"H02798",1428.99
"H02799",1410.65
"H02800",1344.17
"H02801",1343.68
"H02802",1276.89
"H02803",1268.78
"H02804",1237
"H02805",1226.28
"H02806",1194.34
"H02807",1175.01
"H02808",1163.93
"H02809",1122.12
"H02810",1109.76
"H02811",1107.11
"H02812",1092.08
"H02813",1090.75
"H02814",1083.82
"H02815",1072.06
"H02816",1067.57
"H02817",1037.37
"H02818",1018.52
"H02819",1012.19
"H02820",1001.7
"H02821",1000
"H02822",973.43
"H02823",965.21
"H02824",937.47
"H02825",928.2
"H02826",917.49
"H02827",908.35
"H02828",900
"H02829",900
"H02830",863.83
"H02831",861.89
"H02832",853.23
"H02833",839.33
"H02834",809.34
"H02835",782.9
"H02836",768.05
"H02837",764.27
"H02838",748.71
"H02839",742.54
"H02840",722.83
"H02841",708.56
"H02842",698.65
"H02843",698
"H02844",678.98
"H02845",672
"H02846",671.69
"H02847",666.48
"H02848",653.66
"H02849",650.45
"H02850",648.84
"H02851",640.23
"H02852",632.82
"H02853",630.11
"H02854",617.9
"H02855",612.93
"H02856",608.01
"H02857",605.06
"H02858",594.8
"H02859",593.21
"H02860",591.04
"H02861",585.74
"H02862",585.34
"H02863",566.74
"H02864",541.55
"H02865",525.24
"H02866",521.1
"H02867",495.66
"H02868",492.31
"H02869",491.3
"H02870",470.29
"H02871",468.98
"H02872",468.2
"H02873",465.5
"H02874",465.04
"H02875",464.55
"H02876",441.17
"H02877",433.5
"H02878",433.07
"H02879",418.79
"H02880",414.04
"H02881",409.1
"H02882",409.06
"H02883",405.85
"H02884",395.5
"H02885",391.97
"H02886",390.02
"H02887",367.6
"H02888",351.69
"H02889",350.09
"H02890",331.75
"H02891",326.64
"H02892",324.03
"H02893",300
"H02894",291.28
"H02895",287.99
"H02896",278.56
"H02897",276.28
"H02898",274.37
"H02899",274.28
"H02900",272.65
"H02901",265.25
"H02902",250
"H02903",240.16
"H02904",236.53
"H02905",232.41
"H02906",219.15
"H02907",202.43
"H02908",190.76
"H02909",178.8
"H02910",171.3
"H02911",168
"H02912",150
"H02913",144.99
"H02914",135.75
"H02915",122.43
"H02916",118.5
"H02917",100.7
"H02918",99.74
"H02919",94.9
"H02920",72.5
"H02921",44.97
"H02922",19287.76
"H02923",16100
"H02924",13572.32
"H02925",12834.19
"H02926",11540.5
"H02927",10077
"H02928",9679.54
"H02929",8569.3
"H02930",7680.09
"H02931",6124.34
"H02932",5884.78
"H02933",5511.7
"H02934",5335.35
"H02935",5136.18
"H02936",4727.3
"H02937",4324.4
"H02938",4110.08
"H02939",3936.76
"H02940",3900
"H02941",3709.11
"H02942",3595.7
"H02943",3486.96
"H02944",3412.24
"H02945",3385.35
"H02946",3265.97
"H02947",3255.88
"H02948",3084.13
"H02949",3000
"H02950",2985.29
"H02951",2803.86
"H02952",2771.5
"H02953",2604.13
"H02954",2588.84
"H02955",2502.72
"H02956",2492.72
"H02957",2479.95
"H02958",2418.4
"H02959",2394.13
"H02960",2368.69
"H02961",2357.98
"H02962",2326
"H02963",2284.58
"H02964",2256.55
"H02965",2223.78
"H02966",2190.8
"H02967",2167.45
"H02968",2146.75
"H02969",2118.5
"H02970",2097.56
"H02971",2094.39
"H02972",2012.89
"H02973",2007.64
"H02974",1996
"H02975",1948.84
"H02976",1945.03
"H02977",1896.16
"H02978",1869.49
"H02979",1828.9
"H02980",1791.09
"H02981",1788.68
"H02982",1783.64
"H02983",1749.57
"H02984",1722.52
"H02985",1711.65
"H02986",1682.11
"H02987",1644.8
"H02988",1630.5
"H02989",1627.01
"H02990",1600.18
"H02991",1577.35
"H02992",1548.64
"H02993",1506.54
"H02994",1495.59
"H02995",1495.05
"H02996",1480.49
"H02997",1445.69
"H02998",1391.25
"H02999",1382.5
"H03000",1332.57
"H03001",1314.57
"H03002",1278.52
"H03003",1239.53
"H03004",1212.85
"H03005",1200
"H03006",1193.19
"H03007",1174.44
"H03008",1148.23
"H03009",1133.54
"H03010",1075.43
"H03011",1060.49
"H03012",1039.69
"H03013",1026.15
"H03014",1011.58
"H03015",1010
"H03016",990.89
"H03017",981.95
"H03018",968.87
"H03019",961.06
"H03020",946.34
"H03021",939.69
"H03022",886.07
"H03023",882
"H03024",881.99
"H03025",878.54
"H03026",873.19
"H03027",834.12
"H03028",819.19
"H03029",805.18
"H03030",804.62
"H03031",789.73
"H03032",783.71
"H03033",772.24
"H03034",767.97
"H03035",744.04
"H03036",737.42
"H03037",729.17
"H03038",714.71
"H03039",680.05
"H03040",676.15
"H03041",669.2
"H03042",652.83
"H03043",651.18
"H03044",629.79
"H03045",623.07
"H03046",596.8
"H03047",586.85
"H03048",561.93
"H03049",554.5
"H03050",554.14
"H03051",547.23
"H03052",543.75
"H03053",523.13
"H03054",523.12
"H03055",520.45
"H03056",516.44
"H03057",516.23
"H03058",514.57
"H03059",510.1
"H03060",508.99
"H03061",500.65
"H03062",484.38
"H03063",479.44
"H03064",470
"H03065",454.05
"H03066",450.62
"H03067",444.98
"H03068",439.5
"H03069",434.92
"H03070",422.99
"H03071",411.35
"H03072",411
"H03073",398.28
"H03074",398.08
"H03075",385.94
"H03076",367.14
"H03077",361.11
"H03078",350.92
"H03079",329.4
"H03080",326.48
"H03081",315.61
"H03082",313.99
"H03083",311.32
"H03084",290.81
"H03085",270.2
"H03086",267.98
"H03087",259.21
"H03088",255.98
"H03089",251.37
"H03090",247.5
"H03091",230.07
"H03092",133.76
"H03093",109.53
"H03094",108.15
"H03095",86.33
"H03096",36.29
"H03097",35
"H03098",25.44
"H03099",25
"H03100",9793.42
"H03101",7757.35
"H03102",7620.37
"H03103",7543.24
"H03104",7513.51
"H03105",6800.94
"H03106",6246.27
"H03107",6163.89
"H03108",5546.63
"H03109",5427.48
"H03110",5317.71
"H03111",4864.38
"H03112",4781.43
"H03113",4607.69
"H03114",4558.77
"H03115",4359.77
"H03116",4334.92
"H03117",4048.31
"H03118",3983.75
"H03119",3944.37
"H03120",3887.03
"H03121",3862.95
"H03122",3771.93
"H03123",3765.25
"H03124",3763.04
"H03125",3699.39
"H03126",3434.4
"H03127",3331.48
"H03128",3035.81
"H03129",3007.15
"H03130",3000
"H03131",2888.44
"H03132",2887.5
"H03133",2799.22
"H03134",2721.71
"H03135",2696.35
"H03136",2680.81
"H03137",2648.23
"H03138",2551.57
"H03139",2535.72
"H03140",2507.66
"H03141",2437.66
"H03142",2406
"H03143",2228.05
"H03144",2199.43
"H03145",2182.77
"H03146",2105.3
"H03147",2002.9
"H03148",1850.78
"H03149",1782.16
"H03150",1705.94
"H03151",1677.66
"H03152",1613.41
"H03153",1609.52
"H03154",1577.05
"H03155",1567.93
"H03156",1504.43
"H03157",1451.57
"H03158",1451.19
"H03159",1439.46
"H03160",1436
"H03161",1391.42
"H03162",1340.74
"H03163",1316.95
"H03164",1315.16
"H03165",1283.6
"H03166",1282.58
"H03167",1249.02
"H03168",1219.26
"H03169",1200
"H03170",1159.2
"H03171",1151.25
"H03172",1141.9
"H03173",1138
"H03174",1114.06
"H03175",1086.9
"H03176",1085.62
"H03177",1068.82
"H03178",1056.23
"H03179",1050
"H03180",1043.75
"H03181",1019.4
"H03182",978.46
"H03183",954.94
"H03184",943.55
"H03185",941.85
"H03186",925.66
"H03187",909.99
"H03188",903.99
"H03189",892.16
"H03190",875.28
"H03191",864.31
"H03192",831.86
"H03193",829.03
"H03194",825.37
"H03195",822.17
"H03196",802.72
"H03197",799.76
"H03198",789
"H03199",788.84
"H03200",778.29
"H03201",760.03
"H03202",739.41
"H03203",738.18
"H03204",735.5
"H03205",707.23
"H03206",707.09
"H03207",704.48
"H03208",678.62
"H03209",664.07
"H03210",640
"H03211",636.5
"H03212",607.23
"H03213",598.17
"H03214",589.79
"H03215",582.58
"H03216",565.03
"H03217",558.45
"H03218",542.36
"H03219",541.67
"H03220",527.52
"H03221",526.17
"H03222",516.96
"H03223",510.19
"H03224",498.62
"H03225",498.22
"H03226",492.59
"H03227",492.22
"H03228",476.2
"H03229",468
"H03230",463.98
"H03231",460.15
"H03232",457.95
"H03233",446.38
"H03234",445.28
"H03235",443.49
"H03236",443.35
"H03237",439.22
"H03238",430.96
"H03239",399.63
"H03240",385.39
"H03241",379.84
"H03242",375.4
"H03243",370.58
"H03244",362.73
"H03245",362.48
"H03246",359.11
"H03247",348.47
"H03248",345.1
"H03249",343.6
"H03250",335.29
"H03251",328.11
"H03252",327.1
"H03253",317.77
"H03254",315.44
"H03255",315
"H03256",291.64
"H03257",290.9
"H03258",289.14
"H03259",281.5
"H03260",275.97
"H03261",261.99
"H03262",258.44
"H03263",243.35
"H03264",204.12
"H03265",200
"H03266",196.22
"H03267",165.77
"H03268",165.66
"H03269",160.19
"H03270",158.26
"H03271",153.85
"H03272",139.02
"H03273",126.7
"H03274",114.05
"H03275",98.21
"H03276",37.98
"H03277",10943.31
"H03278",9597.98
"H03279",9361.83
"H03280",8396.25
"H03281",8215.8
"H03282",7920.76
"H03283",7599.5
"H03284",7339.9
"H03285",7038.33
"H03286",6208.2
"H03287",6161.06
"H03288",5600.6
"H03289",5241.71
"H03290",4893.55
"H03291",4627.84
"H03292",4500
"H03293",4171.01
"H03294",3912.49
"H03295",3905.42
"H03296",3854.3
"H03297",3817.73
"H03298",3314.42
"H03299",3296.77
"H03300",3277.24
"H03301",3230.09
"H03302",3046.29
"H03303",2843.32
"H03304",2821.59
"H03305",2766.92
"H03306",2758.54
"H03307",2755.77
"H03308",2732.94
"H03309",2731.4
"H03310",2701.04
"H03311",2600
"H03312",2531.24
"H03313",2347.8
"H03314",2271.47
"H03315",2247.93
"H03316",2230.25
"H03317",2163.73
"H03318",2038.05
"H03319",2036.49
"H03320",2022.19
"H03321",2005.87
"H03322",1928.18
"H03323",1925.31
"H03324",1918.9
"H03325",1890.5
"H03326",1816.58
"H03327",1785
"H03328",1745.29
"H03329",1731.05
"H03330",1726.51
"H03331",1705.08
"H03332",1704.54
"H03333",1641.63
"H03334",1628.56
"H03335",1584.78
"H03336",1572.76
"H03337",1565.84
"H03338",1537.89
"H03339",1475.12
"H03340",1462.23
"H03341",1454.32
"H03342",1442.27
"H03343",1409.51
"H03344",1394.06
"H03345",1391.55
"H03346",1384.12
"H03347",1358.22
"H03348",1344.14
"H03349",1300
"H03350",1279.05
"H03351",1273.07
"H03352",1242.8
"H03353",1227.26
"H03354",1181.3
"H03355",1154.39
"H03356",1149.87
"H03357",1145.63
"H03358",1106.82
"H03359",1100.91
"H03360",1076.77
"H03361",1071.25
"H03362",1066.48
"H03363",1057.91
"H03364",1047.41
"H03365",1005.85
"H03366",988.21
"H03367",959.52
"H03368",954
"H03369",950
"H03370",921.16
"H03371",875.21
"H03372",866.2
"H03373",857.61
"H03374",857.19
"H03375",854.88
"H03376",846.5
"H03377",839.16
"H03378",834.51
"H03379",819.83
"H03380",801.63
"H03381",799.29
"H03382",789.33
"H03383",773.31
"H03384",773.15
"H03385",763.07
"H03386",760.55
"H03387",746.63
"H03388",730.83
"H03389",711.56
"H03390",705
"H03391",701.05
"H03392",700
"H03393",700
"H03394",691.13
"H03395",636.78
"H03396",628.08
"H03397",603.29
"H03398",600
"H03399",564.66
"H03400",554.55
"H03401",545.3
"H03402",530.64
"H03403",514
"H03404",513.24
"H03405",512.09
"H03406",497.7
"H03407",495.92
"H03408",490.6
"H03409",482.35
"H03410",462
"H03411",457.51
"H03412",450.08
"H03413",445.05
"H03414",443.58
"H03415",440.31
"H03416",430.42
"H03417",414.45
"H03418",404.15
"H03419",393.86
"H03420",384.9
"H03421",382.01
"H03422",361.73
"H03423",350
"H03424",321.13
"H03425",289.96
"H03426",280
"H03427",276.02
"H03428",273.58
"H03429",273.29
"H03430",266.38
"H03431",253.86
"H03432",250
"H03433",243.11
"H03434",230
"H03435",226.56
"H03436",224.23
"H03437",223
"H03438",189.9
"H03439",187.5
"H03440",176.2
"H03441",160
"H03442",152.13
"H03443",144.19
"H03444",126.1
"H03445",123.96
"H03446",85
"H03447",17067.32
"H03448",10652.59
"H03449",9964.08
"H03450",9183.55
"H03451",8520.94
"H03452",7836.7
"H03453",6390.19
"H03454",5985.57
"H03455",5838.03
"H03456",5713.08
"H03457",5556.75
"H03458",5039.73
"H03459",4593.43
"H03460",4414.08
"H03461",4313.68
"H03462",4286.57
"H03463",4259.76
"H03464",3994.66
"H03465",3777.64
"H03466",3662.96
"H03467",3597.83
"H03468",3566.59
"H03469",3472
"H03470",3403.09
"H03471",3328.93
"H03472",3224.72
"H03473",2918
"H03474",2883.84
"H03475",2805.73
"H03476",2712.61
"H03477",2688
"H03478",2674
"H03479",2593.89
"H03480",2586.45
"H03481",2525.2
"H03482",2465.08
"H03483",2399.01
"H03484",2354.22
"H03485",2340.05
"H03486",2265.83
"H03487",2171.25
"H03488",2166.3
"H03489",2163.98
"H03490",2151.66
"H03491",2125.09
"H03492",2068.44
"H03493",2000
"H03494",1907
"H03495",1791.85
"H03496",1760.12
"H03497",1739.92
"H03498",1739.28
"H03499",1730
"H03500",1717.37
"H03501",1696.26
"H03502",1644.2
"H03503",1636.16
"H03504",1595.17
"H03505",1591.32
"H03506",1535.01
"H03507",1506
"H03508",1483.34
"H03509",1448.59
"H03510",1444.17
"H03511",1441
"H03512",1433.77
"H03513",1430.43
"H03514",1405
"H03515",1395.14
"H03516",1390.16
"H03517",1352.01
"H03518",1325.64
"H03519",1302.5
"H03520",1291.48
"H03521",1268.37
"H03522",1266.44
"H03523",1243.73
"H03524",1240.84
"H03525",1231.03
"H03526",1191.58
"H03527",1185.83
"H03528",1168.75
"H03529",1167.44
"H03530",1156.05
"H03531",1118.73
"H03532",1104.29
"H03533",1090.49
"H03534",1068.71
"H03535",1055.23
"H03536",1049.08
"H03537",1035.03
"H03538",1025.44
"H03539",1015.21
"H03540",1014.98
"H03541",1012.89
"H03542",1011.97
"H03543",981.57
"H03544",973.2
"H03545",960.82
"H03546",956.49
"H03547",941.51
"H03548",934.69
"H03549",885.5
"H03550",874.97
"H03551",869.51
"H03552",868.15
"H03553",840.73
"H03554",838.37
"H03555",821.46
"H03556",793.09
"H03557",786.4
"H03558",774.08
"H03559",768.66
"H03560",758.65
"H03561",756.42
"H03562",739.87
"H03563",735.11
"H03564",720.53
"H03565",712.96
"H03566",712.84
"H03567",710.11
"H03568",708
"H03569",706.88
"H03570",705.29
"H03571",702.1
"H03572",699.19
"H03573",695.56
"H03574",677.43
"H03575",668.12
"H03576",660.32
"H03577",655.16
"H03578",648.16
"H03579",634.14
"H03580",625.79
"H03581",609.01
"H03582",589.88
"H03583",589.58
"H03584",588.56
"H03585",562.15
"H03586",561.23
"H03587",559.9
"H03588",556.54
"H03589",545.35
"H03590",537.77
"H03591",535.3
"H03592",520.96
"H03593",500
"H03594",498.38
"H03595",493.27
"H03596",491.1
"H03597",490.53
"H03598",488.6
"H03599",482.09
"H03600",478.81
"H03601",478.64
"H03602",466.99
"H03603",459.43
"H03604",452.54
"H03605",447.19
"H03606",444.69
"H03607",425.21
"H03608",410
"H03609",400.62
"H03610",390.03
"H03611",372.96
"H03612",364.58
"H03613",352.42
"H03614",345.7
"H03615",338.3
"H03616",329.85
"H03617",322.51
"H03618",315.3
"H03619",308
"H03620",302.54
"H03621",280.03
"H03622",267.25
"H03623",265.24
"H03624",259.41
"H03625",257.2
"H03626",254.46
"H03627",239.2
"H03628",220.8
"H03629",219.89
"H03630",216.52
"H03631",175
"H03632",171.97
"H03633",153.18
"H03634",129.86
"H03635",128.6
"H03636",125.53
"H03637",116.37
"H03638",105.31
"H03639",90.92
"H03640",20047.78
"H03641",10912.06
"H03642",10391.52
"H03643",10264.47
"H03644",7339.68
"H03645",6942.54
"H03646",6517
"H03647",5346.94
"H03648",5313.8
"H03649",4920
"H03650",4807.95
"H03651",4610.48
"H03652",4551.35
"H03653",4341.94
"H03654",4014.15
"H03655",3842.37
"H03656",3803.39
"H03657",3782.22
"H03658",3750
"H03659",3670.52
"H03660",3482.79
"H03661",3482.63
"H03662",3437.36
"H03663",3382.2
"H03664",3223.5
"H03665",3086.95
"H03666",3072.49
"H03667",2905.94
"H03668",2875.49
"H03669",2784.11
"H03670",2765.27
"H03671",2630.5
"H03672",2573.54
"H03673",2510.38
"H03674",2429.34
"H03675",2386.46
"H03676",2366.28
"H03677",2330.16
"H03678",2264.69
"H03679",2192.2
"H03680",2176.58
"H03681",2128.29
"H03682",2100
"H03683",2094.82
"H03684",2008.16
"H03685",1897.85
"H03686",1876.31
"H03687",1875
"H03688",1861.83
"H03689",1858.99
"H03690",1806.09
"H03691",1789.33
"H03692",1776.47
"H03693",1735.48
"H03694",1690.06
"H03695",1671.48
"H03696",1669.4
"H03697",1662.63
"H03698",1620.64
"H03699",1595.82
"H03700",1530.22
"H03701",1523.47
"H03702",1497.41
"H03703",1455.22
"H03704",1410.84
"H03705",1400
"H03706",1395.42
"H03707",1325.54
"H03708",1315.17
"H03709",1314.46
"H03710",1312.52
"H03711",1297.33
"H03712",1292.93
"H03713",1285.58
"H03714",1276
"H03715",1262.99
"H03716",1250
"H03717",1240.52
"H03718",1238.39
"H03719",1221.73
"H03720",1209.89
"H03721",1200
"H03722",1197.32
"H03723",1189.85
"H03724",1189.76
"H03725",1160.56
"H03726",1152.26
"H03727",1130.8
"H03728",1126.69
"H03729",1114.63
"H03730",1110.53
"H03731",1086.8
"H03732",1061.28
"H03733",1054.91
"H03734",1029.88
"H03735",1018.5
"H03736",1017.39
"H03737",1000.6
"H03738",1000
"H03739",992.48
"H03740",979.5
"H03741",957.98
"H03742",948.94
"H03743",947.84
"H03744",936.07
"H03745",930.2
"H03746",926.2
"H03747",922.58
"H03748",901.5
"H03749",898.97
"H03750",897.26
"H03751",894.06
"H03752",891.95
"H03753",888.11
"H03754",862.24
"H03755",851.2
"H03756",842.66
"H03757",842.62
"H03758",840.11
"H03759",830.92
"H03760",824.78
"H03761",823.17
"H03762",810.73
"H03763",804.29
"H03764",790.94
"H03765",784.79
"H03766",783.74
"H03767",777.53
"H03768",767.54
"H03769",765.24
"H03770",756.78
"H03771",743.49
"H03772",740.11
"H03773",738.34
"H03774",726.48
"H03775",709.64
"H03776",706.49
"H03777",705.64
"H03778",705.63
"H03779",689.17
"H03780",685.84
"H03781",684.15
"H03782",677.36
"H03783",673.49
"H03784",672.91
"H03785",672.34
"H03786",667.19
"H03787",663.2
"H03788",659.74
"H03789",650.55
"H03790",630.35
"H03791",627.89
"H03792",616.14
"H03793",614.66
"H03794",613.97
"H03795",599.02
"H03796",580.71
"H03797",580.04
"H03798",576.61
"H03799",539.01
"H03800",534.83
"H03801",533.19
"H03802",518.26
"H03803",518.09
"H03804",518
"H03805",499
"H03806",496.58
"H03807",494.32
"H03808",490.48
"H03809",468.37
"H03810",457.04
"H03811",445.68
"H03812",435.72
"H03813",435.27
"H03814",435.24
"H03815",432.66
"H03816",429.37
"H03817",425.74
"H03818",420.91
"H03819",420
"H03820",414.75
"H03821",414.67
"H03822",393.71
"H03823",389.89
"H03824",388.18
"H03825",374.37
"H03826",366.88
"H03827",365.56
"H03828",365.45
"H03829",350
"H03830",335.91
"H03831",329.61
"H03832",320.63
"H03833",310
"H03834",265.1
"H03835",250
"H03836",243.33
"H03837",240.53
"H03838",222.15
"H03839",216.51
"H03840",155.04
"H03841",152.66
"H03842",145
"H03843",120.91
"H03844",116.66
"H03845",112.14
"H03846",97.7
"H03847",22885.86
"H03848",15491.64
"H03849",14716.81
"H03850",10059.46
"H03851",8574.48
"H03852",8146.07
"H03853",8144.41
"H03854",7522.19
"H03855",7362.41
"H03856",7063.69
"H03857",6630.91
"H03858",6000.37
"H03859",5977.12
"H03860",5454.3
"H03861",5273.38
"H03862",5256.75
"H03863",4902.06
"H03864",4634.62
"H03865",4465.03
"H03866",4449.39
"H03867",4335.38
"H03868",4300
"H03869",4082.91
"H03870",4019.32
"H03871",3905.09
"H03872",3762.24
"H03873",3451.91
"H03874",3442.43
"H03875",3274.35
"H03876",3227.06
"H03877",3138.91
"H03878",3105.06
"H03879",3049.27
"H03880",2875
"H03881",2843.51
"H03882",2780
"H03883",2751.55
"H03884",2723.67
"H03885",2674.62
"H03886",2544.87
"H03887",2530.88
"H03888",2477
"H03889",2475.55
"H03890",2474.41
"H03891",2471.81
"H03892",2468.1
"H03893",2454.75
"H03894",2435.85
"H03895",2415.22
"H03896",2378.89
"H03897",2371.69
"H03898",2362.48
"H03899",2115.8
"H03900",2102.93
"H03901",2058.73
"H03902",2045.43
"H03903",2044.64
"H03904",1995.85
"H03905",1991.38
"H03906",1974.82
"H03907",1943.27
"H03908",1893.3
"H03909",1890
"H03910",1865.35
"H03911",1819.17
"H03912",1801.24
"H03913",1764.2
"H03914",1720.9
"H03915",1709.44
"H03916",1688.9
"H03917",1652.25
"H03918",1616.01
"H03919",1605.1
"H03920",1575.03
"H03921",1567.05
"H03922",1557.61
"H03923",1515.46
"H03924",1500.94
"H03925",1499.08
"H03926",1498.2
"H03927",1478.59
"H03928",1476.15
"H03929",1469.03
"H03930",1468.3
"H03931",1455
"H03932",1402.38
"H03933",1395.26
"H03934",1365.06
"H03935",1357.83
"H03936",1357.79
"H03937",1285.59
"H03938",1272.79
"H03939",1261.89
"H03940",1254.8
"H03941",1246.8
"H03942",1242.8
"H03943",1224.98
"H03944",1204.25
"H03945",1193.32
"H03946",1188.63
"H03947",1167.93
"H03948",1159.07
"H03949",1135.89
"H03950",1125.84
"H03951",1123.7
"H03952",1102.55
"H03953",1091.18
"H03954",1071.88
"H03955",1069.03
"H03956",1008.12
"H03957",1004.07
"H03958",1002.01
"H03959",997.98
"H03960",985.7
"H03961",983.75
"H03962",962.13
"H03963",961.88
"H03964",957.68
"H03965",938.15
"H03966",917.8
"H03967",914.81
"H03968",905.3
"H03969",891.16
"H03970",882.43
"H03971",881.93
"H03972",876
"H03973",875
"H03974",873.05
"H03975",864.92
"H03976",862.5
"H03977",852
"H03978",832.88
"H03979",826.2
"H03980",825.75
"H03981",813.03
"H03982",800
"H03983",790.31
"H03984",785.12
"H03985",781.8
"H03986",777.06
"H03987",773.19
"H03988",772.9
"H03989",757.85
"H03990",747.81
"H03991",735
"H03992",719.83
"H03993",715.37
"H03994",715
"H03995",713.42
"H03996",699.6
"H03997",694.44
"H03998",686.67
"H03999",680.67
"H04000",674.3
"H04001",664.41
"H04002",663.04
"H04003",657.54
"H04004",651.82
"H04005",651.52
"H04006",644.68
"H04007",629.78
"H04008",616.07
"H04009",613.19
"H04010",611.81
"H04011",601.13
"H04012",583.96
"H04013",575.42
"H04014",563.79
"H04015",537.88
"H04016",498.32
"H04017",494.06
"H04018",480.36
"H04019",477.9
"H04020",470.37
"H04021",467.1
"H04022",446.47
"H04023",445.94
"H04024",433.82
"H04025",426.54
"H04026",418.18
"H04027",396.02
"H04028",384.41
"H04029",381.93
"H04030",377.58
"H04031",375.96
"H04032",367.9
"H04033",365.12
"H04034",345.08
"H04035",339.92
"H04036",338.31
"H04037",338.31
"H04038",334.8
"H04039",332.55
"H04040",328.57
"H04041",322.83
"H04042",321.62
"H04043",319
"H04044",318.06
"H04045",316.37
"H04046",313.71
"H04047",313.25
"H04048",306.85
"H04049",305.11
"H04050",294.63
"H04051",291.29
"H04052",288.65
"H04053",282.2
"H04054",265.85
"H04055",265.64
"H04056",252.89
"H04057",250
"H04058",241.4
"H04059",237.89
"H04060",211.53
"H04061",208.01
"H04062",196.84
"H04063",196.13
"H04064",174.16
"H04065",164.33
"H04066",160.58
"H04067",145.75
"H04068",140.21
"H04069",113.45
"H04070",26.23
"H04071",11093.69
"H04072",10451.04
"H04073",10432.47
"H04074",10358.18
"H04075",7859
"H04076",7318.4
"H04077",7197.4
"H04078",7108.76
"H04079",6356.9
"H04080",6205.66
"H04081",6145.45
"H04082",5696.74
"H04083",5448.32
"H04084",5275.46
"H04085",5244.93
"H04086",5233.99
"H04087",5134.29
"H04088",5082.13
"H04089",4854.55
"H04090",4451.8
"H04091",4355.64
"H04092",4320.28
"H04093",3924.13
"H04094",3911.44
"H04095",3844.34
"H04096",3820.97
"H04097",3732.91
"H04098",3630.97
"H04099",3610.7
"H04100",3534.16
"H04101",3519.15
"H04102",3326.62
"H04103",3296.47
"H04104",3222.45
"H04105",3110.79
"H04106",2945.22
"H04107",2891.32
"H04108",2836.4
"H04109",2675
"H04110",2668.4
"H04111",2643.26
"H04112",2581.07
"H04113",2498.06
"H04114",2484.38
"H04115",2398.8
"H04116",2370.58
"H04117",2342.1
"H04118",2332.12
"H04119",2240.97
"H04120",2211.25
"H04121",2180
"H04122",2113.65
"H04123",2093.62
"H04124",2065
"H04125",1993.37
"H04126",1930.21
"H04127",1820.4
"H04128",1791.87
"H04129",1751.23
"H04130",1733.4
"H04131",1704.42
"H04132",1683.41
"H04133",1655.67
"H04134",1641.81
"H04135",1636.11
"H04136",1590.34
"H04137",1581.64
"H04138",1563.5
"H04139",1562.29
"H04140",1541.96
"H04141",1539.85
"H04142",1535
"H04143",1531.33
"H04144",1511.79
"H04145",1477.44
"H04146",1462.72
"H04147",1445.95
"H04148",1379.11
"H04149",1354.03
"H04150",1331.97
"H04151",1320.02
"H04152",1318.72
"H04153",1289.93
"H04154",1279.57
"H04155",1272.76
"H04156",1264.6
"H04157",1250.46
"H04158",1235.43
"H04159",1222.99
"H04160",1220.86
"H04161",1219.4
"H04162",1211.34
"H04163",1202.08
"H04164",1201.46
"H04165",1190.51
"H04166",1185.68
"H04167",1173.25
"H04168",1173.25
"H04169",1157.78
"H04170",1140.5
"H04171",1136.21
"H04172",1128.6
"H04173",1121.57
"H04174",1117.85
"H04175",1091.93
"H04176",1086.63
"H04177",1076.39
"H04178",1055.37
"H04179",1042.5
"H04180",1009.03
"H04181",1008.05
"H04182",1000
"H04183",1000
"H04184",977.4
"H04185",971.11
"H04186",955.69
"H04187",951.55
"H04188",944.24
"H04189",943.68
"H04190",937.36
"H04191",914.95
"H04192",913.97
"H04193",906.54
"H04194",901.8
"H04195",895.44
"H04196",893.08
"H04197",862.15
"H04198",850
"H04199",845.73
"H04200",843
"H04201",840.2
"H04202",839.68
"H04203",821.16
"H04204",800.36
"H04205",789.18
"H04206",787.82
"H04207",787.49
"H04208",763.84
"H04209",756.4
"H04210",754.74
"H04211",748.1
"H04212",745.92
"H04213",735.18
"H04214",735
"H04215",730.82
"H04216",707.1
"H04217",702.58
"H04218",689.26
"H04219",641.93
"H04220",640.41
"H04221",638.95
"H04222",632.67
"H04223",626.02
"H04224",625.17
"H04225",614.54
"H04226",599
"H04227",570.83
"H04228",567.79
"H04229",566.19
"H04230",540.6
"H04231",537.74
"H04232",536.01
"H04233",532.17
"H04234",531.73
"H04235",515.34
"H04236",507.09
"H04237",505.02
"H04238",500
"H04239",500
"H04240",494.96
"H04241",493.17
"H04242",491.68
"H04243",480.73
"H04244",480
"H04245",478.27
"H04246",472.75
"H04247",458.1
"H04248",444.06
"H04249",437.06
"H04250",412.49
"H04251",409.11
"H04252",400
"H04253",395.27
"H04254",386.56
"H04255",384.58
"H04256",375
"H04257",372.95
"H04258",367.73
"H04259",354.18
"H04260",350.77
"H04261",339.74
"H04262",338.63
"H04263",309.52
"H04264",306.87
"H04265",300.69
"H04266",275.07
"H04267",273.61
"H04268",265.67
"H04269",261.64
"H04270",259.25
"H04271",237.65
"H04272",225.2
"H04273",224.54
"H04274",220.28
"H04275",217.97
"H04276",212.85
"H04277",180.07
"H04278",167.73
"H04279",161.1
"H04280",149.26
"H04281",148.45
"H04282",123.37
"H04283",113.54
"H04284",100
"H04285",90
"H04286",64.05
"H04287",60
"H04288",21631.29
"H04289",20334.71
"H04290",10359.7
"H04291",10232.63
"H04292",9904.92
"H04293",8877.68
"H04294",7819.37
"H04295",7780.9
"H04296",6357.31
"H04297",6299.63
"H04298",5673.79
"H04299",4767.39
"H04300",4638.24
"H04301",4445
"H04302",4355.94
"H04303",4302.28
"H04304",4108.44
"H04305",4075.54
"H04306",3939.13
"H04307",3890.9
"H04308",3838.97
"H04309",3721.49
"H04310",3692.33
"H04311",3606.75
"H04312",3511.68
"H04313",3363
"H04314",3309.81
"H04315",3278.75
"H04316",3251.14
"H04317",3198.5
"H04318",3144.87
"H04319",3018.03
"H04320",3014.34
"H04321",2900.36
"H04322",2756.83
"H04323",2750.5
"H04324",2657.28
"H04325",2626
"H04326",2538.97
"H04327",2436.7
"H04328",2347.78
"H04329",2345.69
"H04330",2319.84
"H04331",2269
"H04332",2240.6
"H04333",2191.83
"H04334",2184.66
"H04335",2135.15
"H04336",2113.22
"H04337",2110.29
"H04338",2101.18
"H04339",2075.3
"H04340",2061.63
"H04341",2055
"H04342",2011.47
"H04343",1988.24
"H04344",1984.37
"H04345",1942.68
"H04346",1938.6
"H04347",1907.76
"H04348",1849.97
"H04349",1800
"H04350",1791.95
"H04351",1781.69
"H04352",1743.5
"H04353",1682.04
"H04354",1668.72
"H04355",1647.33
"H04356",1571.4
"H04357",1550.8
"H04358",1513.04
"H04359",1500
"H04360",1487.98
"H04361",1483.24
"H04362",1481.81
"H04363",1476.43
"H04364",1470
"H04365",1462.16
"H04366",1431.82
"H04367",1430.24
"H04368",1427.37
"H04369",1415.82
"H04370",1408.43
"H04371",1394.83
"H04372",1361.13
"H04373",1357.61
"H04374",1350
"H04375",1333.03
"H04376",1327.03
"H04377",1308.5
"H04378",1278.9
"H04379",1262.07
"H04380",1249.99
"H04381",1247.47
"H04382",1229.44
"H04383",1227.96
"H04384",1227.21
"H04385",1211.84
"H04386",1210.38
"H04387",1185.02
"H04388",1183.6
"H04389",1168.72
"H04390",1129.02
"H04391",1097.13
"H04392",1091.88
"H04393",1091.06
"H04394",1088.27
"H04395",1086.23
"H04396",1056.58
"H04397",1018.39
"H04398",1013.93
"H04399",1000
"H04400",999.89
"H04401",991.36
"H04402",980.92
"H04403",978.03
"H04404",972.95
"H04405",972.06
"H04406",950
"H04407",938.1
"H04408",932.94
"H04409",929.62
"H04410",922.82
"H04411",921
"H04412",904.02
"H04413",900
"H04414",892.4
"H04415",889.95
"H04416",876.06
"H04417",842.57
"H04418",832.3
"H04419",825.69
"H04420",825.38
"H04421",819.99
"H04422",818.83
"H04423",815.16
"H04424",808.5
"H04425",807.7
"H04426",807.33
"H04427",807.25
"H04428",799.98
"H04429",795.08
"H04430",785.66
"H04431",781.56
"H04432",756.61
"H04433",736.25
"H04434",693.87
"H04435",693.06
"H04436",683.15
"H04437",676.68
"H04438",675
"H04439",661.57
"H04440",660.59
"H04441",654.26
"H04442",639.05
"H04443",634.89
"H04444",633
"H04445",628.21
"H04446",625.5
"H04447",625
"H04448",620.44
"H04449",619.4
"H04450",616.75
"H04451",596.02
"H04452",571.22
"H04453",564.71
"H04454",564.13
"H04455",550.47
"H04456",549.71
"H04457",548.07
"H04458",530.53
"H04459",528.2
"H04460",500
"H04461",499.44
"H04462",497.83
"H04463",497.39
"H04464",496.51
"H04465",496.25
"H04466",481.52
"H04467",474.18
"H04468",468.9
"H04469",459.53
"H04470",459
"H04471",454.34
"H04472",453.66
"H04473",450
"H04474",448.61
"H04475",445.42
"H04476",432.15
"H04477",428.54
"H04478",423.45
"H04479",422.81
"H04480",411.76
"H04481",408.44
"H04482",403.82
"H04483",403.11
"H04484",400
"H04485",386.89
"H04486",383.12
"H04487",378.4
"H04488",375
"H04489",372.76
"H04490",361.18
"H04491",360.7
"H04492",343.5
"H04493",341.58
"H04494",336.99
"H04495",332.33
"H04496",328.18
"H04497",323.32
"H04498",318.12
"H04499",315.12
"H04500",290
"H04501",283.22
"H04502",274.77
"H04503",273.92
"H04504",273.81
"H04505",263.48
"H04506",250.28
"H04507",242.63
"H04508",202.18
"H04509",200
"H04510",172.8
"H04511",133.24
"H04512",125
"H04513",122.81
"H04514",114.72
"H04515",110.78
"H04516",84.36
"H04517",79.8
"H04518",74.67
"H04519",65.95
"H04520",45.25
"H04521",28593.49
"H04522",16155.5
"H04523",10847.62
"H04524",10538.65
"H04525",10242.5
"H04526",9849.02
"H04527",9709.84
"H04528",8903.29
"H04529",8066.17
"H04530",7873.9
"H04531",7708.2
"H04532",7480.05
"H04533",7248.84
"H04534",6750.86
"H04535",6609.46
"H04536",6602.16
"H04537",5758.21
"H04538",5511.9
"H04539",5341.45
"H04540",5335.18
"H04541",5313.25
"H04542",4748.38
"H04543",4238.18
"H04544",4211.19
"H04545",4184.04
"H04546",4100.6
"H04547",4078.6
"H04548",4040.41
"H04549",4014.28
"H04550",3674.37
"H04551",3587.86
"H04552",3521.63
"H04553",3521.32
"H04554",3416.34
"H04555",3372.97
"H04556",3149.97
"H04557",3056.01
"H04558",3045.47
"H04559",2960
"H04560",2946.55
"H04561",2925
"H04562",2912.28
"H04563",2844.29
"H04564",2815.33
"H04565",2726.41
"H04566",2708
"H04567",2685.02
"H04568",2666.97
"H04569",2596.17
"H04570",2577.29
"H04571",2565.69
"H04572",2560.59
"H04573",2549.19
"H04574",2481.62
"H04575",2437.24
"H04576",2434.97
"H04577",2379.24
"H04578",2365.15
"H04579",2354.52
"H04580",2301.61
"H04581",2277
"H04582",2271.02
"H04583",2228.4
"H04584",2192.57
"H04585",2192.05
"H04586",2160.64
"H04587",2112.63
"H04588",2083.04
"H04589",2049.18
"H04590",2000
"H04591",1993.18
"H04592",1982.33
"H04593",1945.56
"H04594",1942.82
"H04595",1926.09
"H04596",1822.79
"H04597",1792.72
"H04598",1758.73
"H04599",1758.33
"H04600",1750.85
"H04601",1607.91
"H04602",1602.1
"H04603",1566.47
"H04604",1523.51
"H04605",1495.3
"H04606",1491.23
"H04607",1461.48
"H04608",1450.55
"H04609",1450.29
"H04610",1431.9
"H04611",1427.29
"H04612",1319.69
"H04613",1302.64
"H04614",1281.46
"H04615",1272.4
"H04616",1272.17
"H04617",1264.58
"H04618",1222.12
"H04619",1214.61
"H04620",1207.39
"H04621",1200
"H04622",1183.89
"H04623",1169.59
"H04624",1149.68
"H04625",1136.08
"H04626",1064.5
"H04627",1063.39
"H04628",1051.75
"H04629",1051.13
"H04630",1040.97
"H04631",1033.32
"H04632",1027.94
"H04633",1024.13
"H04634",1009.41
"H04635",1000
"H04636",995
"H04637",977.52
"H04638",974.03
"H04639",959.12
"H04640",954.98
"H04641",943.64
"H04642",935.74
"H04643",933.27
"H04644",920.29
"H04645",914.69
"H04646",913.75
"H04647",903.09
"H04648",894.12
"H04649",890.19
"H04650",881.55
"H04651",874.49
"H04652",860.1
"H04653",850
"H04654",844.58
"H04655",822.81
"H04656",822.19
"H04657",817.31
"H04658",800
"H04659",787.38
"H04660",776.72
"H04661",771.25
"H04662",762.53
"H04663",751.65
"H04664",720
"H04665",718.02
"H04666",710.3
"H04667",697.44
"H04668",696.09
"H04669",689.66
"H04670",688.97
"H04671",682.07
"H04672",681.17
"H04673",680.37
"H04674",679
"H04675",676.51
"H04676",666.66
"H04677",654.53
"H04678",654.5
"H04679",650.46
"H04680",645.01
"H04681",596.05
"H04682",582.18
"H04683",578.8
"H04684",574.76
"H04685",563.76
"H04686",559.24
"H04687",558.83
"H04688",534.02
"H04689",532.1
"H04690",523.95
"H04691",523.93
"H04692",522.76
"H04693",514.73
"H04694",513.9
"H04695",512.2
"H04696",502.37
"H04697",499.29
"H04698",498.22
"H04699",495.72
"H04700",493.92
"H04701",490.83
"H04702",485.08
"H04703",481.82
"H04704",472.7
"H04705",472.15
"H04706",471.38
"H04707",468.25
"H04708",464.83
"H04709",463.19
"H04710",460.84
"H04711",460
"H04712",457.54
"H04713",453.91
"H04714",443.74
"H04715",443.1
"H04716",440.66
"H04717",440.51
"H04718",437.26
"H04719",425.32
"H04720",423.12
"H04721",419.38
"H04722",416.94
"H04723",399.58
"H04724",390.37
"H04725",383.9
"H04726",372.75
"H04727",367.89
"H04728",361.65
"H04729",350
"H04730",348.86
"H04731",348.15
"H04732",347.79
"H04733",343.5
"H04734",342.24
"H04735",333.05
"H04736",328.91
"H04737",327.41
"H04738",325.48
"H04739",323.41
"H04740",308.89
"H04741",282.99
"H04742",281.08
"H04743",279.61
"H04744",277
"H04745",276.41
"H04746",268.4
"H04747",251.5
"H04748",246.12
"H04749",232.5
"H04750",228.7
"H04751",218.68
"H04752",184.84
"H04753",178.17
"H04754",165.32
"H04755",156.47
"H04756",147.91
"H04757",142.33
"H04758",123.1
"H04759",108.18
"H04760",78.82
"H04761",74.23
"H04762",63.33
"H04763",17.79
"H04764",15279.68
"H04765",12597.12
"H04766",12037.05
"H04767",11156.17
"H04768",10817.49
"H04769",10439.86
"H04770",10022.78
"H04771",7967.06
"H04772",7478.84
"H04773",7429.58
"H04774",7108.52
"H04775",7038.61
"H04776",6582.57
"H04777",6237.24
"H04778",6056.35
"H04779",6055
"H04780",5845.4
"H04781",5600.56
"H04782",5479.6
"H04783",5399.37
"H04784",5350.04
"H04785",5330.06
"H04786",4946.5
"H04787",4358.71
"H04788",4315.43
"H04789",4043.41
"H04790",3978.91
"H04791",3908.7
"H04792",3882.04
"H04793",3825.32
"H04794",3690.67
"H04795",3636.59
"H04796",3617.05
"H04797",3610.44
"H04798",3607
"H04799",3477.55
"H04800",3405.77
"H04801",3351.43
"H04802",3260.21
"H04803",3242.11
"H04804",3237.98
"H04805",3163
"H04806",3086.77
"H04807",2998.88
"H04808",2975.85
"H04809",2958.4
"H04810",2881.17
"H04811",2783.5
"H04812",2750
"H04813",2683.21
"H04814",2635.78
"H04815",2575.79
"H04816",2564.01
"H04817",2545.69
"H04818",2523.04
"H04819",2450.98
"H04820",2427.42
"H04821",2391
"H04822",2367.3
"H04823",2342.4
"H04824",2323.5
"H04825",2317.29
"H04826",2310
"H04827",2303.07
"H04828",2275.62
"H04829",2251.84
"H04830",2250
"H04831",2238.12
"H04832",2212.54
"H04833",2203.34
"H04834",2188.23
"H04835",2180.9
"H04836",2153.58
"H04837",2147.74
"H04838",2121.05
"H04839",2109.54
"H04840",2072.1
"H04841",2016.25
"H04842",2003.9
"H04843",2001.06
"H04844",2000
"H04845",2000
"H04846",2000
"H04847",1995.71
"H04848",1993.42
"H04849",1984.9
"H04850",1897.19
"H04851",1890.06
"H04852",1828.32
"H04853",1812.71
"H04854",1783.17
"H04855",1758.45
"H04856",1754.98
"H04857",1744.78
"H04858",1740.98
"H04859",1727.86
"H04860",1577.2
"H04861",1573.21
"H04862",1542.91
"H04863",1540.27
"H04864",1514
"H04865",1508.83
"H04866",1506.79
"H04867",1505.1
"H04868",1472.66
"H04869",1462.79
"H04870",1442.08
"H04871",1437.65
"H04872",1401.95
"H04873",1385.4
"H04874",1375.48
"H04875",1366.27
"H04876",1342.57
"H04877",1342
"H04878",1332.07
"H04879",1322.9
"H04880",1322.03
"H04881",1307.78
"H04882",1297.53
"H04883",1292.3
"H04884",1292.26
"H04885",1289.35
"H04886",1286.63
"H04887",1274.36
"H04888",1260.7
"H04889",1234.02
"H04890",1230.12
"H04891",1223
"H04892",1222.94
"H04893",1215.89
"H04894",1203.91
"H04895",1201.63
"H04896",1199.21
"H04897",1188.26
"H04898",1168.23
"H04899",1150
"H04900",1146.53
"H04901",1134.08
"H04902",1129.25
"H04903",1117.22
"H04904",1116.09
"H04905",1098.14
"H04906",1092.98
"H04907",1089.32
"H04908",1080.92
"H04909",1031.94
"H04910",1021.6
"H04911",1013.11
"H04912",1000
"H04913",1000
"H04914",1000
"H04915",994.91
"H04916",992.24
"H04917",983.06
"H04918",956.36
"H04919",951.88
"H04920",938.01
"H04921",929.75
"H04922",916.02
"H04923",914.8
"H04924",904.46
"H04925",904.42
"H04926",897.51
"H04927",887.11
"H04928",880
"H04929",873.08
"H04930",868.89
"H04931",860.14
"H04932",856.3
"H04933",855.17
"H04934",853.75
"H04935",852.63
"H04936",849.62
"H04937",844.7
"H04938",844.55
"H04939",843.63
"H04940",838.96
"H04941",837.31
"H04942",830.88
"H04943",830.24
"H04944",825.64
"H04945",819.82
"H04946",818.24
"H04947",805.92
"H04948",802.44
"H04949",797.69
"H04950",795.7
"H04951",791.52
"H04952",785.89
"H04953",784.54
"H04954",783.73
"H04955",769.83
"H04956",766.84
"H04957",762.32
"H04958",745.73
"H04959",742.82
"H04960",742.7
"H04961",740.44
"H04962",733.77
"H04963",732
"H04964",730.03
"H04965",705.62
"H04966",695.75
"H04967",694.46
"H04968",665.29
"H04969",651.38
"H04970",651.21
"H04971",648.03
"H04972",642.43
"H04973",642.23
"H04974",637.26
"H04975",633.06
"H04976",622.99
"H04977",603
"H04978",582.31
"H04979",581.84
"H04980",575.93
"H04981",570.74
"H04982",554.28
"H04983",553.71
"H04984",549.57
"H04985",548.2
"H04986",529.93
"H04987",527.79
"H04988",504.71
"H04989",500
"H04990",499.55
"H04991",497.83
"H04992",495.54
"H04993",489.84
"H04994",461.35
"H04995",453.99
"H04996",452.07
"H04997",447.25
"H04998",442.92
"H04999",440
"H05000",439.09
"H05001",435.5
"H05002",434.57
"H05003",431.98
"H05004",429.7
"H05005",416.85
"H05006",409.29
"H05007",405.75
"H05008",405.72
"H05009",403.01
"H05010",398.71
"H05011",395
"H05012",385.12
"H05013",378.26
"H05014",377.34
"H05015",373.58
"H05016",363.32
"H05017",361.54
"H05018",356.47
"H05019",354.2
"H05020",346.57
"H05021",344.11
"H05022",342.15
"H05023",338.73
"H05024",334.12
"H05025",329.85
"H05026",322.14
"H05027",320.97
"H05028",312.11
"H05029",306.9
"H05030",299.36
"H05031",293.92
"H05032",281.15
"H05033",252.12
"H05034",250.56
"H05035",249.01
"H05036",245.2
"H05037",241.19
"H05038",224.3
"H05039",200.03
"H05040",200
"H05041",169.82
"H05042",167.14
"H05043",157.71
"H05044",147.26
"H05045",138.31
"H05046",120
"H05047",99.22
"H05048",95
"H05049",91.79
"H05050",91.24
"H05051",75
"H05052",56.9
"H05053",26439.48
"H05054",23344.38
"H05055",20736.67
"H05056",16002.49
"H05057",14483.55
"H05058",13714.98
"H05059",11916.58
"H05060",11479.36
"H05061",10119.03
"H05062",10103.5
"H05063",9411.8
"H05064",9028.56
"H05065",8378.83
"H05066",8283.19
"H05067",7937.27
"H05068",7589.25
"H05069",7419.73
"H05070",7381.89
"H05071",7380.58
"H05072",7312.72
"H05073",7275
"H05074",6867.53
"H05075",6761.27
"H05076",6675.67
"H05077",6448.75
"H05078",6236.03
"H05079",6211.99
"H05080",5971.37
"H05081",5604.53
"H05082",5364.71
"H05083",5347.31
"H05084",5263.84
"H05085",5169.91
"H05086",4528.69
"H05087",4521.52
"H05088",4488.66
"H05089",4302.05
"H05090",4188.6
"H05091",4155
"H05092",4149.92
"H05093",4088
"H05094",4080.73
"H05095",3918.79
"H05096",3894.92
"H05097",3884.72
"H05098",3807.25
"H05099",3806.43
"H05100",3781.2
"H05101",3740.25
"H05102",3716.08
"H05103",3513.56
"H05104",3473.16
"H05105",3435.92
"H05106",3410.38
"H05107",3325
"H05108",3261.98
"H05109",3174.5
"H05110",3159.02
"H05111",3151.33
"H05112",3078.75
"H05113",3069.44
"H05114",2988.99
"H05115",2972.34
"H05116",2900
"H05117",2895.88
"H05118",2860.33
"H05119",2822.8
"H05120",2807.69
"H05121",2803.84
"H05122",2784.48
"H05123",2777.68
"H05124",2750.76
"H05125",2739.23
"H05126",2677.34
"H05127",2624.89
"H05128",2621.45
"H05129",2610.87
"H05130",2503.62
"H05131",2464.83
"H05132",2398.34
"H05133",2326.16
"H05134",2300.47
"H05135",2265.75
"H05136",2255.61
"H05137",2211.92
"H05138",2176.78
"H05139",2106.17
"H05140",2075.62
"H05141",2043.98
"H05142",2005.64
"H05143",1993.9
"H05144",1920.9
"H05145",1906.05
"H05146",1904.13
"H05147",1854.96
"H05148",1805.62
"H05149",1789.08
"H05150",1757
"H05151",1751.3
"H05152",1750
"H05153",1735
"H05154",1730.95
"H05155",1662.83
"H05156",1650
"H05157",1625.78
"H05158",1617.41
"H05159",1584.11
"H05160",1580.14
"H05161",1577.67
"H05162",1543.47
"H05163",1533.74
"H05164",1533.42
"H05165",1498.19
"H05166",1477.9
"H05167",1475.99
"H05168",1431.47
"H05169",1414.86
"H05170",1403.93
"H05171",1400
"H05172",1386.93
"H05173",1377.44
"H05174",1376.94
"H05175",1371.51
"H05176",1355.95
"H05177",1350
"H05178",1347.45
"H05179",1336
"H05180",1326.22
"H05181",1316.5
"H05182",1315.58
"H05183",1314.5
"H05184",1297.5
"H05185",1296.47
"H05186",1282.26
"H05187",1250.76
"H05188",1242.77
"H05189",1233.97
"H05190",1214.09
"H05191",1209.99
"H05192",1182.44
"H05193",1175.21
"H05194",1165.61
"H05195",1156.66
"H05196",1141.08
"H05197",1122.95
"H05198",1120.62
"H05199",1112.82
"H05200",1109.18
"H05201",1107.57
"H05202",1103.19
"H05203",1100.94
"H05204",1100.68
"H05205",1098.9
"H05206",1096.33
"H05207",1091.96
"H05208",1087.29
"H05209",1085.72
"H05210",1064.4
"H05211",1046.66
"H05212",1028.02
"H05213",1015.37
"H05214",1006.99
"H05215",991.74
"H05216",987.43
"H05217",985.97
"H05218",982.45
"H05219",976.89
"H05220",968.9
"H05221",966.22
"H05222",961.35
"H05223",952.72
"H05224",949.82
"H05225",922.51
"H05226",919.34
"H05227",908
"H05228",908
"H05229",902.67
"H05230",884.77
"H05231",878.58
"H05232",874.92
"H05233",852.08
"H05234",837.84
"H05235",831.53
"H05236",829.94
"H05237",810.88
"H05238",807.85
"H05239",806.73
"H05240",800.69
"H05241",785.41
"H05242",784.92
"H05243",782.76
"H05244",780.15
"H05245",780
"H05246",768.91
"H05247",766.17
"H05248",759.63
"H05249",754.76
"H05250",748.78
"H05251",746.07
"H05252",735.16
"H05253",729.24
"H05254",727.54
"H05255",720.9
"H05256",718.1
"H05257",716.76
"H05258",709.61
"H05259",704.81
"H05260",691.23
"H05261",686.81
"H05262",684.61
"H05263",679.12
"H05264",675.65
"H05265",674.94
"H05266",661.37
"H05267",659.77
"H05268",651.3
"H05269",643.3
"H05270",634.73
"H05271",630.15
"H05272",626.98
"H05273",625.93
"H05274",623.17
"H05275",622.49
"H05276",599.8
"H05277",596.15
"H05278",594.12
"H05279",586.43
"H05280",581.44
"H05281",580.33
"H05282",578.78
"H05283",573.27
"H05284",570.75
"H05285",560.62
"H05286",549.26
"H05287",545.69
"H05288",541.8
"H05289",537.28
"H05290",534.92
"H05291",532.12
"H05292",530.33
"H05293",528.89
"H05294",523.89
"H05295",523.32
"H05296",516.68
"H05297",514.68
"H05298",489.76
"H05299",489.51
"H05300",485.38
"H05301",483.1
"H05302",473.25
"H05303",469.36
"H05304",451.75
"H05305",445.85
"H05306",443.19
"H05307",441.4
"H05308",440.51
"H05309",439.95
"H05310",437.77
"H05311",437.34
"H05312",435.51
"H05313",422.54
"H05314",417.39
"H05315",414.23
"H05316",412.16
"H05317",410.4
"H05318",409.91
"H05319",403.78
"H05320",383.63
"H05321",378.52
"H05322",360.36
"H05323",357.72
"H05324",342.04
"H05325",331.45
"H05326",324.9
"H05327",324.43
"H05328",306.7
"H05329",305.48
"H05330",298.22
"H05331",286
"H05332",272.89
"H05333",265.23
"H05334",263.34
"H05335",262.18
"H05336",243
"H05337",235.84
"H05338",233.78
"H05339",227.72
"H05340",226.27
"H05341",225
"H05342",225
"H05343",224.27
"H05344",218.01
"H05345",200
"H05346",194.44
"H05347",172.26
"H05348",164.74
"H05349",142.74
"H05350",140.04
"H05351",120
"H05352",65.45
"H05353",65
"H05354",11669.62
"H05355",11599.69
"H05356",11334.49
"H05357",10271.83
"H05358",10067.47
"H05359",9319.94
"H05360",9200.62
"H05361",8938.81
"H05362",8170.69
"H05363",8107.8
"H05364",7966.3
"H05365",7676.44
"H05366",7354.57
"H05367",7328.82
"H05368",7273.75
"H05369",7173.95
"H05370",6872.31
"H05371",6792.72
"H05372",6400.16
"H05373",6055.76
"H05374",5910.75
"H05375",5572.45
"H05376",5491.15
"H05377",5278.9
"H05378",4681
"H05379",4669.41
"H05380",4617.24
"H05381",4334.51
"H05382",4165.44
"H05383",4150.59
"H05384",4149.24
"H05385",4144.16
"H05386",4060.6
"H05387",4018.01
"H05388",4010
"H05389",3845.11
"H05390",3700.96
"H05391",3648
"H05392",3605.2
"H05393",3569.77
"H05394",3326.03
"H05395",3295.23
"H05396",3205.33
"H05397",3190.13
"H05398",3174.71
"H05399",3173.7
"H05400",3161.97
"H05401",2992.53
"H05402",2957.68
"H05403",2916
"H05404",2883.9
"H05405",2878.33
"H05406",2770.7
"H05407",2748.47
"H05408",2734.19
"H05409",2653.78
"H05410",2628.09
"H05411",2618.35
"H05412",2565.47
"H05413",2500
"H05414",2399.38
"H05415",2358.47
"H05416",2330.86
"H05417",2281.34
"H05418",2228.07
"H05419",2203.89
"H05420",2200.97
"H05421",2188.15
"H05422",2187.3
"H05423",2144.87
"H05424",2141.37
"H05425",2105.55
"H05426",2100.56
"H05427",1922.4
"H05428",1916.44
"H05429",1913.63
"H05430",1910
"H05431",1902.51
"H05432",1900
"H05433",1809.29
"H05434",1784.36
"H05435",1746.08
"H05436",1702.78
"H05437",1701.53
"H05438",1700
"H05439",1699.46
"H05440",1694.95
"H05441",1683.05
"H05442",1675.85
"H05443",1663.43
"H05444",1646
"H05445",1643.2
"H05446",1623.65
"H05447",1611.28
"H05448",1607.19
"H05449",1595.62
"H05450",1585.63
"H05451",1568.21
"H05452",1546.18
"H05453",1533.8
"H05454",1522.57
"H05455",1519.87
"H05456",1519.76
"H05457",1514.75
"H05458",1514.52
"H05459",1500
"H05460",1493.44
"H05461",1486.05
"H05462",1464.16
"H05463",1442.47
"H05464",1442.32
"H05465",1406.98
"H05466",1400
"H05467",1383.07
"H05468",1371.76
"H05469",1367.13
"H05470",1353
"H05471",1339.86
"H05472",1338.85
"H05473",1338.36
"H05474",1324.74
"H05475",1317.3
"H05476",1294.25
"H05477",1257.9
"H05478",1245.25
"H05479",1240.74
"H05480",1231.25
"H05481",1222.6
"H05482",1220.72
"H05483",1217.24
"H05484",1212.65
"H05485",1201.33
"H05486",1189.83
"H05487",1179.49
"H05488",1151.46
"H05489",1143.37
"H05490",1142.28
"H05491",1141.11
"H05492",1133.6
"H05493",1123.07
"H05494",1111.39
"H05495",1101.36
"H05496",1100.39
"H05497",1097.92
"H05498",1095.07
"H05499",1093.36
"H05500",1084
"H05501",1074.51
"H05502",1049.61
"H05503",1039.44
"H05504",1038.07
"H05505",1012.67
"H05506",1011
"H05507",1004.35
"H05508",1000
"H05509",994.78
"H05510",989.94
"H05511",984.28
"H05512",972.02
"H05513",947.26
"H05514",936.38
"H05515",925
"H05516",891.42
"H05517",883.52
"H05518",881.44
"H05519",873.68
"H05520",865.47
"H05521",860.89
"H05522",857.65
"H05523",855.93
"H05524",853.65
"H05525",851.8
"H05526",849.66
"H05527",843.54
"H05528",838.65
"H05529",803.57
"H05530",803.39
"H05531",803.25
"H05532",803.22
"H05533",801.28
"H05534",800.89
"H05535",781.78
"H05536",759.89
"H05537",752.3
"H05538",752.1
"H05539",750
"H05540",750
"H05541",744.87
"H05542",741.13
"H05543",733.78
"H05544",731.99
"H05545",701.3
"H05546",692.58
"H05547",688.76
"H05548",681.24
"H05549",681.04
"H05550",677.29
"H05551",676.5
"H05552",675
"H05553",672.39
"H05554",669.9
"H05555",665.44
"H05556",659.98
"H05557",659.17
"H05558",659.13
"H05559",650.38
"H05560",640.09
"H05561",636.71
"H05562",636.33
"H05563",622.27
"H05564",614.92
"H05565",608.83
"H05566",595
"H05567",592.02
"H05568",591.67
"H05569",587.86
"H05570",587.74
"H05571",580.05
"H05572",573.03
"H05573",572.77
"H05574",563.86
"H05575",555.58
"H05576",547.85
"H05577",547.09
"H05578",538.41
"H05579",525
"H05580",520.88
"H05581",520.5
"H05582",520.33
"H05583",518.87
"H05584",513.84
"H05585",511.92
"H05586",505.11
"H05587",493.79
"H05588",486.16
"H05589",485.77
"H05590",477.36
"H05591",466.36
"H05592",464.93
"H05593",458.82
"H05594",450.54
"H05595",441.49
"H05596",439.97
"H05597",436.76
"H05598",431.98
"H05599",431.5
"H05600",427.94
"H05601",426.1
"H05602",424.28
"H05603",423.75
"H05604",422.95
"H05605",416.2
"H05606",412.83
"H05607",410.5
"H05608",410.14
"H05609",402.8
"H05610",376.99
"H05611",350.17
"H05612",344.1
"H05613",342.42
"H05614",341
"H05615",337.96
"H05616",334.53
"H05617",325.36
"H05618",323.77
"H05619",319.73
"H05620",318.09
"H05621",312.97
"H05622",302.1
"H05623",300
"H05624",299.74
"H05625",289
"H05626",288.43
"H05627",287.03
"H05628",280.67
"H05629",274.3
"H05630",266.05
"H05631",259.43
"H05632",228.05
"H05633",206.7
"H05634",186.56
"H05635",165
"H05636",150
"H05637",142.2
"H05638",113.92
"H05639",113.33
"H05640",97.04
"H05641",84.79
"H05642",74.72
"H05643",53.8
"H05644",50
"H05645",47.76
"H05646",41.75
"H05647",32
"H05648",31.57
"H05649",16208.05
"H05650",16175
"H05651",15845
"H05652",14908.67
"H05653",12091.48
"H05654",10154.37
"H05655",9668.22
"H05656",8869.98
"H05657",7964.72
"H05658",7571.58
"H05659",7524.01
"H05660",7136.8
"H05661",6832.98
"H05662",6210.85
"H05663",6055.33
"H05664",5882
"H05665",5811.16
"H05666",5671.92
"H05667",5598.05
"H05668",5482.68
"H05669",5370.19
"H05670",5143.65
"H05671",4872.03
"H05672",4809.75
"H05673",4536.19
"H05674",4234.65
"H05675",4171.55
"H05676",4155.69
"H05677",4120.68
"H05678",4118.55
"H05679",4112.56
"H05680",4078.3
"H05681",4000
"H05682",3942.63
"H05683",3820.68
"H05684",3740.13
"H05685",3696
"H05686",3675
"H05687",3660.97
"H05688",3626.77
"H05689",3570.96
"H05690",3332.79
"H05691",3321.59
"H05692",3302.34
"H05693",3285.5
"H05694",3283.81
"H05695",3265.31
"H05696",3240
"H05697",3239.11
"H05698",3211.1
"H05699",3204.38
"H05700",3199.62
"H05701",3100.58
"H05702",3085.09
"H05703",3070.28
"H05704",3043.57
"H05705",3038.81
"H05706",3022.65
"H05707",3021.88
"H05708",2965.24
"H05709",2941.5
"H05710",2908.31
"H05711",2895.89
"H05712",2873.55
"H05713",2802.98
"H05714",2713.54
"H05715",2710.63
"H05716",2668.81
"H05717",2634.39
"H05718",2594.2
"H05719",2563.43
"H05720",2558.85
"H05721",2528.7
"H05722",2520.09
"H05723",2500.47
"H05724",2482.18
"H05725",2442.97
"H05726",2420.85
"H05727",2384.36
"H05728",2372.51
"H05729",2348.28
"H05730",2319.89
"H05731",2313.46
"H05732",2305.79
"H05733",2268.35
"H05734",2264.77
"H05735",2262.15
"H05736",2255.89
"H05737",2231.99
"H05738",2148.8
"H05739",2127.22
"H05740",2100
"H05741",2095.41
"H05742",2094.49
"H05743",2040.35
"H05744",2027.99
"H05745",2011.49
"H05746",1987.68
"H05747",1978.97
"H05748",1967.97
"H05749",1962.91
"H05750",1907.39
"H05751",1869.49
"H05752",1836.11
"H05753",1788.06
"H05754",1787.42
"H05755",1770.63
"H05756",1769.15
"H05757",1764.12
"H05758",1758.73
"H05759",1722.29
"H05760",1720.09
"H05761",1712.08
"H05762",1694.74
"H05763",1665.54
"H05764",1640.69
"H05765",1637.69
"H05766",1625.17
"H05767",1625
"H05768",1620.73
"H05769",1579.72
"H05770",1577.23
"H05771",1573.23
"H05772",1541.52
"H05773",1530.84
"H05774",1523.72
"H05775",1513.5
"H05776",1492.96
"H05777",1478.53
"H05778",1460.1
"H05779",1450
"H05780",1445.96
"H05781",1401.84
"H05782",1400.81
"H05783",1400.4
"H05784",1391.13
"H05785",1376.27
"H05786",1373.47
"H05787",1372.21
"H05788",1315.06
"H05789",1307.41
"H05790",1298.91
"H05791",1294.87
"H05792",1266.11
"H05793",1263.16
"H05794",1240.42
"H05795",1238.39
"H05796",1234.08
"H05797",1229
"H05798",1226.12
"H05799",1222.12
"H05800",1194.96
"H05801",1190.97
"H05802",1177.49
"H05803",1162.61
"H05804",1156.4
"H05805",1151.64
"H05806",1144.92
"H05807",1139.93
"H05808",1123.1
"H05809",1086.61
"H05810",1085.43
"H05811",1071.9
"H05812",1059.72
"H05813",1057.79
"H05814",1045.28
"H05815",1044.7
"H05816",1035.59
"H05817",1028.9
"H05818",1014.09
"H05819",1007.02
"H05820",996.19
"H05821",975.43
"H05822",967.19
"H05823",962.15
"H05824",961.26
"H05825",952.64
"H05826",951.8
"H05827",949.22
"H05828",948.53
"H05829",942.38
"H05830",937.31
"H05831",930.88
"H05832",927.36
"H05833",919.99
"H05834",913.34
"H05835",913.08
"H05836",896.83
"H05837",896.16
"H05838",895.01
"H05839",894.54
"H05840",894.35
"H05841",888.6
"H05842",880.5
"H05843",877.83
"H05844",871.59
"H05845",868.7
"H05846",865.15
"H05847",850.29
"H05848",848.25
"H05849",837.33
"H05850",831.03
"H05851",828.26
"H05852",816.3
"H05853",810
"H05854",806.24
"H05855",800
"H05856",800
"H05857",797.04
"H05858",789.28
"H05859",783.29
"H05860",779.49
"H05861",778.22
"H05862",777.74
"H05863",775
"H05864",771.06
"H05865",765.49
"H05866",763.53
"H05867",762.63
"H05868",755.29
"H05869",752.32
"H05870",750
"H05871",744.69
"H05872",741
"H05873",739.14
"H05874",732.64
"H05875",727.11
"H05876",727.02
"H05877",721.25
"H05878",720.61
"H05879",717.05
"H05880",708.94
"H05881",706.04
"H05882",675
"H05883",675
"H05884",674.44
"H05885",671.72
"H05886",669.45
"H05887",663.88
"H05888",650
"H05889",648.93
"H05890",647
"H05891",631.71
"H05892",628.83
"H05893",627.8
"H05894",627.19
"H05895",613.22
"H05896",612.29
"H05897",600
"H05898",597.08
"H05899",596.1
"H05900",589.6
"H05901",588.47
"H05902",588.32
"H05903",578.97
"H05904",564.22
"H05905",562.82
"H05906",558.45
"H05907",556.82
"H05908",547.9
"H05909",538.16
"H05910",528.83
"H05911",523.73
"H05912",504.91
"H05913",504.63
"H05914",504.47
"H05915",500
"H05916",497.37
"H05917",497
"H05918",496.92
"H05919",490
"H05920",487.8
"H05921",487.51
"H05922",483.74
"H05923",470.99
"H05924",464.86
"H05925",459.88
"H05926",442.7
"H05927",436.37
"H05928",428.52
"H05929",427.46
"H05930",427.35
"H05931",427.3
"H05932",420
"H05933",405.33
"H05934",403.56
"H05935",403.14
"H05936",401.79
"H05937",400.47
"H05938",400
"H05939",399.57
"H05940",398.25
"H05941",392.09
"H05942",384.77
"H05943",381.94
"H05944",381.39
"H05945",381.25
"H05946",362.15
"H05947",356.87
"H05948",355.86
"H05949",354.8
"H05950",351.12
"H05951",350
"H05952",336
"H05953",324.54
"H05954",322.48
"H05955",312.28
"H05956",310.9
"H05957",296.86
"H05958",295.32
"H05959",291.08
"H05960",291.01
"H05961",287.02
"H05962",272.48
"H05963",267.27
"H05964",260.61
"H05965",258.09
"H05966",250
"H05967",235.95
"H05968",227.61
"H05969",204.29
"H05970",200
"H05971",198.61
"H05972",175
"H05973",170.73
"H05974",125
"H05975",123.32
"H05976",90.64
"H05977",85.38
"H05978",42.59
"H05979",9.5
"H05980",16140.95
"H05981",12582.27
"H05982",11936.29
"H05983",11055.99
"H05984",10836.4
"H05985",10218.82
"H05986",9963.09
"H05987",9523.22
"H05988",8687.61
"H05989",8534.72
"H05990",7807.72
"H05991",7758.57
"H05992",7141.83
"H05993",6937.9
"H05994",6890.65
"H05995",6884.15
"H05996",6731.46
"H05997",6706.5
"H05998",6500.9
"H05999",6381.34
"H06000",6345.53
"H06001",6193.21
"H06002",6083.65
"H06003",5906.95
"H06004",5691.37
"H06005",5643.51
"H06006",5489.32
"H06007",5389.99
"H06008",5124.67
"H06009",5031.57
"H06010",4990.66
"H06011",4933.88
"H06012",4914.98
"H06013",4912.47
"H06014",4885.31
"H06015",4778
"H06016",4648.92
"H06017",4617.68
"H06018",4531.64
"H06019",4460.55
"H06020",4406.56
"H06021",4345.64
"H06022",4216.14
"H06023",4158.09
"H06024",4157.65
"H06025",4097.87
"H06026",4043.29
"H06027",3864
"H06028",3858.47
"H06029",3846.6
"H06030",3759.82
"H06031",3729.71
"H06032",3650.51
"H06033",3562.93
"H06034",3407.25
"H06035",3375.12
"H06036",3311.53
"H06037",3296.29
"H06038",3280.39
"H06039",3259.71
"H06040",3181.1
"H06041",3139.38
"H06042",3110.34
"H06043",3037.06
"H06044",3012.69
"H06045",2971.4
"H06046",2953.78
"H06047",2885.43
"H06048",2883.95
"H06049",2883.17
"H06050",2784.06
"H06051",2771.98
"H06052",2742.6
"H06053",2737.75
"H06054",2693.15
"H06055",2676.31
"H06056",2649.87
"H06057",2637.04
"H06058",2636.06
"H06059",2630.23
"H06060",2624
"H06061",2620
"H06062",2618.61
"H06063",2613.43
"H06064",2612.98
"H06065",2572.15
"H06066",2568.88
"H06067",2545
"H06068",2530.16
"H06069",2497.95
"H06070",2465.76
"H06071",2465
"H06072",2455.58
"H06073",2449.76
"H06074",2395.98
"H06075",2375.51
"H06076",2330.36
"H06077",2305
"H06078",2299.6
"H06079",2285.29
"H06080",2263.37
"H06081",2232.12
"H06082",2230.84
"H06083",2182.08
"H06084",2149
"H06085",2131
"H06086",2107.68
"H06087",2100
"H06088",2036.48
"H06089",2011.07
"H06090",1973.7
"H06091",1942.91
"H06092",1899.84
"H06093",1899
"H06094",1895.52
"H06095",1885.16
"H06096",1862.47
"H06097",1821.77
"H06098",1812.69
"H06099",1784.33
"H06100",1776.97
"H06101",1774.02
"H06102",1767.51
"H06103",1764
"H06104",1755.97
"H06105",1745.59
"H06106",1732.5
"H06107",1709.33
"H06108",1695.68
"H06109",1637.78
"H06110",1623.82
"H06111",1603.93
"H06112",1600.38
"H06113",1593
"H06114",1572.94
"H06115",1558.24
"H06116",1553.72
"H06117",1552.58
"H06118",1552.3
"H06119",1549.73
"H06120",1540.04
"H06121",1515.16
"H06122",1513.24
"H06123",1501.77
"H06124",1500
"H06125",1466.35
"H06126",1460.05
"H06127",1454.49
"H06128",1449.51
"H06129",1432.1
"H06130",1430.98
"H06131",1426.3
"H06132",1403.65
"H06133",1400
"H06134",1390.79
"H06135",1374
"H06136",1365.5
"H06137",1352.71
"H06138",1351.65
"H06139",1314.22
"H06140",1274.23
"H06141",1268.49
"H06142",1268.1
"H06143",1263.03
"H06144",1261.14
"H06145",1237.92
"H06146",1235.76
"H06147",1234.85
"H06148",1216.36
"H06149",1200.15
"H06150",1196.85
"H06151",1185.21
"H06152",1170.23
"H06153",1152.73
"H06154",1148.76
"H06155",1147.64
"H06156",1137.42
"H06157",1123.29
"H06158",1116.57
"H06159",1103.79
"H06160",1094.62
"H06161",1086.87
"H06162",1082.09
"H06163",1077.83
"H06164",1074.61
"H06165",1071.95
"H06166",1064.18
"H06167",1048.92
"H06168",1044.75
"H06169",1040.44
"H06170",1019.18
"H06171",1013.06
"H06172",995.3
"H06173",995.03
"H06174",989.29
"H06175",973.11
"H06176",972.85
"H06177",970.7
"H06178",968.8
"H06179",968.58
"H06180",965
"H06181",958.04
"H06182",944
"H06183",941.92
"H06184",925.51
"H06185",919.7
"H06186",908.1
"H06187",900.27
"H06188",894.5
"H06189",894.33
"H06190",874.04
"H06191",873.15
"H06192",870.75
"H06193",866.37
"H06194",863.08
"H06195",862.33
"H06196",860.56
"H06197",857.87
"H06198",854.1
"H06199",852.32
"H06200",840.58
"H06201",835.13
"H06202",833.33
"H06203",824.05
"H06204",812.41
"H06205",808.49
"H06206",804.64
"H06207",803.48
"H06208",802.66
"H06209",785
"H06210",783.52
"H06211",769.15
"H06212",768.07
"H06213",765.74
"H06214",762
"H06215",750
"H06216",748.73
"H06217",747.82
"H06218",746.67
"H06219",736.48
"H06220",730.49
"H06221",718.75
"H06222",715.64
"H06223",714.74
"H06224",713.73
"H06225",710.57
"H06226",703.96
"H06227",701.15
"H06228",700.59
"H06229",698.45
"H06230",694.7
"H06231",692.34
"H06232",689.92
"H06233",689.9
"H06234",681.91
"H06235",660.76
"H06236",645.97
"H06237",645.92
"H06238",629.94
"H06239",628.96
"H06240",628.77
"H06241",622.64
"H06242",612.03
"H06243",611.57
"H06244",593.91
"H06245",590.39
"H06246",581.33
"H06247",570.67
"H06248",568.31
"H06249",568.01
"H06250",567.11
"H06251",564.48
"H06252",562.85
"H06253",560.2
"H06254",550.15
"H06255",545.4
"H06256",542.28
"H06257",540.39
"H06258",536.77
"H06259",528.44
"H06260",524.56
"H06261",511.5
"H06262",511.17
"H06263",507.76
"H06264",505.78
"H06265",501.15
"H06266",499.51
"H06267",499.29
"H06268",497.6
"H06269",493.58
"H06270",493.3
"H06271",488.96
"H06272",485.95
"H06273",485.05
"H06274",479.69
"H06275",476.67
"H06276",468.9
"H06277",452.45
"H06278",448.77
"H06279",436.59
"H06280",431.88
"H06281",419.27
"H06282",411.45
"H06283",404.7
"H06284",400.25
"H06285",395.22
"H06286",395.15
"H06287",392.7
"H06288",389.87
"H06289",382.74
"H06290",381.07
"H06291",364.49
"H06292",348.75
"H06293",346.11
"H06294",343.12
"H06295",343.01
"H06296",337.12
"H06297",326.75
"H06298",323.12
"H06299",311.11
"H06300",309.02
"H06301",308.6
"H06302",307.11
"H06303",306.68
"H06304",260.94
"H06305",257.18
"H06306",256.44
"H06307",255.15
"H06308",245.28
"H06309",216.05
"H06310",214.5
"H06311",204
"H06312",200
"H06313",182.86
"H06314",159.25
"H06315",157.29
"H06316",155.55
"H06317",100.51
"H06318",100
"H06319",97.61
"H06320",97
"H06321",94.49
"H06322",76.55
"H06323",73.29
"H06324",65.44
"H06325",64.19
"H06326",61.34
"H06327",55
"H06328",16493.89
"H06329",12840.97
"H06330",11882.08
"H06331",11714
"H06332",9886.05
"H06333",9126.38
"H06334",8695.91
"H06335",8676.89
"H06336",8332.26
"H06337",8247.68
"H06338",8185.88
"H06339",8116.02
"H06340",7681.88
"H06341",7617.74
"H06342",7470.43
"H06343",7453.37
"H06344",7346.8
"H06345",7271.87
"H06346",7020.35
"H06347",6953.43
"H06348",6852.97
"H06349",6353.97
"H06350",6224.4
"H06351",6167.91
"H06352",6117.43
"H06353",6080.52
"H06354",6004.24
"H06355",5915.24
"H06356",5736.48
"H06357",5559.99
"H06358",5556.29
"H06359",5467.37
"H06360",5405.21
"H06361",5170.83
"H06362",5090.77
"H06363",4836.97
"H06364",4799.3
"H06365",4731.81
"H06366",4651.87
"H06367",4507.41
"H06368",4469.17
"H06369",4462.81
"H06370",4453.94
"H06371",4406.27
"H06372",4216.84
"H06373",4179.35
"H06374",4155.74
"H06375",4134.56
"H06376",4129.02
"H06377",4068.18
"H06378",4013.95
"H06379",3950.69
"H06380",3933.49
"H06381",3920.72
"H06382",3883
"H06383",3875.35
"H06384",3807.25
"H06385",3803.6
"H06386",3700
"H06387",3598.43
"H06388",3520.36
"H06389",3492
"H06390",3481.56
"H06391",3479.04
"H06392",3454.42
"H06393",3453.87
"H06394",3362.5
"H06395",3356.72
"H06396",3337.63
"H06397",3311.42
"H06398",3311.37
"H06399",3296.37
"H06400",3263.54
"H06401",3208.03
"H06402",3191.16
"H06403",3189.51
"H06404",3160
"H06405",3084.31
"H06406",3083.87
"H06407",3015.35
"H06408",3002.12
"H06409",2987.49
"H06410",2976.8
"H06411",2952.27
"H06412",2940.26
"H06413",2897.28
"H06414",2850
"H06415",2829.38
"H06416",2826.44
"H06417",2814.95
"H06418",2732.69
"H06419",2704.34
"H06420",2695.52
"H06421",2689.84
"H06422",2679.83
"H06423",2675.56
"H06424",2607.72
"H06425",2579.5
"H06426",2545.65
"H06427",2514.96
"H06428",2500
"H06429",2500
"H06430",2483.38
"H06431",2479.37
"H06432",2472.16
"H06433",2464.86
"H06434",2456.67
"H06435",2445.76
"H06436",2421.33
"H06437",2397.27
"H06438",2381.3
"H06439",2372.43
"H06440",2369.84
"H06441",2355
"H06442",2354.25
"H06443",2353.79
"H06444",2334.63
"H06445",2334.15
"H06446",2315.66
"H06447",2249.16
"H06448",2231.46
"H06449",2226
"H06450",2195.29
"H06451",2193.83
"H06452",2174.44
"H06453",2154.34
"H06454",2152.01
"H06455",2146.29
"H06456",2136.97
"H06457",2125.43
"H06458",2113.8
"H06459",2109.56
"H06460",2082.47
"H06461",2078.19
"H06462",2045.36
"H06463",2007
"H06464",2006.62
"H06465",1997.5
"H06466",1997.36
"H06467",1986.5
"H06468",1972.13
"H06469",1927.92
"H06470",1922.13
"H06471",1900.36
"H06472",1893.43
"H06473",1880.55
"H06474",1877.04
"H06475",1871.45
"H06476",1852.39
"H06477",1851.72
"H06478",1835.11
"H06479",1835
"H06480",1808
"H06481",1805.64
"H06482",1799.75
"H06483",1799.66
"H06484",1758.08
"H06485",1737.09
"H06486",1729.19
"H06487",1727.14
"H06488",1722.39
"H06489",1718.52
"H06490",1716.48
"H06491",1713.09
"H06492",1682.32
"H06493",1664.75
"H06494",1659.39
"H06495",1656.74
"H06496",1638.61
"H06497",1635
"H06498",1624.7
"H06499",1603.73
"H06500",1586.12
"H06501",1563.22
"H06502",1562.74
"H06503",1554.65
"H06504",1542.63
"H06505",1540.89
"H06506",1532.37
"H06507",1525.54
"H06508",1522.28
"H06509",1515.82
"H06510",1508.02
"H06511",1504.31
"H06512",1493.88
"H06513",1482.41
"H06514",1467.47
"H06515",1450.66
"H06516",1450
"H06517",1438.06
"H06518",1436.79
"H06519",1434.74
"H06520",1434.16
"H06521",1425.75
"H06522",1417.96
"H06523",1408.97
"H06524",1407.91
"H06525",1400
"H06526",1375.26
"H06527",1350
"H06528",1348.14
"H06529",1339.19
"H06530",1321.31
"H06531",1311.36
"H06532",1266.74
"H06533",1263.97
"H06534",1263.22
"H06535",1261.83
"H06536",1261.15
"H06537",1259.68
"H06538",1250
"H06539",1247.34
"H06540",1234.27
"H06541",1220.37
"H06542",1205.26
"H06543",1204.08
"H06544",1202.04
"H06545",1200
"H06546",1185.21
"H06547",1184.54
"H06548",1180.45
"H06549",1178.97
"H06550",1162.77
"H06551",1157.56
"H06552",1156.38
"H06553",1155.18
"H06554",1154.64
"H06555",1152.08
"H06556",1150.72
"H06557",1139.36
"H06558",1121.22
"H06559",1120
"H06560",1118.96
"H06561",1091.06
"H06562",1084.3
"H06563",1071.7
"H06564",1071.44
"H06565",1070.34
"H06566",1056.89
"H06567",1040.58
"H06568",1038.76
"H06569",1037.08
"H06570",1029.67
"H06571",1024.8
"H06572",1021.35
"H06573",1019.76
"H06574",1012.73
"H06575",1000.17
"H06576",1000
"H06577",992.95
"H06578",991.26
"H06579",989
"H06580",983.23
"H06581",977.32
"H06582",970
"H06583",960.4
"H06584",958.87
"H06585",956.84
"H06586",954.26
"H06587",949.15
"H06588",948.35
"H06589",946.91
"H06590",942.04
"H06591",941.73
"H06592",939.13
"H06593",935.97
"H06594",925.48
"H06595",922.15
"H06596",914.11
"H06597",912.89
"H06598",891.16
"H06599",891
"H06600",885.61
"H06601",885.1
"H06602",882.83
"H06603",870.77
"H06604",867.75
"H06605",865.94
"H06606",864.02
"H06607",862.57
"H06608",855.74
"H06609",852.2
"H06610",844.3
"H06611",841.01
"H06612",838.87
"H06613",838.76
"H06614",832.63
"H06615",831.27
"H06616",829.64
"H06617",828.38
"H06618",824.95
"H06619",824.84
"H06620",811.23
"H06621",806.22
"H06622",804.24
"H06623",800
"H06624",789.69
"H06625",789.1
"H06626",788.11
"H06627",780.86
"H06628",780.68
"H06629",779.14
"H06630",777.6
"H06631",775.79
"H06632",765.09
"H06633",764.52
"H06634",757.8
"H06635",754.3
"H06636",753.73
"H06637",738.11
"H06638",734.38
"H06639",728.19
"H06640",725.77
"H06641",722.25
"H06642",704.04
"H06643",700
"H06644",694.8
"H06645",688.07
"H06646",687.81
"H06647",686.98
"H06648",684.48
"H06649",682.45
"H06650",680.24
"H06651",678.18
"H06652",677.6
"H06653",673.86
"H06654",670.39
"H06655",665.21
"H06656",663.79
"H06657",656.78
"H06658",653.36
"H06659",651.74
"H06660",646.52
"H06661",641.94
"H06662",641.79
"H06663",627.49
"H06664",624.79
"H06665",621.86
"H06666",606.83
"H06667",597.92
"H06668",594.07
"H06669",588.94
"H06670",584.08
"H06671",582.32
"H06672",576.69
"H06673",573.56
"H06674",564.16
"H06675",563.61
"H06676",560
"H06677",549.52
"H06678",540.88
"H06679",533.72
"H06680",531.21
"H06681",519.62
"H06682",519.54
"H06683",517.19
"H06684",512.5
"H06685",497.26
"H06686",493.95
"H06687",487.66
"H06688",480.61
"H06689",480.1
"H06690",479.54
"H06691",470
"H06692",468.33
"H06693",459.41
"H06694",455.16
"H06695",453.55
"H06696",448.56
"H06697",446.88
"H06698",445.8
"H06699",441.8
"H06700",436.91
"H06701",431.77
"H06702",428.38
"H06703",426.42
"H06704",422.5
"H06705",421.99
"H06706",416.09
"H06707",413.77
"H06708",413.44
"H06709",413.3
"H06710",409.23
"H06711",403.01
"H06712",401.8
"H06713",384.41
"H06714",384.34
"H06715",383.57
"H06716",383.13
"H06717",382.77
"H06718",382.13
"H06719",382.04
"H06720",377.6
"H06721",375.89
"H06722",375.07
"H06723",370.64
"H06724",367.92
"H06725",361.8
"H06726",351.62
"H06727",350
"H06728",328.64
"H06729",327.68
"H06730",326.43
"H06731",319.94
"H06732",319.79
"H06733",308.47
"H06734",282.69
"H06735",281.69
"H06736",276.78
"H06737",271.14
"H06738",269.92
"H06739",269.87
"H06740",269.28
"H06741",264.34
"H06742",262.68
"H06743",261.45
"H06744",261
"H06745",259.3
"H06746",250
"H06747",250
"H06748",249.22
"H06749",246
"H06750",245.79
"H06751",242.79
"H06752",227.5
"H06753",209.7
"H06754",207.85
"H06755",200
"H06756",198.07
"H06757",195.6
"H06758",180.58
"H06759",175
"H06760",161.48
"H06761",160
"H06762",152.72
"H06763",136.45
"H06764",129
"H06765",117.84
"H06766",103.87
"H06767",64.62
"H06768",47.41
"H06769",39.31
"H06770",35
"H06771",27.46
"H06772",25
"H06773",21.58
